rapida,lenta,modo,razao,stop_pct,alvo_pct,stop_pts,alvo_pts,n_tr,sharpe_tr,ret_tr,acerto_tr,n_ho,sharpe_ho,ret_ho,acerto_ho
10,50,0,0.75,0.008,0.006,446.2526691507221,334.6895018630416,11840,-0.37311755089926174,-30.598,0.5725506756756756,3867,-0.34646343455112194,-9.238199999999999,0.5865011636927852
10,50,0,1.0,0.008,0.008,446.2526691507221,446.2526691507221,10041,-0.33026651265377255,-26.530599999999996,0.4973608206353949,3189,-0.3133695685464827,-7.995399999999998,0.5058011915961116
10,50,0,1.3333333333333333,0.008,0.010666666666666666,446.2526691507221,595.0035588676294,8443,-0.2900361632377411,-22.594466666666666,0.42449366338979033,2602,-0.28556431497828966,-6.8612,0.4265949269792467
10,50,0,2.0,0.008,0.016,446.2526691507221,892.5053383014442,6492,-0.23581371008987115,-17.2872,0.3307147258163894,1953,-0.21574627377678718,-4.7898,0.33947772657450076
10,50,0,3.0,0.008,0.024,446.2526691507221,1338.7580074521663,5003,-0.19313833383131934,-13.351799999999995,0.24785128922646413,1487,-0.17519563479028252,-3.6341999999999985,0.2548755884330868
10,50,0,0.75,0.015,0.01125,836.7237546576039,627.5428159932029,5291,-0.21696742336277391,-14.949099999999998,0.5628425628425628,1616,-0.236996429514286,-5.000349999999999,0.5525990099009901
10,50,0,1.0,0.015,0.015,836.7237546576039,836.7237546576039,4299,-0.1795965144158021,-11.582399999999996,0.49685973482205165,1293,-0.18022852350790042,-3.4967999999999986,0.4965197215777262
10,50,0,1.3333333333333333,0.015,0.019999999999999997,836.7237546576039,1115.6316728768052,3447,-0.14547418495387968,-8.6922,0.4308093994778068,1020,-0.17474047427680586,-3.077,0.4166666666666667
10,50,0,2.0,0.015,0.03,836.7237546576039,1673.4475093152078,2526,-0.13221500667606842,-7.062599999999996,0.32897862232779096,740,-0.14561647980892728,-2.2689999999999992,0.32297297297297295
10,50,0,3.0,0.015,0.045,836.7237546576039,2510.1712639728116,1828,-0.13415902171585442,-6.252799999999999,0.2363238512035011,525,-0.06916891268247506,-0.9600000000000001,0.26285714285714284
10,50,0,0.75,0.025,0.018750000000000003,1394.5395910960067,1045.904693322005,2460,-0.1109491999676642,-5.902249999999993,0.5760162601626017,698,-0.13663281291535675,-2.0710499999999983,0.5630372492836676
10,50,0,1.0,0.025,0.025,1394.5395910960067,1394.5395910960067,1939,-0.09727260705317996,-4.716399999999997,0.5033522434244456,543,-0.09470858650535215,-1.286799999999999,0.5046040515653776
10,50,0,1.3333333333333333,0.025,0.03333333333333333,1394.5395910960067,1859.386121461342,1509,-0.1059716633706048,-4.606733333333333,0.4208084824387011,420,-0.08995935590190557,-1.0919999999999999,0.42857142857142855
10,50,0,2.0,0.025,0.05,1394.5395910960067,2789.0791821920134,1077,-0.14423027675775754,-5.3502,0.30176415970287834,294,-0.036953836484529684,-0.38939999999999986,0.35034013605442177
10,50,0,3.0,0.025,0.07500000000000001,1394.5395910960067,4183.61877328802,776,-0.10102904382285194,-3.3175999999999997,0.23324742268041238,201,-0.16449578117420288,-1.3476,0.208955223880597
10,50,0,0.75,0.04,0.03,2231.2633457536103,1673.4475093152078,1089,-0.08287743927990857,-3.1313999999999984,0.5674931129476584,293,-0.07103408749666207,-0.7217999999999997,0.5733788395904437
10,50,0,1.0,0.04,0.04,2231.2633457536103,2231.2633457536103,855,-0.10361309517447179,-3.5429999999999984,0.4807017543859649,236,-0.022599426252787626,-0.21359999999999957,0.5211864406779662
10,50,0,1.3333333333333333,0.04,0.05333333333333333,2231.2633457536103,2975.0177943381473,670,-0.13703799685197854,-4.182,0.3895522388059702,169,-0.03729658150455188,-0.2927333333333335,0.4378698224852071
10,50,0,2.0,0.04,0.08,2231.2633457536103,4462.526691507221,475,-0.1418613112391093,-3.675,0.2905263157894737,113,-0.0394418912487952,-0.2537999999999999,0.336283185840708
10,50,0,3.0,0.04,0.12,2231.2633457536103,6693.790037260831,333,-0.05354313298925074,-1.2258,0.24324324324324326,79,-0.09097297033574214,-0.4853999999999999,0.22784810126582278
10,50,0,0.75,0.06,0.045,3346.8950186304155,2510.1712639728116,543,-0.06578222655617451,-1.8618000000000008,0.56353591160221,135,-0.05196583881238177,-0.3660000000000002,0.5703703703703704
10,50,0,1.0,0.06,0.06,3346.8950186304155,3346.8950186304155,423,-0.06454812472642502,-1.6397999999999993,0.48936170212765956,102,-0.20170938696880583,-1.2252,0.4215686274509804
10,50,0,1.3333333333333333,0.06,0.07999999999999999,3346.8950186304155,4462.526691507221,337,-0.07644559000855054,-1.7762000000000027,0.4094955489614243,74,-0.08443378420687128,-0.4324000000000006,0.40540540540540543
10,50,0,2.0,0.06,0.12,3346.8950186304155,6693.790037260831,222,-0.011429408137581872,-0.21720000000000034,0.34234234234234234,55,0.03266582735912676,0.1569999999999998,0.36363636363636365
10,50,0,3.0,0.06,0.18,3346.8950186304155,10040.685055891247,147,-0.00530363086137163,-0.08219999999999966,0.2585034013605442,38,-0.27856098444452476,-0.9388000000000001,0.15789473684210525
10,50,1,0.75,0.008,0.006,446.2526691507221,334.6895018630416,9883,-0.37166811693954455,-25.4358,0.5733077000910655,3285,-0.35148040626898,-7.968999999999999,0.5838660578386605
10,50,1,1.0,0.008,0.008,446.2526691507221,446.2526691507221,8482,-0.3127438144811313,-21.221199999999996,0.506130629568498,2749,-0.3144110059920676,-6.915399999999998,0.505274645325573
10,50,1,1.3333333333333333,0.008,0.010666666666666666,446.2526691507221,595.0035588676294,7131,-0.27765129238455744,-18.3006,0.43037442153975597,2281,-0.26814476712066354,-5.661266666666667,0.4348969750109601
10,50,1,2.0,0.008,0.016,446.2526691507221,892.5053383014442,5661,-0.2156957714556284,-13.878599999999995,0.3395159865748101,1747,-0.20549626587949824,-4.094199999999999,0.3440183171150544
10,50,1,3.0,0.008,0.024,446.2526691507221,1338.7580074521663,4419,-0.17654498132570734,-10.873399999999997,0.25435618918307307,1321,-0.16512159069708057,-3.058599999999999,0.25889477668433003
10,50,1,0.75,0.015,0.01125,836.7237546576039,627.5428159932029,4755,-0.21420951980637687,-13.259249999999998,0.564248159831756,1474,-0.2017911758082242,-3.8661499999999993,0.5705563093622795
10,50,1,1.0,0.015,0.015,836.7237546576039,836.7237546576039,3918,-0.16260216774811198,-9.556799999999997,0.5053598774885145,1187,-0.1656861220202538,-2.9511999999999987,0.5037910699241785
10,50,1,1.3333333333333333,0.015,0.019999999999999997,836.7237546576039,1115.6316728768052,3173,-0.15324936987127197,-8.419799999999999,0.4270406555310432,980,-0.16482179674412967,-2.793,0.42142857142857143
10,50,1,2.0,0.015,0.03,836.7237546576039,1673.4475093152078,2360,-0.11381847622284463,-5.7159999999999975,0.33728813559322035,710,-0.11833232732214043,-1.7859999999999991,0.3352112676056338
10,50,1,3.0,0.015,0.045,836.7237546576039,2510.1712639728116,1733,-0.12037833244993681,-5.360799999999999,0.24177726485862666,515,-0.11311350440990144,-1.5039999999999996,0.2446601941747573
10,50,1,0.75,0.025,0.018750000000000003,1394.5395910960067,1045.904693322005,2283,-0.1275117325461967,-6.310799999999993,0.5676741130091985,676,-0.10908701950449193,-1.5950999999999984,0.5769230769230769
10,50,1,1.0,0.025,0.025,1394.5395910960067,1394.5395910960067,1864,-0.12437874478300873,-5.7963999999999976,0.4898068669527897,533,-0.06084760084507982,-0.8107999999999989,0.5215759849906192
10,50,1,1.3333333333333333,0.025,0.03333333333333333,1394.5395910960067,1859.386121461342,1459,-0.11581435845592582,-4.8600666666666665,0.4160383824537354,405,-0.13877183242956773,-1.611333333333333,0.4049382716049383
10,50,1,2.0,0.025,0.05,1394.5395910960067,2789.0791821920134,1067,-0.1398646548158195,-5.1492,0.3036551077788191,296,-0.10062226272402286,-1.0445999999999998,0.32094594594594594
10,50,1,3.0,0.025,0.07500000000000001,1394.5395910960067,4183.61877328802,760,-0.0887818937035721,-2.8760000000000003,0.2381578947368421,203,-0.1839413698854987,-1.5028000000000004,0.2019704433497537
10,50,1,0.75,0.04,0.03,2231.2633457536103,1673.4475093152078,1046,-0.04186778228388326,-1.5095999999999978,0.5879541108986616,300,-0.07778019637971595,-0.8099999999999995,0.57
10,50,1,1.0,0.04,0.04,2231.2633457536103,2231.2633457536103,822,-0.07225720396529418,-2.3771999999999984,0.49635036496350365,241,-0.05244678874408879,-0.5065999999999995,0.5062240663900415
10,50,1,1.3333333333333333,0.04,0.05333333333333333,2231.2633457536103,2975.0177943381473,640,-0.13806817529542084,-4.024000000000001,0.3890625,181,-0.11947554353608279,-0.9906000000000004,0.39779005524861877
10,50,1,2.0,0.04,0.08,2231.2633457536103,4462.526691507221,450,-0.09469763845595444,-2.369999999999999,0.3111111111111111,118,-0.10794661927383298,-0.7067999999999998,0.3050847457627119
10,50,1,3.0,0.04,0.12,2231.2633457536103,6693.790037260831,317,-0.08529234122535058,-1.8242000000000003,0.2302839116719243,80,-0.1645865885094758,-0.8480000000000001,0.2
10,50,1,0.75,0.06,0.045,3346.8950186304155,2510.1712639728116,535,-0.041418224254297094,-1.1510000000000011,0.5757009345794393,137,-0.06857364611999295,-0.4912000000000003,0.5620437956204379
10,50,1,1.0,0.06,0.06,3346.8950186304155,3346.8950186304155,399,-0.08088301850042177,-1.9373999999999996,0.48120300751879697,103,-0.13057533052645065,-0.8077999999999995,0.4563106796116505
10,50,1,1.3333333333333333,0.06,0.07999999999999999,3346.8950186304155,4462.526691507221,322,-0.06914649930796479,-1.5372000000000026,0.41304347826086957,76,-0.07933579646809247,-0.41760000000000075,0.40789473684210525
10,50,1,2.0,0.06,0.12,3346.8950186304155,6693.790037260831,216,-0.040511320064964634,-0.7416000000000003,0.3287037037037037,55,-0.12406781393787217,-0.5630000000000002,0.2909090909090909
10,50,1,3.0,0.06,0.18,3346.8950186304155,10040.685055891247,145,-0.06198040232281211,-0.9169999999999996,0.23448275862068965,37,-0.26404984894135386,-0.8762000000000001,0.16216216216216217
10,100,0,0.75,0.008,0.006,446.2526691507221,334.6895018630416,9285,-0.3737579557660134,-24.039,0.5722132471728595,3153,-0.3835346522763394,-8.3898,0.5670789724072313
10,100,0,1.0,0.008,0.008,446.2526691507221,446.2526691507221,8033,-0.32784412525122414,-21.069799999999994,0.49856840532802194,2691,-0.33424253253598446,-7.196599999999999,0.4953548866592345
10,100,0,1.3333333333333333,0.008,0.010666666666666666,446.2526691507221,595.0035588676294,6883,-0.27803693840884036,-17.687800000000003,0.43019032398663376,2238,-0.28059035440636054,-5.8028,0.4289544235924933
10,100,0,2.0,0.008,0.016,446.2526691507221,892.5053383014442,5506,-0.2366127853596769,-14.707599999999996,0.3303668725027243,1728,-0.22049160847903407,-4.324799999999999,0.33738425925925924
10,100,0,3.0,0.008,0.024,446.2526691507221,1338.7580074521663,4348,-0.19234007429419914,-11.560799999999997,0.2481600735970561,1324,-0.18563779144825748,-3.410399999999999,0.25075528700906347
10,100,0,0.75,0.015,0.01125,836.7237546576039,627.5428159932029,4439,-0.1986099549752984,-11.451399999999998,0.5722009461590448,1398,-0.21530355062079284,-3.9197999999999986,0.5636623748211731
10,100,0,1.0,0.015,0.015,836.7237546576039,836.7237546576039,3673,-0.17521559394054637,-9.654799999999996,0.4990471004628369,1134,-0.1609289209762275,-2.7383999999999986,0.5061728395061729
10,100,0,1.3333333333333333,0.015,0.019999999999999997,836.7237546576039,1115.6316728768052,3031,-0.1405711043072427,-7.390599999999999,0.4331903662157704,943,-0.16792036350974102,-2.7367999999999997,0.41993637327677624
10,100,0,2.0,0.015,0.03,836.7237546576039,1673.4475093152078,2273,-0.09429505596548479,-4.589799999999997,0.3462384513858337,706,-0.15529483527743285,-2.3005999999999993,0.31869688385269124
10,100,0,3.0,0.015,0.045,836.7237546576039,2510.1712639728116,1671,-0.10407296173446444,-4.509599999999999,0.2483542788749252,519,-0.12747837035093887,-1.6943999999999995,0.23892100192678228
10,100,0,0.75,0.025,0.018750000000000003,1394.5395910960067,1045.904693322005,2177,-0.09904553065249258,-4.653949999999994,0.5819935691318328,649,-0.1835583414089583,-2.5998999999999985,0.539291217257319
10,100,0,1.0,0.025,0.025,1394.5395910960067,1394.5395910960067,1756,-0.07780864499254951,-3.4155999999999973,0.5130979498861048,542,-0.13715935505532284,-1.859199999999999,0.4833948339483395
10,100,0,1.3333333333333333,0.025,0.03333333333333333,1394.5395910960067,1859.386121461342,1401,-0.08336577593963405,-3.3759333333333332,0.4318344039971449,416,-0.0962849021505193,-1.1566,0.4254807692307692
10,100,0,2.0,0.025,0.05,1394.5395910960067,2789.0791821920134,988,-0.06545331126832889,-2.2938,0.33704453441295545,290,-0.16425679704129162,-1.6289999999999998,0.29310344827586204
10,100,0,3.0,0.025,0.07500000000000001,1394.5395910960067,4183.61877328802,711,-0.042550887851790446,-1.3235999999999994,0.25738396624472576,203,-0.1304636794879076,-1.1028000000000002,0.22167487684729065
10,100,0,0.75,0.04,0.03,2231.2633457536103,1673.4475093152078,1067,-0.07448534077527696,-2.7541999999999978,0.5716963448922212,283,-0.1710843110975503,-1.6957999999999993,0.5229681978798587
10,100,0,1.0,0.04,0.04,2231.2633457536103,2231.2633457536103,819,-0.051542143163125935,-1.6893999999999987,0.5067155067155067,223,-0.06932903254888241,-0.6197999999999999,0.4977578475336323
10,100,0,1.3333333333333333,0.04,0.05333333333333333,2231.2633457536103,2975.0177943381473,642,-0.09181590677703887,-2.709200000000001,0.411214953271028,175,-0.11485476949522713,-0.9216666666666669,0.4
10,100,0,2.0,0.04,0.08,2231.2633457536103,4462.526691507221,440,-0.059025360872939414,-1.464,0.32727272727272727,119,-0.07619226948538241,-0.5093999999999999,0.31932773109243695
10,100,0,3.0,0.04,0.12,2231.2633457536103,6693.790037260831,302,0.033759002948002305,0.7347999999999999,0.2814569536423841,79,-0.12345890725556762,-0.6453999999999999,0.21518987341772153
10,100,0,0.75,0.06,0.045,3346.8950186304155,2510.1712639728116,534,-0.08418629843819743,-2.3484000000000007,0.5543071161048689,146,-0.0693855982864399,-0.5296000000000003,0.5616438356164384
10,100,0,1.0,0.06,0.06,3346.8950186304155,3346.8950186304155,418,-0.05284181217280625,-1.3267999999999998,0.49521531100478466,99,-0.17527993232156813,-1.0373999999999999,0.43434343434343436
10,100,0,1.3333333333333333,0.06,0.07999999999999999,3346.8950186304155,4462.526691507221,303,-0.06340374054453707,-1.3278000000000028,0.4158415841584158,73,0.037052330825937736,0.19019999999999931,0.4657534246575342
10,100,0,2.0,0.06,0.12,3346.8950186304155,6693.790037260831,218,-0.027303623713218834,-0.5068000000000004,0.3348623853211009,49,0.040176654051881845,0.17259999999999986,0.3673469387755102
10,100,0,3.0,0.06,0.18,3346.8950186304155,10040.685055891247,142,-0.04996311029194135,-0.7291999999999996,0.23943661971830985,26,-0.17049636948191013,-0.4276000000000001,0.19230769230769232
10,100,1,0.75,0.008,0.006,446.2526691507221,334.6895018630416,7086,-0.3677412097761368,-18.0336,0.5753598645215918,2465,-0.37331911796056905,-6.375,0.5724137931034483
10,100,1,1.0,0.008,0.008,446.2526691507221,446.2526691507221,6246,-0.321454004066857,-16.063599999999994,0.5017611271213577,2134,-0.31463370068424296,-5.372399999999999,0.5051546391752577
10,100,1,1.3333333333333333,0.008,0.010666666666666666,446.2526691507221,595.0035588676294,5448,-0.27367455625149917,-13.7888,0.43226872246696035,1799,-0.2942801211068091,-4.882733333333333,0.4224569205113952
10,100,1,2.0,0.008,0.016,446.2526691507221,892.5053383014442,4466,-0.23218296492359689,-11.723599999999998,0.3322884012539185,1455,-0.24720030072892957,-4.046999999999999,0.32577319587628867
10,100,1,3.0,0.008,0.024,446.2526691507221,1338.7580074521663,3623,-0.18885006749308056,-9.475799999999998,0.2495169748826939,1194,-0.20818307821707827,-3.4083999999999994,0.24204355108877723
10,100,1,0.75,0.015,0.01125,836.7237546576039,627.5428159932029,3750,-0.1958600988880116,-9.536249999999999,0.5736,1223,-0.19020941169738678,-3.0185499999999994,0.5764513491414555
10,100,1,1.0,0.015,0.015,836.7237546576039,836.7237546576039,3194,-0.16142217686981875,-7.734399999999997,0.5059486537257357,1003,-0.14440843476369125,-2.172799999999999,0.514456630109671
10,100,1,1.3333333333333333,0.015,0.019999999999999997,836.7237546576039,1115.6316728768052,2674,-0.14853966243361852,-6.882399999999999,0.4293193717277487,840,-0.13288853070101786,-1.9389999999999996,0.4369047619047619
10,100,1,2.0,0.015,0.03,836.7237546576039,1673.4475093152078,2055,-0.12684983704617112,-5.522999999999998,0.33138686131386863,642,-0.09858131605192437,-1.3541999999999994,0.3442367601246106
10,100,1,3.0,0.015,0.045,836.7237546576039,2510.1712639728116,1550,-0.15128753743199128,-5.919999999999999,0.2296774193548387,478,-0.04316797137153528,-0.5527999999999996,0.27405857740585776
10,100,1,0.75,0.025,0.018750000000000003,1394.5395910960067,1045.904693322005,1978,-0.13638349586126458,-5.855299999999996,0.5631951466127402,618,-0.11081134669653185,-1.4817999999999985,0.5760517799352751
10,100,1,1.0,0.025,0.025,1394.5395910960067,1394.5395910960067,1625,-0.10827536633037722,-4.399999999999997,0.4978461538461538,502,-0.10389636270470164,-1.3051999999999992,0.5
10,100,1,1.3333333333333333,0.025,0.03333333333333333,1394.5395910960067,1859.386121461342,1323,-0.11490191867463945,-4.373133333333333,0.41647770219198793,389,-0.09897572219400852,-1.1114000000000002,0.4241645244215938
10,100,1,2.0,0.025,0.05,1394.5395910960067,2789.0791821920134,947,-0.13636297858866336,-4.4622,0.3051742344244984,276,-0.04999699010288069,-0.4925999999999998,0.3442028985507246
10,100,1,3.0,0.025,0.07500000000000001,1394.5395910960067,4183.61877328802,693,-0.08182185260557998,-2.4268,0.240981240981241,176,-0.04644278938258311,-0.35759999999999986,0.2556818181818182
10,100,1,0.75,0.04,0.03,2231.2633457536103,1673.4475093152078,991,-0.07760890954366083,-2.6665999999999976,0.5701311806256307,286,-0.13346440766376658,-1.3335999999999995,0.541958041958042
10,100,1,1.0,0.04,0.04,2231.2633457536103,2231.2633457536103,774,-0.1089624389503135,-3.372399999999999,0.4780361757105943,226,-0.003052197124754866,-0.02759999999999982,0.5309734513274337
10,100,1,1.3333333333333333,0.04,0.05333333333333333,2231.2633457536103,2975.0177943381473,615,-0.1287168997288404,-3.612333333333334,0.3934959349593496,164,-0.047287367223567314,-0.35973333333333346,0.4329268292682927
10,100,1,2.0,0.04,0.08,2231.2633457536103,4462.526691507221,440,-0.08905007615066014,-2.1839999999999993,0.31363636363636366,107,0.03874081004151332,0.2418000000000001,0.37383177570093457
10,100,1,3.0,0.04,0.12,2231.2633457536103,6693.790037260831,316,-0.04495629607794598,-0.9816000000000003,0.2468354430379747,69,0.020250982874886143,0.1006,0.2753623188405797
10,100,1,0.75,0.06,0.045,3346.8950186304155,2510.1712639728116,494,-0.15588930708126725,-4.044400000000001,0.5182186234817814,133,-0.07980838505081074,-0.5558000000000002,0.556390977443609
10,100,1,1.0,0.06,0.06,3346.8950186304155,3346.8950186304155,399,-0.11617683007754373,-2.7773999999999996,0.46365914786967416,101,0.04573032240328378,0.27740000000000015,0.5445544554455446
10,100,1,1.3333333333333333,0.06,0.07999999999999999,3346.8950186304155,4462.526691507221,292,-0.11609213778669324,-2.3192000000000026,0.3904109589041096,68,-0.07135394360785599,-0.3368000000000006,0.4117647058823529
10,100,1,2.0,0.06,0.12,3346.8950186304155,6693.790037260831,225,-0.1720818268671763,-3.1050000000000004,0.27111111111111114,49,-0.0017445456709589491,-0.007400000000000198,0.3469387755102041
10,100,1,3.0,0.06,0.18,3346.8950186304155,10040.685055891247,145,-0.028966961414647302,-0.4369999999999999,0.2482758620689655,28,0.054083888213457,0.16719999999999996,0.2857142857142857
10,200,0,0.75,0.008,0.006,446.2526691507221,334.6895018630416,6907,-0.3519952607466764,-16.7802,0.5836108295931663,2442,-0.3904198689241423,-6.621199999999999,0.5634725634725635
10,200,0,1.0,0.008,0.008,446.2526691507221,446.2526691507221,6087,-0.30646348698297055,-14.922199999999997,0.5092820765565961,2105,-0.3492475853766365,-5.8809999999999985,0.4878859857482185
10,200,0,1.3333333333333333,0.008,0.010666666666666666,446.2526691507221,595.0035588676294,5392,-0.26700355580932156,-13.325866666666666,0.435459940652819,1829,-0.2997008182105705,-5.0514,0.419901585565883
10,200,0,2.0,0.008,0.016,446.2526691507221,892.5053383014442,4476,-0.2150194385261618,-10.941599999999998,0.3398123324396783,1471,-0.2667139750857359,-4.384599999999999,0.3174711080897349
10,200,0,3.0,0.008,0.024,446.2526691507221,1338.7580074521663,3654,-0.17131863424581614,-8.748399999999997,0.25643130815544607,1152,-0.19873997517066158,-3.155199999999999,0.2456597222222222
10,200,0,0.75,0.015,0.01125,836.7237546576039,627.5428159932029,3585,-0.1702813985196005,-7.892249999999997,0.5866108786610879,1182,-0.21570220246220342,-3.320699999999999,0.5634517766497462
10,200,0,1.0,0.015,0.015,836.7237546576039,836.7237546576039,3032,-0.16144473458239064,-7.343199999999998,0.5059366754617414,986,-0.18948931339146385,-2.8035999999999994,0.4918864097363083
10,200,0,1.3333333333333333,0.015,0.019999999999999997,836.7237546576039,1115.6316728768052,2571,-0.12918303057162667,-5.769599999999999,0.4387397899649942,823,-0.1795863629242248,-2.5498000000000003,0.41433778857837184
10,200,0,2.0,0.015,0.03,836.7237546576039,1673.4475093152078,1988,-0.05170093134870787,-2.228799999999998,0.36619718309859156,621,-0.18088356158874044,-2.334599999999999,0.3075684380032206
10,200,0,3.0,0.015,0.045,836.7237546576039,2510.1712639728116,1469,-0.09548106477888345,-3.654399999999999,0.2518720217835262,461,-0.16188376737647978,-1.8736000000000002,0.22559652928416485
10,200,0,0.75,0.025,0.018750000000000003,1394.5395910960067,1045.904693322005,1931,-0.09886669022902478,-4.120599999999995,0.5820818228896945,570,-0.16758464478732807,-2.0819999999999985,0.5473684210526316
10,200,0,1.0,0.025,0.025,1394.5395910960067,1394.5395910960067,1558,-0.08985944251899369,-3.5007999999999972,0.5070603337612324,477,-0.11436839839738869,-1.365199999999999,0.4947589098532495
10,200,0,1.3333333333333333,0.025,0.03333333333333333,1394.5395910960067,1859.386121461342,1255,-0.07354246942441038,-2.6713333333333322,0.4366533864541833,375,-0.13793291169170072,-1.4833333333333332,0.4053333333333333
10,200,0,2.0,0.025,0.05,1394.5395910960067,2789.0791821920134,900,-0.06626729139824769,-2.115,0.33666666666666667,270,-0.1310743485161755,-1.227,0.3074074074074074
10,200,0,3.0,0.025,0.07500000000000001,1394.5395910960067,4183.61877328802,652,-0.052705936211320886,-1.4951999999999999,0.25306748466257667,197,-0.08757611808147713,-0.7371999999999999,0.23857868020304568
10,200,0,0.75,0.04,0.03,2231.2633457536103,1673.4475093152078,924,-0.04898877311971475,-1.562399999999998,0.5844155844155844,258,-0.10904912543802572,-0.9807999999999995,0.5542635658914729
10,200,0,1.0,0.04,0.04,2231.2633457536103,2231.2633457536103,729,-0.07181109692470773,-2.0953999999999984,0.49657064471879286,205,-0.08919848770612215,-0.7329999999999997,0.4878048780487805
10,200,0,1.3333333333333333,0.04,0.05333333333333333,2231.2633457536103,2975.0177943381473,579,-0.08502121107647781,-2.2654000000000005,0.41450777202072536,166,-0.07013971565954374,-0.5382666666666669,0.42168674698795183
10,200,0,2.0,0.04,0.08,2231.2633457536103,4462.526691507221,410,-0.0337069129981076,-0.7859999999999994,0.33902439024390246,110,-0.03926525980274501,-0.24599999999999983,0.33636363636363636
10,200,0,3.0,0.04,0.12,2231.2633457536103,6693.790037260831,294,0.020691678517392887,0.4355999999999995,0.2755102040816326,76,-0.25114261970604035,-1.1576,0.17105263157894737
10,200,0,0.75,0.06,0.045,3346.8950186304155,2510.1712639728116,474,-0.12083491840298684,-3.0024000000000006,0.5358649789029536,130,-0.16106520003046396,-1.1030000000000002,0.5153846153846153
10,200,0,1.0,0.06,0.06,3346.8950186304155,3346.8950186304155,385,-0.08224987682083319,-1.9009999999999994,0.4805194805194805,98,-0.10421850870215704,-0.6147999999999998,0.46938775510204084
10,200,0,1.3333333333333333,0.06,0.07999999999999999,3346.8950186304155,4462.526691507221,298,-0.05599777536999259,-1.1548000000000025,0.41946308724832215,79,-0.16502936802202214,-0.8854000000000006,0.3670886075949367
10,200,0,2.0,0.06,0.12,3346.8950186304155,6693.790037260831,218,-0.0570050001670921,-1.0468000000000006,0.3211009174311927,53,-0.0990161727846172,-0.4378000000000001,0.3018867924528302
10,200,0,3.0,0.06,0.18,3346.8950186304155,10040.685055891247,145,0.018276254733379946,0.28300000000000036,0.2689655172413793,36,-0.3476813881562413,-1.0536,0.1388888888888889
10,200,1,0.75,0.008,0.006,446.2526691507221,334.6895018630416,5053,-0.3568879509986226,-12.457799999999999,0.5810409657629131,1877,-0.36965327124790937,-4.8042,0.5743207245604688
10,200,1,1.0,0.008,0.008,446.2526691507221,446.2526691507221,4541,-0.3036749211247078,-11.0306,0.5106804668575203,1640,-0.32856051941340436,-4.311999999999999,0.49817073170731707
10,200,1,1.3333333333333333,0.008,0.010666666666666666,446.2526691507221,595.0035588676294,4042,-0.2805319198073429,-10.4772,0.4289955467590302,1438,-0.2905722423945215,-3.856133333333333,0.4242002781641168
10,200,1,2.0,0.008,0.016,446.2526691507221,892.5053383014442,3468,-0.21924417647625172,-8.6328,0.33794694348327564,1191,-0.24326956187323173,-3.2645999999999997,0.327455919395466
10,200,1,3.0,0.008,0.024,446.2526691507221,1338.7580074521663,2941,-0.18782450463114933,-7.654599999999997,0.249914994899694,947,-0.17348008821648198,-2.294199999999999,0.2555438225976769
10,200,1,0.75,0.015,0.01125,836.7237546576039,627.5428159932029,2891,-0.19060811955302023,-7.149099999999999,0.576271186440678,1001,-0.1922077224037881,-2.4975999999999994,0.5754245754245755
10,200,1,1.0,0.015,0.015,836.7237546576039,836.7237546576039,2527,-0.14841935072650234,-5.625199999999998,0.5124653739612188,856,-0.154578395340537,-1.9855999999999994,0.5093457943925234
10,200,1,1.3333333333333333,0.015,0.019999999999999997,836.7237546576039,1115.6316728768052,2182,-0.1257382329977275,-4.768199999999998,0.4404216315307058,716,-0.14383989280092996,-1.7865999999999995,0.43156424581005587
10,200,1,2.0,0.015,0.03,836.7237546576039,1673.4475093152078,1719,-0.08322725981143426,-3.074399999999998,0.35136707388016286,553,-0.15214126864978675,-1.7677999999999994,0.32007233273056057
10,200,1,3.0,0.015,0.045,836.7237546576039,2510.1712639728116,1320,-0.08173817455108905,-2.831999999999999,0.25757575757575757,414,-0.07957579239762838,-0.8663999999999998,0.2584541062801932
10,200,1,0.75,0.025,0.018750000000000003,1394.5395910960067,1045.904693322005,1707,-0.12403956487048402,-4.588199999999995,0.5694200351493849,535,-0.14852609366938102,-1.7284999999999986,0.5570093457943925
10,200,1,1.0,0.025,0.025,1394.5395910960067,1394.5395910960067,1415,-0.09760704262305474,-3.4539999999999975,0.5031802120141343,456,-0.051383282450614264,-0.5855999999999992,0.5263157894736842
10,200,1,1.3333333333333333,0.025,0.03333333333333333,1394.5395910960067,1859.386121461342,1170,-0.06812794419981358,-2.3086666666666664,0.4393162393162393,352,-0.11243741989829134,-1.1401999999999999,0.41761363636363635
10,200,1,2.0,0.025,0.05,1394.5395910960067,2789.0791821920134,862,-0.0718152222078156,-2.1912000000000003,0.33410672853828305,252,-0.16292495400320084,-1.4051999999999998,0.29365079365079366
10,200,1,3.0,0.025,0.07500000000000001,1394.5395910960067,4183.61877328802,648,-0.08240773487422044,-2.2847999999999997,0.24074074074074073,178,-0.08020367650221726,-0.6128,0.24157303370786518
10,200,1,0.75,0.04,0.03,2231.2633457536103,1673.4475093152078,849,-0.08005071440907915,-2.3573999999999984,0.568904593639576,245,-0.1720665339797971,-1.4769999999999994,0.5224489795918368
10,200,1,1.0,0.04,0.04,2231.2633457536103,2231.2633457536103,689,-0.11878624611419489,-3.2713999999999985,0.4731494920174166,213,-0.12597150548447653,-1.0737999999999999,0.4694835680751174
10,200,1,1.3333333333333333,0.04,0.05333333333333333,2231.2633457536103,2975.0177943381473,563,-0.11211816446205594,-2.8904666666666676,0.40142095914742454,162,-0.11225864525740323,-0.8345333333333336,0.4012345679012346
10,200,1,2.0,0.04,0.08,2231.2633457536103,4462.526691507221,406,-0.11874267364022917,-2.6555999999999993,0.30049261083743845,114,0.00964515713203595,0.06359999999999993,0.35964912280701755
10,200,1,3.0,0.04,0.12,2231.2633457536103,6693.790037260831,302,-0.06522536019359977,-1.3452000000000002,0.23841059602649006,72,-0.07047204179662417,-0.3471999999999999,0.2361111111111111
10,200,1,0.75,0.06,0.045,3346.8950186304155,2510.1712639728116,452,-0.11736254365480725,-2.7802000000000007,0.5376106194690266,136,0.013746158865895369,0.09639999999999979,0.6029411764705882
10,200,1,1.0,0.06,0.06,3346.8950186304155,3346.8950186304155,370,-0.11373112592981385,-2.5219999999999994,0.4648648648648649,94,-0.14976771680058937,-0.8443999999999999,0.44680851063829785
10,200,1,1.3333333333333333,0.06,0.07999999999999999,3346.8950186304155,4462.526691507221,297,-0.04625774360157019,-0.9522000000000026,0.42424242424242425,75,-0.09558626833325787,-0.4950000000000006,0.4
10,200,1,2.0,0.06,0.12,3346.8950186304155,6693.790037260831,207,-0.10510759036369675,-1.7982000000000005,0.2995169082125604,50,-0.24982151956865692,-0.97,0.24
10,200,1,3.0,0.06,0.18,3346.8950186304155,10040.685055891247,135,0.029574517334099177,0.429,0.2740740740740741,37,-0.36267796773036415,-1.1162,0.13513513513513514
10,400,0,0.75,0.008,0.006,446.2526691507221,334.6895018630416,5107,-0.37909087492016086,-13.4222,0.5694145290777365,1827,-0.40873045763836824,-5.198199999999999,0.5539135194307608
10,400,0,1.0,0.008,0.008,446.2526691507221,446.2526691507221,4589,-0.32867094969028227,-12.067399999999997,0.4981477446066681,1645,-0.3462497098720718,-4.556999999999999,0.48936170212765956
10,400,0,1.3333333333333333,0.008,0.010666666666666666,446.2526691507221,595.0035588676294,4160,-0.29250539363311834,-11.224,0.4233173076923077,1454,-0.27579340630725707,-3.7084,0.4312242090784044
10,400,0,2.0,0.008,0.016,446.2526691507221,892.5053383014442,3570,-0.24921676742921695,-10.001999999999999,0.32492997198879553,1194,-0.22587947042452988,-3.056399999999999,0.33500837520938026
10,400,0,3.0,0.008,0.024,446.2526691507221,1338.7580074521663,3059,-0.1907515842034301,-8.073399999999996,0.2487741091860085,988,-0.21119851133510453,-2.856799999999999,0.2408906882591093
10,400,0,0.75,0.015,0.01125,836.7237546576039,627.5428159932029,2814,-0.2119606285559667,-7.762649999999999,0.5653873489694385,976,-0.2115242951401789,-2.6875999999999993,0.5655737704918032
10,400,0,1.0,0.015,0.015,836.7237546576039,836.7237546576039,2441,-0.18847409505257423,-6.901599999999997,0.4924211388775092,827,-0.1816942238883899,-2.2551999999999994,0.4957678355501814
10,400,0,1.3333333333333333,0.015,0.019999999999999997,836.7237546576039,1115.6316728768052,2117,-0.15035419284819934,-5.514199999999999,0.42843646669815777,698,-0.16525539447303209,-1.9947999999999997,0.42120343839541546
10,400,0,2.0,0.015,0.03,836.7237546576039,1673.4475093152078,1686,-0.09654747196634943,-3.4835999999999983,0.34519572953736655,551,-0.14132756117653217,-1.6425999999999992,0.3248638838475499
10,400,0,3.0,0.015,0.045,836.7237546576039,2510.1712639728116,1307,-0.1516544106144798,-5.003199999999999,0.22953328232593725,411,-0.16006456414764808,-1.6536,0.22627737226277372
10,400,0,0.75,0.025,0.018750000000000003,1394.5395910960067,1045.904693322005,1585,-0.12344942867621647,-4.239749999999997,0.5697160883280757,518,-0.21158365972098317,-2.396799999999999,0.525096525096525
10,400,0,1.0,0.025,0.025,1394.5395910960067,1394.5395910960067,1341,-0.10321581037463647,-3.461599999999998,0.5003728560775541,428,-0.20287373457640412,-2.1628,0.45093457943925236
10,400,0,1.3333333333333333,0.025,0.03333333333333333,1394.5395910960067,1859.386121461342,1112,-0.09291913577552818,-2.9828666666666663,0.427158273381295,350,-0.19161989769611154,-1.9016666666666666,0.38
10,400,0,2.0,0.025,0.05,1394.5395910960067,2789.0791821920134,817,-0.11500518388474033,-3.2742000000000004,0.31456548347613217,251,-0.12344090867710873,-1.0776000000000001,0.3107569721115538
10,400,0,3.0,0.025,0.07500000000000001,1394.5395910960067,4183.61877328802,627,-0.06668710626923334,-1.8051999999999997,0.24720893141945774,195,-0.1470722292245009,-1.1820000000000002,0.2153846153846154
10,400,0,0.75,0.04,0.03,2231.2633457536103,1673.4475093152078,834,-0.08594811246789154,-2.4883999999999986,0.565947242206235,252,-0.05109052777946512,-0.4451999999999995,0.5833333333333334
10,400,0,1.0,0.04,0.04,2231.2633457536103,2231.2633457536103,653,-0.10020746058715915,-2.617799999999999,0.48238897396630936,205,-0.059975846626338286,-0.49299999999999977,0.5024390243902439
10,400,0,1.3333333333333333,0.04,0.05333333333333333,2231.2633457536103,2975.0177943381473,528,-0.10010939476488818,-2.4261333333333335,0.4071969696969697,152,-0.12579624369715725,-0.8752000000000001,0.39473684210526316
10,400,0,2.0,0.04,0.08,2231.2633457536103,4462.526691507221,392,-0.022305154197355802,-0.49919999999999987,0.34438775510204084,109,-0.03268896883296046,-0.20339999999999994,0.3394495412844037
10,400,0,3.0,0.04,0.12,2231.2633457536103,6693.790037260831,287,-0.03541313056215476,-0.7061999999999999,0.2508710801393728,72,-0.07047204179662422,-0.3472000000000001,0.2361111111111111
10,400,0,0.75,0.06,0.045,3346.8950186304155,2510.1712639728116,439,-0.08571487361692949,-1.9664000000000004,0.5535307517084282,125,-0.07261557520819956,-0.4750000000000002,0.56
10,400,0,1.0,0.06,0.06,3346.8950186304155,3346.8950186304155,347,-0.08651705340915615,-1.8021999999999996,0.4783861671469741,90,0.0011060139283075056,0.0059999999999999915,0.5222222222222223
10,400,0,1.3333333333333333,0.06,0.07999999999999999,3346.8950186304155,4462.526691507221,283,0.017412412664414647,0.3441999999999974,0.4558303886925795,74,-0.0023916097836872564,-0.012400000000000633,0.44594594594594594
10,400,0,2.0,0.06,0.12,3346.8950186304155,6693.790037260831,201,-0.03056497668720596,-0.5226000000000006,0.3333333333333333,44,-0.16658986375736254,-0.5944000000000003,0.2727272727272727
10,400,0,3.0,0.06,0.18,3346.8950186304155,10040.685055891247,133,0.11778328662882023,1.7542000000000002,0.3157894736842105,35,-0.23380807566684947,-0.7510000000000001,0.17142857142857143
10,400,1,0.75,0.008,0.006,446.2526691507221,334.6895018630416,3636,-0.3919139805467546,-9.8976,0.5627062706270627,1388,-0.4181651750569776,-4.0448,0.5489913544668588
10,400,1,1.0,0.008,0.008,446.2526691507221,446.2526691507221,3302,-0.33526378766163467,-8.857199999999999,0.49485160508782555,1249,-0.3546373500406368,-3.543399999999999,0.4851881505204163
10,400,1,1.3333333333333333,0.008,0.010666666666666666,446.2526691507221,595.0035588676294,3055,-0.2802327799945221,-7.911,0.4291325695581015,1128,-0.30842595544199947,-3.2021333333333333,0.4157801418439716
10,400,1,2.0,0.008,0.016,446.2526691507221,892.5053383014442,2678,-0.23462970541340797,-7.098799999999999,0.3312173263629574,955,-0.25232136005321915,-2.7069999999999994,0.32356020942408376
10,400,1,3.0,0.008,0.024,446.2526691507221,1338.7580074521663,2313,-0.16603552523120665,-5.381799999999998,0.25853869433635973,822,-0.2048276983809132,-2.3131999999999993,0.24330900243309003
10,400,1,0.75,0.015,0.01125,836.7237546576039,627.5428159932029,2270,-0.18292728479730264,-5.380749999999999,0.5801762114537445,815,-0.24261886154478304,-2.583999999999999,0.5496932515337424
10,400,1,1.0,0.015,0.015,836.7237546576039,836.7237546576039,2011,-0.1588896532449809,-4.793599999999998,0.5072103431128792,699,-0.24094538397797133,-2.5223999999999993,0.4663805436337625
10,400,1,1.3333333333333333,0.015,0.019999999999999997,836.7237546576039,1115.6316728768052,1778,-0.12926316223673556,-3.9928,0.43869516310461193,616,-0.2077152951273795,-2.1966,0.400974025974026
10,400,1,2.0,0.015,0.03,836.7237546576039,1673.4475093152078,1427,-0.10660161478974976,-3.2451999999999983,0.3405746320953048,500,-0.18450625010627572,-1.9149999999999996,0.306
10,400,1,3.0,0.015,0.045,836.7237546576039,2510.1712639728116,1152,-0.07703252687401324,-2.3351999999999995,0.2595486111111111,393,-0.1731034899883154,-1.6968,0.22137404580152673
10,400,1,0.75,0.025,0.018750000000000003,1394.5395910960067,1045.904693322005,1381,-0.12168783259685967,-3.6405999999999965,0.5706010137581463,457,-0.24180258852895223,-2.4194499999999994,0.5098468271334792
10,400,1,1.0,0.025,0.025,1394.5395910960067,1394.5395910960067,1177,-0.10650392646380744,-3.135199999999998,0.49872557349192864,387,-0.19498696254505607,-1.8811999999999998,0.45478036175710596
10,400,1,1.3333333333333333,0.025,0.03333333333333333,1394.5395910960067,1859.386121461342,986,-0.07052438547947953,-2.0136,0.4381338742393509,318,-0.21096039973290348,-1.8934666666666662,0.3710691823899371
10,400,1,2.0,0.025,0.05,1394.5395910960067,2789.0791821920134,752,-0.08705938276258243,-2.3051999999999997,0.3271276595744681,231,-0.18175250761949346,-1.4256000000000002,0.2857142857142857
10,400,1,3.0,0.025,0.07500000000000001,1394.5395910960067,4183.61877328802,566,0.003091153635718441,0.07840000000000069,0.2773851590106007,174,-0.18618787388356717,-1.3023999999999996,0.20114942528735633
10,400,1,0.75,0.04,0.03,2231.2633457536103,1673.4475093152078,749,-0.09629702659252493,-2.5073999999999987,0.5607476635514018,221,-0.16719724693738566,-1.2945999999999995,0.5248868778280543
10,400,1,1.0,0.04,0.04,2231.2633457536103,2231.2633457536103,600,-0.11169526232527159,-2.679999999999999,0.4766666666666667,193,-0.24985085767507764,-1.9017999999999997,0.40932642487046633
10,400,1,1.3333333333333333,0.04,0.05333333333333333,2231.2633457536103,2975.0177943381473,500,-0.073734165445306,-1.7000000000000006,0.42,144,-0.24429332678579208,-1.5610666666666668,0.3402777777777778
10,400,1,2.0,0.04,0.08,2231.2633457536103,4462.526691507221,381,-0.040262568975127505,-0.8705999999999994,0.3359580052493438,111,-0.1899286652875176,-1.1285999999999998,0.2702702702702703
10,400,1,3.0,0.04,0.12,2231.2633457536103,6693.790037260831,276,-0.003976894732555796,-0.07760000000000017,0.2644927536231884,76,-0.1357818225337696,-0.6776,0.21052631578947367
10,400,1,0.75,0.06,0.045,3346.8950186304155,2510.1712639728116,434,-0.04997934374479731,-1.1284000000000005,0.5714285714285714,117,-0.21715965963422654,-1.3392000000000002,0.48717948717948717
10,400,1,1.0,0.06,0.06,3346.8950186304155,3346.8950186304155,347,-0.07496310088794662,-1.5621999999999994,0.484149855907781,90,-0.06520644304971272,-0.35399999999999987,0.4888888888888889
10,400,1,1.3333333333333333,0.06,0.07999999999999999,3346.8950186304155,4462.526691507221,280,0.020037998442432873,0.39199999999999746,0.45714285714285713,69,-0.08358704878119153,-0.3994000000000006,0.4057971014492754
10,400,1,2.0,0.06,0.12,3346.8950186304155,6693.790037260831,194,0.027097494527681166,0.4555999999999994,0.36082474226804123,41,-0.06517405997163714,-0.22660000000000013,0.3170731707317073
10,400,1,3.0,0.06,0.18,3346.8950186304155,10040.685055891247,127,0.08348279595541215,1.1698000000000006,0.2992125984251969,32,-0.18492471710712716,-0.5632,0.1875
20,50,0,0.75,0.008,0.006,446.2526691507221,334.6895018630416,11312,-0.37610589142968104,-29.481199999999998,0.5709865629420084,3735,-0.3360391541433127,-8.636999999999999,0.5919678714859438
20,50,0,1.0,0.008,0.008,446.2526691507221,446.2526691507221,9572,-0.34805746774610613,-26.647199999999994,0.4885081487672378,3079,-0.3032622485336882,-7.4693999999999985,0.510880155894771
20,50,0,1.3333333333333333,0.008,0.010666666666666666,446.2526691507221,595.0035588676294,8064,-0.3055933565613164,-22.68373333333333,0.41716269841269843,2508,-0.25878328600466693,-6.0141333333333336,0.4393939393939394
20,50,0,2.0,0.008,0.016,446.2526691507221,892.5053383014442,6341,-0.24937224935741326,-17.7746,0.32486989433843244,1885,-0.20487447761176633,-4.404999999999999,0.3442970822281167
20,50,0,3.0,0.008,0.024,446.2526691507221,1338.7580074521663,4891,-0.21031180785201092,-14.084599999999996,0.24125945614393784,1432,-0.11075977756421428,-2.2831999999999986,0.2814245810055866
20,50,0,0.75,0.015,0.01125,836.7237546576039,627.5428159932029,5076,-0.21503117103004146,-14.210099999999997,0.5638297872340425,1587,-0.20979412137228998,-4.332449999999999,0.5664776307498425
20,50,0,1.0,0.015,0.015,836.7237546576039,836.7237546576039,4164,-0.17907848992482664,-11.186399999999995,0.49711815561959655,1264,-0.17326475436592756,-3.2863999999999987,0.5
20,50,0,1.3333333333333333,0.015,0.019999999999999997,836.7237546576039,1115.6316728768052,3364,-0.13096678440214696,-7.6514,0.43787158145065397,1005,-0.17837706370568343,-3.093,0.41492537313432837
20,50,0,2.0,0.015,0.03,836.7237546576039,1673.4475093152078,2481,-0.11453896748887982,-6.045599999999997,0.3369609028617493,732,-0.12248142741132811,-1.9031999999999991,0.3333333333333333
20,50,0,3.0,0.015,0.045,836.7237546576039,2510.1712639728116,1804,-0.10820925047105209,-5.050399999999999,0.2466740576496674,522,-0.03469644371692619,-0.4871999999999999,0.2777777777777778
20,50,0,0.75,0.025,0.018750000000000003,1394.5395910960067,1045.904693322005,2377,-0.12531123030075703,-6.455199999999994,0.5687841817416912,696,-0.10491237205522252,-1.5783499999999981,0.5790229885057471
20,50,0,1.0,0.025,0.025,1394.5395910960067,1394.5395910960067,1900,-0.07979186210196036,-3.7899999999999965,0.5121052631578947,558,-0.11465644557085884,-1.6007999999999991,0.4946236559139785
20,50,0,1.3333333333333333,0.025,0.03333333333333333,1394.5395910960067,1859.386121461342,1496,-0.0725049080474012,-3.139599999999999,0.43716577540106955,433,-0.0926622457964057,-1.1591333333333333,0.42725173210161665
20,50,0,2.0,0.025,0.05,1394.5395910960067,2789.0791821920134,1046,-0.09376921511692027,-3.4446000000000003,0.3240917782026769,290,-0.07091721397034721,-0.7289999999999998,0.33448275862068966
20,50,0,3.0,0.025,0.07500000000000001,1394.5395910960067,4183.61877328802,751,-0.06879451173418281,-2.2276,0.24633821571238348,201,-0.08702017007007332,-0.7476,0.23880597014925373
20,50,0,0.75,0.04,0.03,2231.2633457536103,1673.4475093152078,1090,-0.07292582209362383,-2.753999999999998,0.5724770642201835,296,-0.10278540279568225,-1.0595999999999997,0.5574324324324325
20,50,0,1.0,0.04,0.04,2231.2633457536103,2231.2633457536103,858,-0.08128043593877218,-2.7907999999999986,0.49184149184149184,230,-0.012815628493260603,-0.11799999999999972,0.5260869565217391
20,50,0,1.3333333333333333,0.04,0.05333333333333333,2231.2633457536103,2975.0177943381473,661,-0.14181858759205548,-4.265266666666667,0.38729198184568836,173,-0.0932914572749355,-0.7431333333333334,0.41040462427745666
20,50,0,2.0,0.04,0.08,2231.2633457536103,4462.526691507221,452,-0.1280391947637049,-3.1752,0.29646017699115046,115,0.03891905537892025,0.2609999999999999,0.3739130434782609
20,50,0,3.0,0.04,0.12,2231.2633457536103,6693.790037260831,323,-0.04295753052077132,-0.9598000000000002,0.2476780185758514,73,0.017196435710264045,0.09019999999999995,0.273972602739726
20,50,0,0.75,0.06,0.045,3346.8950186304155,2510.1712639728116,548,-0.08331713793908287,-2.384800000000001,0.5547445255474452,140,0.022345452397493623,0.1609999999999998,0.6071428571428571
20,50,0,1.0,0.06,0.06,3346.8950186304155,3346.8950186304155,422,-0.0907210814111226,-2.2971999999999992,0.476303317535545,105,-0.12890604180362586,-0.8129999999999998,0.45714285714285713
20,50,0,1.3333333333333333,0.06,0.07999999999999999,3346.8950186304155,4462.526691507221,329,-0.11257645538400105,-2.5354000000000028,0.39209726443769,80,0.005707066146381511,0.03199999999999925,0.45
20,50,0,2.0,0.06,0.12,3346.8950186304155,6693.790037260831,219,-0.05025465783244307,-0.9294000000000006,0.3242009132420091,53,0.09811525491330497,0.4621999999999996,0.39622641509433965
20,50,0,3.0,0.06,0.18,3346.8950186304155,10040.685055891247,154,-0.07982305919482652,-1.2403999999999997,0.22727272727272727,31,-0.2662444541918646,-0.7406,0.16129032258064516
20,50,1,0.75,0.008,0.006,446.2526691507221,334.6895018630416,9641,-0.3776656988381156,-25.2366,0.5701690695985894,3223,-0.3655686248217267,-8.1518,0.5764815389388768
20,50,1,1.0,0.008,0.008,446.2526691507221,446.2526691507221,8202,-0.33523854878573,-21.997199999999996,0.4948792977322604,2707,-0.3408647809545206,-7.382199999999999,0.4920576283708903
20,50,1,1.3333333333333333,0.008,0.010666666666666666,446.2526691507221,595.0035588676294,6979,-0.3063171631152919,-19.676066666666667,0.41682189425419114,2251,-0.28019531164115574,-5.828600000000001,0.4291426032874278
20,50,1,2.0,0.008,0.016,446.2526691507221,892.5053383014442,5551,-0.25499893163154913,-15.880599999999998,0.32246442082507654,1745,-0.22537201589864558,-4.456999999999999,0.335243553008596
20,50,1,3.0,0.008,0.024,446.2526691507221,1338.7580074521663,4353,-0.21711860255603152,-12.893799999999995,0.2386859637031932,1348,-0.1971166257979844,-3.6647999999999987,0.24629080118694363
20,50,1,0.75,0.015,0.01125,836.7237546576039,627.5428159932029,4594,-0.21000738975285382,-12.551899999999996,0.5663909447104919,1459,-0.19835067941771006,-3.7596499999999993,0.5723098012337218
20,50,1,1.0,0.015,0.015,836.7237546576039,836.7237546576039,3799,-0.17567974446806262,-10.012399999999996,0.49881547775730456,1170,-0.19037376997751304,-3.3419999999999987,0.49145299145299143
20,50,1,1.3333333333333333,0.015,0.019999999999999997,836.7237546576039,1115.6316728768052,3103,-0.15665342402299717,-8.412799999999999,0.4253947792458911,955,-0.15931125540303034,-2.633,0.42408376963350786
20,50,1,2.0,0.015,0.03,836.7237546576039,1673.4475093152078,2312,-0.1337556884056709,-6.536199999999997,0.3282871972318339,695,-0.1569118258982654,-2.2869999999999995,0.31798561151079136
20,50,1,3.0,0.015,0.045,836.7237546576039,2510.1712639728116,1706,-0.10651179351512696,-4.7056000000000004,0.2473622508792497,502,-0.12215079113342739,-1.5751999999999997,0.2410358565737052
20,50,1,0.75,0.025,0.018750000000000003,1394.5395910960067,1045.904693322005,2231,-0.147468175484632,-7.150599999999994,0.5575974899148364,659,-0.13675181390579574,-1.9571499999999982,0.5629742033383915
20,50,1,1.0,0.025,0.025,1394.5395910960067,1394.5395910960067,1805,-0.13560901922137333,-6.117999999999997,0.4842105263157895,526,-0.10770053750142371,-1.417599999999999,0.49809885931558934
20,50,1,1.3333333333333333,0.025,0.03333333333333333,1394.5395910960067,1859.386121461342,1436,-0.09207175404110671,-3.816933333333333,0.4275766016713092,406,-0.16158009579748314,-1.8722666666666665,0.39408866995073893
20,50,1,2.0,0.025,0.05,1394.5395910960067,2789.0791821920134,1030,-0.1460638563454142,-5.178000000000001,0.30097087378640774,297,-0.110543588848886,-1.1471999999999996,0.3164983164983165
20,50,1,3.0,0.025,0.07500000000000001,1394.5395910960067,4183.61877328802,749,-0.10676150256555042,-3.3724,0.23097463284379172,208,-0.05989991652748773,-0.5408,0.25
20,50,1,0.75,0.04,0.03,2231.2633457536103,1673.4475093152078,1043,-0.05197047546346221,-1.871799999999998,0.5829338446788112,300,-0.0910587180595923,-0.9499999999999995,0.5633333333333334
20,50,1,1.0,0.04,0.04,2231.2633457536103,2231.2633457536103,831,-0.03491055120361904,-1.1605999999999987,0.5150421179302046,227,-0.0692529145103203,-0.6301999999999996,0.4977973568281938
20,50,1,1.3333333333333333,0.04,0.05333333333333333,2231.2633457536103,2975.0177943381473,639,-0.04307908568217059,-1.2747333333333342,0.4350547730829421,184,-0.07672069690258874,-0.6517333333333335,0.41847826086956524
20,50,1,2.0,0.04,0.08,2231.2633457536103,4462.526691507221,442,-0.11781014105625548,-2.8691999999999998,0.3009049773755656,117,0.07779459725109761,0.5358000000000003,0.39316239316239315
20,50,1,3.0,0.04,0.12,2231.2633457536103,6693.790037260831,297,0.0656901943409639,1.4277999999999997,0.2962962962962963,71,0.003040479723641869,0.015399999999999942,0.2676056338028169
20,50,1,0.75,0.06,0.045,3346.8950186304155,2510.1712639728116,521,-0.14061152379090727,-3.8446000000000007,0.525911708253359,138,0.010702026492288247,0.07619999999999978,0.6014492753623188
20,50,1,1.0,0.06,0.06,3346.8950186304155,3346.8950186304155,389,-0.0870063145739459,-2.0313999999999997,0.4781491002570694,103,-0.11100957386793396,-0.6877999999999999,0.46601941747572817
20,50,1,1.3333333333333333,0.06,0.07999999999999999,3346.8950186304155,4462.526691507221,308,-0.0639320833577911,-1.360800000000003,0.4155844155844156,74,-0.11241180044887078,-0.5724000000000005,0.3918918918918919
20,50,1,2.0,0.06,0.12,3346.8950186304155,6693.790037260831,221,-0.008163217929212957,-0.15460000000000024,0.3438914027149321,56,0.019369596431572968,0.0943999999999997,0.35714285714285715
20,50,1,3.0,0.06,0.18,3346.8950186304155,10040.685055891247,142,-0.049963110291941386,-0.7292000000000001,0.23943661971830985,32,-0.02462449473066892,-0.08320000000000005,0.25
20,100,0,0.75,0.008,0.006,446.2526691507221,334.6895018630416,8751,-0.3714508092577979,-22.508599999999998,0.5734201805507942,3025,-0.3541205741018741,-7.396999999999999,0.5824793388429752
20,100,0,1.0,0.008,0.008,446.2526691507221,446.2526691507221,7578,-0.3289397002470605,-19.9428,0.49802058590657167,2565,-0.31831724405877504,-6.5329999999999995,0.5033138401559454
20,100,0,1.3333333333333333,0.008,0.010666666666666666,446.2526691507221,595.0035588676294,6514,-0.28263597799952106,-17.005733333333332,0.4280012281240405,2173,-0.2826378100231823,-5.6738,0.42797975149562817
20,100,0,2.0,0.008,0.016,446.2526691507221,892.5053383014442,5275,-0.24041731645876963,-14.298999999999998,0.32872037914691943,1696,-0.2369756458570583,-4.537599999999999,0.330188679245283
20,100,0,3.0,0.008,0.024,446.2526691507221,1338.7580074521663,4190,-0.19467177608763522,-11.261999999999997,0.24725536992840094,1300,-0.1305173376454662,-2.419999999999999,0.27307692307692305
20,100,0,0.75,0.015,0.01125,836.7237546576039,627.5428159932029,4282,-0.21196833737717946,-11.811949999999998,0.5653900046707147,1371,-0.226424423759462,-4.048349999999999,0.5579868708971554
20,100,0,1.0,0.015,0.015,836.7237546576039,836.7237546576039,3550,-0.20552306878460128,-10.939999999999998,0.483943661971831,1131,-0.17590865386168944,-2.985599999999999,0.4986737400530504
20,100,0,1.3333333333333333,0.015,0.019999999999999997,836.7237546576039,1115.6316728768052,2940,-0.15078773903582934,-7.6789999999999985,0.4282312925170068,920,-0.15067035715732022,-2.402,0.4282608695652174
20,100,0,2.0,0.015,0.03,836.7237546576039,1673.4475093152078,2228,-0.10543882440677683,-5.012799999999997,0.34111310592459604,680,-0.1020416202734502,-1.4829999999999994,0.3426470588235294
20,100,0,3.0,0.015,0.045,836.7237546576039,2510.1712639728116,1650,-0.10822468039728608,-4.619999999999999,0.24666666666666667,502,-0.06895153482550075,-0.9151999999999999,0.26294820717131473
20,100,0,0.75,0.025,0.018750000000000003,1394.5395910960067,1045.904693322005,2137,-0.09598435335502457,-4.424949999999995,0.5835283107159569,659,-0.15175980556391025,-2.1758999999999986,0.5553869499241275
20,100,0,1.0,0.025,0.025,1394.5395910960067,1394.5395910960067,1723,-0.06861974214645264,-2.954799999999997,0.5177016831108532,517,-0.12130903328385244,-1.569199999999999,0.4912959381044487
20,100,0,1.3333333333333333,0.025,0.03333333333333333,1394.5395910960067,1859.386121461342,1371,-0.061180966471053956,-2.431266666666666,0.4427425237053246,399,-0.11053262613407955,-1.270733333333333,0.41854636591478694
20,100,0,2.0,0.025,0.05,1394.5395910960067,2789.0791821920134,955,-0.07654127175457132,-2.583,0.3319371727748691,291,-0.11131757271983372,-1.1316,0.3161512027491409
20,100,0,3.0,0.025,0.07500000000000001,1394.5395910960067,4183.61877328802,709,-0.060844443116026686,-1.8683999999999996,0.24964739069111425,201,-0.09937991656025429,-0.8476000000000001,0.23383084577114427
20,100,0,0.75,0.04,0.03,2231.2633457536103,1673.4475093152078,1010,-0.089127569561453,-3.1259999999999986,0.5643564356435643,276,-0.1735137802689229,-1.6775999999999995,0.5217391304347826
20,100,0,1.0,0.04,0.04,2231.2633457536103,2231.2633457536103,802,-0.07992167287671255,-2.5651999999999986,0.4925187032418953,228,-0.05610678616048146,-0.5127999999999995,0.5043859649122807
20,100,0,1.3333333333333333,0.04,0.05333333333333333,2231.2633457536103,2975.0177943381473,621,-0.1164366656169969,-3.3079333333333336,0.3993558776167472,181,-0.11947554353608278,-0.9906000000000001,0.39779005524861877
20,100,0,2.0,0.04,0.08,2231.2633457536103,4462.526691507221,444,-0.09536941631642339,-2.3543999999999987,0.3108108108108108,120,-0.045770032044268126,-0.31199999999999983,0.3333333333333333
20,100,0,3.0,0.04,0.12,2231.2633457536103,6693.790037260831,314,-0.026288052415141407,-0.5764000000000002,0.25477707006369427,79,-0.09097297033574214,-0.4853999999999999,0.22784810126582278
20,100,0,0.75,0.06,0.045,3346.8950186304155,2510.1712639728116,515,-0.1400103737818094,-3.7840000000000007,0.5262135922330097,145,-0.006262252464686244,-0.047000000000000375,0.593103448275862
20,100,0,1.0,0.06,0.06,3346.8950186304155,3346.8950186304155,409,-0.05549445794814397,-1.3633999999999997,0.4938875305623472,116,-0.11208061506575678,-0.7815999999999997,0.46551724137931033
20,100,0,1.3333333333333333,0.06,0.07999999999999999,3346.8950186304155,4462.526691507221,311,-0.07215747739114844,-1.5486000000000026,0.4115755627009646,82,-0.09060229220726775,-0.5132000000000007,0.4024390243902439
20,100,0,2.0,0.06,0.12,3346.8950186304155,6693.790037260831,219,-0.02083673989576716,-0.3894000000000007,0.3378995433789954,55,-0.16697683260339638,-0.7430000000000002,0.2727272727272727
20,100,0,3.0,0.06,0.18,3346.8950186304155,10040.685055891247,140,0.007801366039028335,0.11600000000000033,0.2642857142857143,38,-0.27856098444452476,-0.9388000000000001,0.15789473684210525
20,100,1,0.75,0.008,0.006,446.2526691507221,334.6895018630416,6529,-0.37111015231311223,-16.7774,0.5735947311992649,2296,-0.38185685194325214,-6.0816,0.5679442508710801
20,100,1,1.0,0.008,0.008,446.2526691507221,446.2526691507221,5765,-0.3230644991129138,-14.900999999999996,0.5009540329575022,2001,-0.3314209028455172,-5.3065999999999995,0.496751624187906
20,100,1,1.3333333333333333,0.008,0.010666666666666666,446.2526691507221,595.0035588676294,5082,-0.2789498060335892,-13.1012,0.4297520661157025,1711,-0.30274147087232883,-4.7712666666666665,0.418468731735827
20,100,1,2.0,0.008,0.016,446.2526691507221,892.5053383014442,4241,-0.2481376483175936,-11.834599999999998,0.32539495402027824,1393,-0.2418626926036124,-3.7977999999999996,0.3280689160086145
20,100,1,3.0,0.008,0.024,446.2526691507221,1338.7580074521663,3488,-0.2091809520426421,-9.996799999999997,0.24168577981651376,1143,-0.1847636223912611,-2.931799999999999,0.2510936132983377
20,100,1,0.75,0.015,0.01125,836.7237546576039,627.5428159932029,3566,-0.19500974581481864,-9.027849999999997,0.574032529444756,1190,-0.20006397980692137,-3.0939999999999994,0.5714285714285714
20,100,1,1.0,0.015,0.015,836.7237546576039,836.7237546576039,3013,-0.16302615454979524,-7.368799999999998,0.5051443743776967,990,-0.17122693707709424,-2.543999999999999,0.501010101010101
20,100,1,1.3333333333333333,0.015,0.019999999999999997,836.7237546576039,1115.6316728768052,2534,-0.1370837575480075,-6.028399999999999,0.43488555643251775,835,-0.1324352961051618,-1.9209999999999996,0.437125748502994
20,100,1,2.0,0.015,0.03,836.7237546576039,1673.4475093152078,1967,-0.1232841770683565,-5.144199999999998,0.3329944077275038,626,-0.07278001378286672,-0.9825999999999991,0.3562300319488818
20,100,1,3.0,0.015,0.045,836.7237546576039,2510.1712639728116,1496,-0.14365065463196577,-5.449599999999999,0.232620320855615,464,-0.07407308056108707,-0.9063999999999994,0.2607758620689655
20,100,1,0.75,0.025,0.018750000000000003,1394.5395910960067,1045.904693322005,1932,-0.12724635743879892,-5.329449999999996,0.5678053830227743,601,-0.17077509665940616,-2.2375999999999987,0.5457570715474209
20,100,1,1.0,0.025,0.025,1394.5395910960067,1394.5395910960067,1582,-0.09764996153516245,-3.8631999999999973,0.5031605562579013,491,-0.1303893525648192,-1.6015999999999992,0.48676171079429736
20,100,1,1.3333333333333333,0.025,0.03333333333333333,1394.5395910960067,1859.386121461342,1276,-0.12533488373577467,-4.592599999999999,0.4114420062695925,379,-0.1579951727651356,-1.7103999999999997,0.39577836411609496
20,100,1,2.0,0.025,0.05,1394.5395910960067,2789.0791821920134,920,-0.1258331642587178,-4.017,0.30978260869565216,283,-0.10712816719630223,-1.0608,0.31802120141342755
20,100,1,3.0,0.025,0.07500000000000001,1394.5395910960067,4183.61877328802,689,-0.09270254468232272,-2.7163999999999997,0.2365747460087083,189,-0.06304362179278541,-0.5164,0.24867724867724866
20,100,1,0.75,0.04,0.03,2231.2633457536103,1673.4475093152078,951,-0.08640685902178764,-2.852599999999998,0.5657202944269191,284,-0.055810768288848685,-0.5483999999999996,0.5809859154929577
20,100,1,1.0,0.04,0.04,2231.2633457536103,2231.2633457536103,760,-0.1309871800045182,-3.9759999999999986,0.46710526315789475,229,0.017992190225258473,0.16460000000000025,0.5414847161572053
20,100,1,1.3333333333333333,0.04,0.05333333333333333,2231.2633457536103,2975.0177943381473,610,-0.11851508504554967,-3.306000000000001,0.3983606557377049,169,-0.013477370332156725,-0.10606666666666688,0.44970414201183434
20,100,1,2.0,0.04,0.08,2231.2633457536103,4462.526691507221,431,-0.07965578509052929,-1.9205999999999994,0.31786542923433875,121,0.0007738003512179431,0.005400000000000071,0.35537190082644626
20,100,1,3.0,0.04,0.12,2231.2633457536103,6693.790037260831,308,-0.08469943806150478,-1.7608000000000001,0.2305194805194805,73,-0.045333292509077416,-0.2298,0.2465753424657534
20,100,1,0.75,0.06,0.045,3346.8950186304155,2510.1712639728116,483,-0.14888926173084027,-3.7758000000000007,0.5217391304347826,129,-0.1070836968747492,-0.7254000000000003,0.5426356589147286
20,100,1,1.0,0.06,0.06,3346.8950186304155,3346.8950186304155,395,-0.08634190917186493,-2.0469999999999997,0.47848101265822784,93,-0.22876446968422753,-1.2618000000000003,0.40860215053763443
20,100,1,1.3333333333333333,0.06,0.07999999999999999,3346.8950186304155,4462.526691507221,298,-0.11851096528587282,-2.4148000000000023,0.38926174496644295,74,-0.16975796660084677,-0.8524000000000006,0.36486486486486486
20,100,1,2.0,0.06,0.12,3346.8950186304155,6693.790037260831,225,-0.16128592469321354,-2.925,0.27555555555555555,53,-0.4027833898324433,-1.5178,0.18867924528301888
20,100,1,3.0,0.06,0.18,3346.8950186304155,10040.685055891247,148,-0.10801574036001013,-1.5847999999999998,0.21621621621621623,35,-0.23380807566684947,-0.7510000000000001,0.17142857142857143
20,200,0,0.75,0.008,0.006,446.2526691507221,334.6895018630416,6453,-0.3573264860478556,-15.929799999999997,0.5808151247481791,2314,-0.38452187581953023,-6.174399999999999,0.5665514261019879
20,200,0,1.0,0.008,0.008,446.2526691507221,446.2526691507221,5736,-0.3027337972560698,-13.889599999999998,0.5111576011157601,2019,-0.35128467717591616,-5.673399999999999,0.4868746904408123
20,200,0,1.3333333333333333,0.008,0.010666666666666666,446.2526691507221,595.0035588676294,5064,-0.27078400168809785,-12.686399999999999,0.43364928909952605,1761,-0.30386023382039096,-4.927933333333334,0.4179443498012493
20,200,0,2.0,0.008,0.016,446.2526691507221,892.5053383014442,4237,-0.23213054930536878,-11.120199999999997,0.3323105971206042,1405,-0.2617356621636697,-4.116999999999999,0.3195729537366548
20,200,0,3.0,0.008,0.024,446.2526691507221,1338.7580074521663,3464,-0.16718383322357716,-8.110399999999997,0.25808314087759815,1099,-0.14834415574467497,-2.305399999999999,0.2656960873521383
20,200,0,0.75,0.015,0.01125,836.7237546576039,627.5428159932029,3430,-0.18408953713097734,-8.183,0.5795918367346938,1148,-0.22055193555263952,-3.2997999999999994,0.5609756097560976
20,200,0,1.0,0.015,0.015,836.7237546576039,836.7237546576039,2936,-0.16173624823473948,-7.123599999999997,0.5057901907356949,944,-0.1859616562592193,-2.6343999999999994,0.4936440677966102
20,200,0,1.3333333333333333,0.015,0.019999999999999997,836.7237546576039,1115.6316728768052,2461,-0.1322932721001579,-5.653599999999999,0.43722064201544086,787,-0.15864576635582078,-2.1611999999999996,0.4243964421855146
20,200,0,2.0,0.015,0.03,836.7237546576039,1673.4475093152078,1902,-0.07343553464327895,-3.010199999999998,0.3559411146161935,602,-0.12123946021647315,-1.5501999999999994,0.3338870431893688
20,200,0,3.0,0.015,0.045,836.7237546576039,2510.1712639728116,1443,-0.08619339356278635,-3.2567999999999993,0.25571725571725573,442,-0.07547824483893718,-0.8792,0.26018099547511314
20,200,0,0.75,0.025,0.018750000000000003,1394.5395910960067,1045.904693322005,1853,-0.10595815187569137,-4.2427999999999955,0.5785213167835942,560,-0.1376719616076972,-1.6747499999999982,0.5625
20,200,0,1.0,0.025,0.025,1394.5395910960067,1394.5395910960067,1536,-0.05716924414172418,-2.1935999999999973,0.5234375,470,-0.05719330562762059,-0.671999999999999,0.5234042553191489
20,200,0,1.3333333333333333,0.025,0.03333333333333333,1394.5395910960067,1859.386121461342,1220,-0.07473768458791791,-2.6386666666666656,0.4360655737704918,365,-0.08115652799585968,-0.8573333333333332,0.4328767123287671
20,200,0,2.0,0.025,0.05,1394.5395910960067,2789.0791821920134,882,-0.0710334716396827,-2.2182000000000004,0.3344671201814059,264,-0.10675588260334168,-0.9864,0.3181818181818182
20,200,0,3.0,0.025,0.07500000000000001,1394.5395910960067,4183.61877328802,650,-0.02226196025103127,-0.6399999999999995,0.26615384615384613,198,-0.11598073067154889,-0.9648000000000001,0.22727272727272727
20,200,0,0.75,0.04,0.03,2231.2633457536103,1673.4475093152078,908,-0.05263925067918137,-1.6507999999999983,0.5825991189427313,266,-0.08989259860754908,-0.8315999999999996,0.5639097744360902
20,200,0,1.0,0.04,0.04,2231.2633457536103,2231.2633457536103,708,-0.050844836263244424,-1.4407999999999985,0.5070621468926554,203,-0.04028212391201418,-0.3277999999999996,0.5123152709359606
20,200,0,1.3333333333333333,0.04,0.05333333333333333,2231.2633457536103,2975.0177943381473,563,-0.057274722589722285,-1.4904666666666675,0.4280639431616341,161,-0.006032342974450933,-0.0452666666666669,0.453416149068323
20,200,0,2.0,0.04,0.08,2231.2633457536103,4462.526691507221,414,-0.04590639762598637,-1.0763999999999994,0.3333333333333333,108,0.06919337007779332,0.43920000000000003,0.3888888888888889
20,200,0,3.0,0.04,0.12,2231.2633457536103,6693.790037260831,298,-0.0738272608792066,-1.4948000000000004,0.2348993288590604,71,0.03408233698287581,0.17539999999999994,0.28169014084507044
20,200,0,0.75,0.06,0.045,3346.8950186304155,2510.1712639728116,475,-0.1230752001339875,-3.065000000000001,0.5347368421052632,137,-0.06857364611999296,-0.4912000000000004,0.5620437956204379
20,200,0,1.0,0.06,0.06,3346.8950186304155,3346.8950186304155,374,-0.10219716290160079,-2.2923999999999998,0.47058823529411764,97,-0.09451503549129012,-0.5521999999999998,0.4742268041237113
20,200,0,1.3333333333333333,0.06,0.07999999999999999,3346.8950186304155,4462.526691507221,294,-0.009982042177575532,-0.2044000000000027,0.4421768707482993,79,0.04223847410087473,0.23459999999999936,0.46835443037974683
20,200,0,2.0,0.06,0.12,3346.8950186304155,6693.790037260831,211,-0.07527212796369838,-1.3286,0.3127962085308057,47,0.11385387360637142,0.47779999999999984,0.40425531914893614
20,200,0,3.0,0.06,0.18,3346.8950186304155,10040.685055891247,141,0.03511266893950588,0.5334000000000003,0.2765957446808511,28,-0.024567690745599807,-0.0728000000000001,0.25
20,200,1,0.75,0.008,0.006,446.2526691507221,334.6895018630416,4459,-0.3670962911012814,-11.327399999999999,0.5756896165059431,1664,-0.41069743770736933,-4.7584,0.5528846153846154
20,200,1,1.0,0.008,0.008,446.2526691507221,446.2526691507221,4053,-0.31043747563777013,-10.065799999999998,0.5072785590920306,1492,-0.366748889563922,-4.375199999999999,0.4792225201072386
20,200,1,1.3333333333333333,0.008,0.010666666666666666,446.2526691507221,595.0035588676294,3630,-0.2835720939027059,-9.507333333333333,0.4275482093663912,1338,-0.3330757337450393,-4.084133333333334,0.40433482810164423
20,200,1,2.0,0.008,0.016,446.2526691507221,892.5053383014442,3141,-0.22831380628631165,-8.118599999999999,0.33397007322508754,1117,-0.27012085056481766,-3.3681999999999994,0.3160250671441361
20,200,1,3.0,0.008,0.024,446.2526691507221,1338.7580074521663,2677,-0.1878428136196493,-6.968199999999998,0.24990661187896898,899,-0.17833893646180896,-2.233399999999999,0.25361512791991103
20,200,1,0.75,0.015,0.01125,836.7237546576039,627.5428159932029,2671,-0.1789956045255331,-6.190849999999998,0.5821789591913141,943,-0.22260881040842598,-2.7367999999999992,0.559915164369035
20,200,1,1.0,0.015,0.015,836.7237546576039,836.7237546576039,2331,-0.14205551424069052,-4.9655999999999985,0.5156585156585156,815,-0.15975286310603293,-1.9539999999999993,0.5067484662576687
20,200,1,1.3333333333333333,0.015,0.019999999999999997,836.7237546576039,1115.6316728768052,2029,-0.10526985181849909,-3.7203999999999997,0.4504682109413504,697,-0.11974338096268188,-1.4522,0.4433285509325681
20,200,1,2.0,0.015,0.03,836.7237546576039,1673.4475093152078,1630,-0.07236436842425677,-2.5429999999999984,0.35644171779141104,534,-0.08570874294187195,-0.9833999999999992,0.350187265917603
20,200,1,3.0,0.015,0.045,836.7237546576039,2510.1712639728116,1256,-0.08271720101601804,-2.725599999999999,0.2571656050955414,394,-0.0031967180602270467,-0.034399999999999764,0.2918781725888325
20,200,1,0.75,0.025,0.018750000000000003,1394.5395910960067,1045.904693322005,1607,-0.10184456250085865,-3.534449999999996,0.5805849408836341,513,-0.12825272081754438,-1.4275499999999988,0.5672514619883041
20,200,1,1.0,0.025,0.025,1394.5395910960067,1394.5395910960067,1355,-0.07816697239110866,-2.647999999999998,0.5129151291512916,430,-0.02497943554099121,-0.2679999999999993,0.5395348837209303
20,200,1,1.3333333333333333,0.025,0.03333333333333333,1394.5395910960067,1859.386121461342,1108,-0.07135810906703745,-2.289133333333333,0.43772563176895307,333,-0.03344973990512818,-0.32413333333333333,0.45645645645645644
20,200,1,2.0,0.025,0.05,1394.5395910960067,2789.0791821920134,836,-0.07523085603200286,-2.2236000000000002,0.33253588516746413,241,0.0026769169417625435,0.023400000000000212,0.36929460580912865
20,200,1,3.0,0.025,0.07500000000000001,1394.5395910960067,4183.61877328802,624,-0.07935237350514608,-2.1224,0.2419871794871795,160,0.11702024746921799,0.8840000000000003,0.33125
20,200,1,0.75,0.04,0.03,2231.2633457536103,1673.4475093152078,827,-0.07880443268845179,-2.260199999999999,0.5695284159613059,250,-0.025568219671206285,-0.21999999999999964,0.596
20,200,1,1.0,0.04,0.04,2231.2633457536103,2231.2633457536103,660,-0.08920100606759329,-2.355999999999999,0.48787878787878786,205,0.037545112177712545,0.3070000000000004,0.551219512195122
20,200,1,1.3333333333333333,0.04,0.05333333333333333,2231.2633457536103,2975.0177943381473,539,-0.11352904018538974,-2.801400000000001,0.4007421150278293,156,0.04856096913087325,0.35439999999999977,0.4807692307692308
20,200,1,2.0,0.04,0.08,2231.2633457536103,4462.526691507221,393,-0.11346698562826657,-2.4617999999999993,0.30279898218829515,101,0.18126867177990577,1.0974000000000006,0.44554455445544555
20,200,1,3.0,0.04,0.12,2231.2633457536103,6693.790037260831,294,-0.10864307157873052,-2.1244000000000005,0.22108843537414966,68,0.09146879056691415,0.4632,0.3088235294117647
20,200,1,0.75,0.06,0.045,3346.8950186304155,2510.1712639728116,446,-0.10744965268833599,-2.5096000000000007,0.5426008968609866,138,0.04046258950350673,0.28619999999999973,0.6159420289855072
20,200,1,1.0,0.06,0.06,3346.8950186304155,3346.8950186304155,360,-0.12693212277340907,-2.7359999999999998,0.4583333333333333,93,-0.053797560667237856,-0.30179999999999996,0.4946236559139785
20,200,1,1.3333333333333333,0.06,0.07999999999999999,3346.8950186304155,4462.526691507221,279,-0.09308089364328338,-1.7854000000000019,0.4014336917562724,73,0.1459244354547255,0.7501999999999993,0.5205479452054794
20,200,1,2.0,0.06,0.12,3346.8950186304155,6693.790037260831,200,-0.016377803065891164,-0.2800000000000005,0.34,48,-0.1713330387724743,-0.6648000000000001,0.2708333333333333
20,200,1,3.0,0.06,0.18,3346.8950186304155,10040.685055891247,129,0.12193037189239453,1.7646000000000002,0.3178294573643411,26,-0.06997039081760292,-0.18760000000000004,0.23076923076923078
20,400,0,0.75,0.008,0.006,446.2526691507221,334.6895018630416,4776,-0.3853058186544254,-12.7696,0.5661641541038526,1722,-0.4040819178146077,-4.841199999999999,0.5563298490127758
20,400,0,1.0,0.008,0.008,446.2526691507221,446.2526691507221,4343,-0.32887899512804036,-11.427799999999998,0.4980428275385678,1558,-0.3493820344487576,-4.354799999999999,0.4878048780487805
20,400,0,1.3333333333333333,0.008,0.010666666666666666,446.2526691507221,595.0035588676294,3958,-0.2890273574609866,-10.557466666666667,0.4249621020717534,1384,-0.29376668331287814,-3.7504,0.4226878612716763
20,400,0,2.0,0.008,0.016,446.2526691507221,892.5053383014442,3436,-0.2393836189345006,-9.2776,0.32916181606519207,1149,-0.24578690657398086,-3.1794,0.3263707571801567
20,400,0,3.0,0.008,0.024,446.2526691507221,1338.7580074521663,2952,-0.2069124369154548,-8.379199999999997,0.24254742547425473,949,-0.1855207002076546,-2.443399999999999,0.2507903055848261
20,400,0,0.75,0.015,0.01125,836.7237546576039,627.5428159932029,2722,-0.20474415888000164,-7.245949999999999,0.5690668626010287,934,-0.23930856496612987,-2.919649999999999,0.5513918629550322
20,400,0,1.0,0.015,0.015,836.7237546576039,836.7237546576039,2377,-0.1880385993027637,-6.705199999999998,0.492637778712663,793,-0.2149981267160271,-2.556799999999999,0.4791929382093317
20,400,0,1.3333333333333333,0.015,0.019999999999999997,836.7237546576039,1115.6316728768052,2074,-0.15690916100008173,-5.6324,0.4252651880424301,676,-0.20791396494187753,-2.4126,0.40088757396449703
20,400,0,2.0,0.015,0.03,836.7237546576039,1673.4475093152078,1653,-0.08688269422905433,-3.082799999999998,0.34966727162734423,546,-0.1636583208050372,-1.8695999999999993,0.315018315018315
20,400,0,3.0,0.015,0.045,836.7237546576039,2510.1712639728116,1274,-0.12041345068392599,-3.9423999999999992,0.24175824175824176,412,-0.13629509794428515,-1.4312,0.2354368932038835
20,400,0,0.75,0.025,0.018750000000000003,1394.5395910960067,1045.904693322005,1538,-0.13147136830814513,-4.386299999999997,0.5656697009102731,495,-0.18331138049903467,-1.9807499999999991,0.5393939393939394
20,400,0,1.0,0.025,0.025,1394.5395910960067,1394.5395910960067,1311,-0.09252910175091913,-3.0335999999999976,0.505720823798627,414,-0.12319764322718972,-1.2763999999999993,0.49033816425120774
20,400,0,1.3333333333333333,0.025,0.03333333333333333,1394.5395910960067,1859.386121461342,1082,-0.08004798007836218,-2.5048666666666666,0.433456561922366,343,-0.07804257910714461,-0.7751333333333331,0.43440233236151604
20,400,0,2.0,0.025,0.05,1394.5395910960067,2789.0791821920134,816,-0.11966450427293676,-3.3966000000000003,0.3125,253,-0.10234395405804084,-0.9077999999999999,0.3201581027667984
20,400,0,3.0,0.025,0.07500000000000001,1394.5395910960067,4183.61877328802,619,-0.09446337006208226,-2.4844,0.2358642972536349,182,-0.22819457277984245,-1.6232,0.18681318681318682
20,400,0,0.75,0.04,0.03,2231.2633457536103,1673.4475093152078,810,-0.025003195074654767,-0.6959999999999983,0.5962962962962963,247,-0.043632823641946095,-0.3721999999999994,0.5870445344129555
20,400,0,1.0,0.04,0.04,2231.2633457536103,2231.2633457536103,653,-0.0695416061409091,-1.8177999999999988,0.49770290964777947,201,-0.0003232544516823546,-0.0025999999999998247,0.5323383084577115
20,400,0,1.3333333333333333,0.04,0.05333333333333333,2231.2633457536103,2975.0177943381473,518,-0.10783352854980052,-2.560133333333334,0.4034749034749035,150,-0.03298579482336279,-0.2300000000000001,0.44
20,400,0,2.0,0.04,0.08,2231.2633457536103,4462.526691507221,387,-0.0912118180130246,-1.9661999999999995,0.31266149870801035,109,-0.11319535116201383,-0.6833999999999998,0.30275229357798167
20,400,0,3.0,0.04,0.12,2231.2633457536103,6693.790037260831,282,-0.07593380610279307,-1.4532000000000003,0.23404255319148937,69,-0.012163961382779025,-0.05940000000000005,0.2608695652173913
20,400,0,0.75,0.06,0.045,3346.8950186304155,2510.1712639728116,444,-0.11154171305224514,-2.594400000000001,0.5405405405405406,126,-0.03394737751425984,-0.22260000000000013,0.5793650793650794
20,400,0,1.0,0.06,0.06,3346.8950186304155,3346.8950186304155,347,-0.10969893101376461,-2.2821999999999996,0.4668587896253602,89,0.012794273439876243,0.0686000000000001,0.5280898876404494
20,400,0,1.3333333333333333,0.06,0.07999999999999999,3346.8950186304155,4462.526691507221,286,-0.048626556032223295,-0.9636000000000026,0.4230769230769231,73,-0.1012397995064656,-0.5098000000000006,0.3972602739726027
20,400,0,2.0,0.06,0.12,3346.8950186304155,6693.790037260831,203,-0.04824455794209495,-0.8278000000000001,0.3251231527093596,46,-0.14315223431094037,-0.5396000000000001,0.2826086956521739
20,400,0,3.0,0.06,0.18,3346.8950186304155,10040.685055891247,133,0.03859934599510689,0.5542000000000005,0.2781954887218045,34,-0.21801806987766853,-0.6884000000000001,0.17647058823529413
20,400,1,0.75,0.008,0.006,446.2526691507221,334.6895018630416,3149,-0.38215663220013646,-8.3474,0.5677993013655128,1221,-0.4202249383559357,-3.5766,0.547911547911548
20,400,1,1.0,0.008,0.008,446.2526691507221,446.2526691507221,2901,-0.32184368510572803,-7.470599999999998,0.5015511892450879,1124,-0.36968554060972936,-3.3223999999999996,0.4777580071174377
20,400,1,1.3333333333333333,0.008,0.010666666666666666,446.2526691507221,595.0035588676294,2698,-0.2661058072978952,-6.6468,0.43587842846553004,1022,-0.35922852722088056,-3.3478666666666665,0.3923679060665362
20,400,1,2.0,0.008,0.016,446.2526691507221,892.5053383014442,2395,-0.2205429178468602,-5.994999999999999,0.3373695198329854,881,-0.3014108412937892,-2.930599999999999,0.3030646992054484
20,400,1,3.0,0.008,0.024,446.2526691507221,1338.7580074521663,2114,-0.1714152138037968,-5.064399999999998,0.2563859981078524,773,-0.23616037793228267,-2.4657999999999993,0.2315653298835705
20,400,1,0.75,0.015,0.01125,836.7237546576039,627.5428159932029,2058,-0.17145522426270085,-4.563299999999999,0.5860058309037901,736,-0.2814821485026682,-2.716099999999999,0.529891304347826
20,400,1,1.0,0.015,0.015,836.7237546576039,836.7237546576039,1834,-0.15260474332442436,-4.1983999999999995,0.5103598691384951,650,-0.2508069646085082,-2.4399999999999995,0.46153846153846156
20,400,1,1.3333333333333333,0.015,0.019999999999999997,836.7237546576039,1115.6316728768052,1643,-0.14647907838881905,-4.171799999999999,0.4303104077906269,585,-0.18092828907131805,-1.8259999999999996,0.41367521367521365
20,400,1,2.0,0.015,0.03,836.7237546576039,1673.4475093152078,1345,-0.11650270908312181,-3.3319999999999985,0.33605947955390336,471,-0.1509341372858951,-1.4945999999999997,0.3205944798301486
20,400,1,3.0,0.015,0.045,836.7237546576039,2510.1712639728116,1071,-0.09945755621533894,-2.769599999999999,0.25023342670401494,380,-0.1955125517958053,-1.8279999999999998,0.2131578947368421
20,400,1,0.75,0.025,0.018750000000000003,1394.5395910960067,1045.904693322005,1318,-0.1307916463087644,-3.7392999999999965,0.5660091047040972,434,-0.20193651722570452,-1.915899999999999,0.5299539170506913
20,400,1,1.0,0.025,0.025,1394.5395910960067,1394.5395910960067,1131,-0.09953607384379656,-2.815599999999998,0.502210433244916,366,-0.13119185687646237,-1.2015999999999993,0.48633879781420764
20,400,1,1.3333333333333333,0.025,0.03333333333333333,1394.5395910960067,1859.386121461342,954,-0.0683505811565769,-1.8887333333333336,0.4392033542976939,295,-0.10679269889262615,-0.9086666666666663,0.42033898305084744
20,400,1,2.0,0.025,0.05,1394.5395910960067,2789.0791821920134,735,-0.1156272631640429,-2.9609999999999994,0.3142857142857143,225,-0.08306366486076941,-0.6599999999999998,0.3288888888888889
20,400,1,3.0,0.025,0.07500000000000001,1394.5395910960067,4183.61877328802,569,-0.1131058390084015,-2.7043999999999992,0.22847100175746923,161,-0.21099128902591954,-1.3436,0.19254658385093168
20,400,1,0.75,0.04,0.03,2231.2633457536103,1673.4475093152078,727,-0.08989708815327839,-2.2701999999999987,0.5639614855570839,222,-0.10049177588101389,-0.7771999999999996,0.5585585585585585
20,400,1,1.0,0.04,0.04,2231.2633457536103,2231.2633457536103,588,-0.08194889132222095,-1.9287999999999987,0.4914965986394558,188,-0.08606631380429053,-0.6487999999999997,0.48936170212765956
20,400,1,1.3333333333333333,0.04,0.05333333333333333,2231.2633457536103,2975.0177943381473,479,-0.07878169048373942,-1.7387333333333332,0.4175365344467641,138,-0.1637022370636414,-1.0254666666666667,0.37681159420289856
20,400,1,2.0,0.04,0.08,2231.2633457536103,4462.526691507221,353,-0.0684521606927529,-1.3578,0.32294617563739375,98,-0.016848858191549465,-0.0948,0.3469387755102041
20,400,1,3.0,0.04,0.12,2231.2633457536103,6693.790037260831,252,-0.05635451275235476,-0.9751999999999998,0.24206349206349206,75,0.0009359203864095287,0.004999999999999977,0.26666666666666666
20,400,1,0.75,0.06,0.045,3346.8950186304155,2510.1712639728116,424,-0.09367494342402369,-2.0774000000000004,0.5495283018867925,114,-0.19153531772732085,-1.1514000000000002,0.5
20,400,1,1.0,0.06,0.06,3346.8950186304155,3346.8950186304155,341,-0.06964824448283673,-1.4265999999999999,0.4868035190615836,82,-0.14070378240705522,-0.6931999999999999,0.45121951219512196
20,400,1,1.3333333333333333,0.06,0.07999999999999999,3346.8950186304155,4462.526691507221,266,-0.09917528816169334,-1.8116000000000019,0.39849624060150374,69,0.061841872527512505,0.30059999999999926,0.4782608695652174
20,400,1,2.0,0.06,0.12,3346.8950186304155,6693.790037260831,193,-0.09109803458474691,-1.4618000000000004,0.30569948186528495,39,0.07474192169815162,0.25859999999999983,0.38461538461538464
20,400,1,3.0,0.06,0.18,3346.8950186304155,10040.685055891247,133,-0.10323366434891207,-1.3658,0.21804511278195488,28,-0.024567690745599783,-0.07280000000000003,0.25
40,50,0,0.75,0.008,0.006,446.2526691507221,334.6895018630416,10850,-0.3632903824171694,-27.257999999999996,0.5776958525345622,3549,-0.3461868278948021,-8.4714,0.5866441251056635
40,50,0,1.0,0.008,0.008,446.2526691507221,446.2526691507221,9097,-0.3158718986744709,-22.9882,0.5045619434978564,2937,-0.30492109270211903,-7.164199999999999,0.5100442628532517
40,50,0,1.3333333333333333,0.008,0.010666666666666666,446.2526691507221,595.0035588676294,7605,-0.2845627566167642,-19.983666666666664,0.4270874424720579,2399,-0.2528176583793519,-5.624066666666667,0.44226761150479366
40,50,0,2.0,0.008,0.016,446.2526691507221,892.5053383014442,5993,-0.23503274886389694,-15.909799999999997,0.33105289504421825,1796,-0.20032637415200405,-4.1095999999999995,0.3463251670378619
40,50,0,3.0,0.008,0.024,446.2526691507221,1338.7580074521663,4577,-0.18162960066564265,-11.556199999999997,0.2523487000218484,1371,-0.1346982233164378,-2.6285999999999987,0.2713347921225383
40,50,0,0.75,0.015,0.01125,836.7237546576039,627.5428159932029,4910,-0.20321015008699386,-12.968499999999997,0.569857433808554,1540,-0.1873370640476866,-3.7414999999999994,0.577922077922078
40,50,0,1.0,0.015,0.015,836.7237546576039,836.7237546576039,4058,-0.17725569597265312,-10.790799999999997,0.4980285855101035,1234,-0.1425490056417754,-2.6383999999999985,0.5153970826580226
40,50,0,1.3333333333333333,0.015,0.019999999999999997,836.7237546576039,1115.6316728768052,3253,-0.14764172417521657,-8.322799999999999,0.4297571472486935,984,-0.1140438414040085,-1.9534000000000002,0.44613821138211385
40,50,0,2.0,0.015,0.03,836.7237546576039,1673.4475093152078,2407,-0.12560788366307846,-6.408199999999996,0.33194848358953055,671,-0.11480672069707984,-1.6395999999999993,0.33681073025335323
40,50,0,3.0,0.015,0.045,836.7237546576039,2510.1712639728116,1755,-0.11940768683468896,-5.387999999999999,0.24216524216524216,498,-0.022619529697577023,-0.30479999999999974,0.28313253012048195
40,50,0,0.75,0.025,0.018750000000000003,1394.5395910960067,1045.904693322005,2346,-0.11885422311172338,-6.0370999999999935,0.5720375106564365,707,-0.07488029970465601,-1.138199999999998,0.594059405940594
40,50,0,1.0,0.025,0.025,1394.5395910960067,1394.5395910960067,1886,-0.09867299073255047,-4.653599999999997,0.5026511134676565,545,-0.061796497688505724,-0.841999999999999,0.5211009174311927
40,50,0,1.3333333333333333,0.025,0.03333333333333333,1394.5395910960067,1859.386121461342,1461,-0.08883555727647342,-3.748599999999999,0.42915811088295686,400,-0.07684238239966734,-0.8899999999999999,0.435
40,50,0,2.0,0.025,0.05,1394.5395910960067,2789.0791821920134,1029,-0.04629628807780607,-1.7004000000000004,0.3459669582118562,289,-0.04612399430396269,-0.4763999999999997,0.3460207612456747
40,50,0,3.0,0.025,0.07500000000000001,1394.5395910960067,4183.61877328802,724,-0.05016610102285687,-1.5823999999999996,0.2541436464088398,196,-0.03591047360452061,-0.3095999999999999,0.2602040816326531
40,50,0,0.75,0.04,0.03,2231.2633457536103,1673.4475093152078,1081,-0.06524103397519032,-2.440599999999998,0.57631822386679,304,-0.013456600529468808,-0.14039999999999958,0.6019736842105263
40,50,0,1.0,0.04,0.04,2231.2633457536103,2231.2633457536103,852,-0.03916846504344176,-1.3351999999999986,0.5129107981220657,244,0.025215018389537807,0.2456000000000004,0.5450819672131147
40,50,0,1.3333333333333333,0.04,0.05333333333333333,2231.2633457536103,2975.0177943381473,623,-0.03995359918991913,-1.1531333333333342,0.43659711075441415,172,-0.0175537228594182,-0.1405333333333335,0.4476744186046512
40,50,0,2.0,0.04,0.08,2231.2633457536103,4462.526691507221,430,-0.13600960123159836,-3.197999999999999,0.2930232558139535,121,0.03482396335790115,0.24539999999999992,0.371900826446281
40,50,0,3.0,0.04,0.12,2231.2633457536103,6693.790037260831,307,0.016494837097171398,0.36179999999999984,0.2736156351791531,81,-0.07430684145063261,-0.4106000000000002,0.2345679012345679
40,50,0,0.75,0.06,0.045,3346.8950186304155,2510.1712639728116,532,-0.07628812714993127,-2.1182000000000007,0.5582706766917294,144,-0.13656038515529723,-1.0344000000000002,0.5277777777777778
40,50,0,1.0,0.06,0.06,3346.8950186304155,3346.8950186304155,401,-0.09070357050086822,-2.1825999999999994,0.4763092269326683,111,-0.03417074715879006,-0.22859999999999975,0.5045045045045045
40,50,0,1.3333333333333333,0.06,0.07999999999999999,3346.8950186304155,4462.526691507221,312,-0.15565823649998048,-3.2912000000000026,0.3717948717948718,81,-0.030181480338208107,-0.17060000000000058,0.43209876543209874
40,50,0,2.0,0.06,0.12,3346.8950186304155,6693.790037260831,216,-0.04051132006496464,-0.7416000000000004,0.3287037037037037,59,-0.17081477561864558,-0.8134000000000001,0.2711864406779661
40,50,0,3.0,0.06,0.18,3346.8950186304155,10040.685055891247,156,-0.1203151630784421,-1.8456,0.21153846153846154,31,-0.16753816502024627,-0.5006,0.1935483870967742
40,50,1,0.75,0.008,0.006,446.2526691507221,334.6895018630416,10375,-0.3624791121523641,-26.003,0.5781204819277108,3389,-0.3597686484828606,-8.427399999999999,0.579521982885807
40,50,1,1.0,0.008,0.008,446.2526691507221,446.2526691507221,8700,-0.31534140257599635,-21.947999999999997,0.5048275862068966,2810,-0.3142858206395643,-7.065999999999998,0.505338078291815
40,50,1,1.3333333333333333,0.008,0.010666666666666666,446.2526691507221,595.0035588676294,7305,-0.289722959952525,-19.529,0.4246406570841889,2321,-0.24880478404801362,-5.357266666666666,0.44420508401551057
40,50,1,2.0,0.008,0.016,446.2526691507221,892.5053383014442,5777,-0.23443095343329384,-15.300199999999997,0.33131383070797993,1765,-0.1830332927995561,-3.7089999999999987,0.35410764872521244
40,50,1,3.0,0.008,0.024,446.2526691507221,1338.7580074521663,4471,-0.1795017812007803,-11.168599999999998,0.253187206441512,1333,-0.1251697827072706,-2.385799999999999,0.2753188297074269
40,50,1,0.75,0.015,0.01125,836.7237546576039,627.5428159932029,4776,-0.20018582915085412,-12.421349999999997,0.5713986599664992,1490,-0.18219724940659981,-3.5177499999999986,0.5805369127516778
40,50,1,1.0,0.015,0.015,836.7237546576039,836.7237546576039,3943,-0.1781314750482695,-10.536799999999998,0.4975906670048187,1186,-0.16315481751951486,-2.9035999999999986,0.5050590219224284
40,50,1,1.3333333333333333,0.015,0.019999999999999997,836.7237546576039,1115.6316728768052,3201,-0.14419914463289582,-8.0026,0.43142767885035926,959,-0.14788212503586207,-2.4583999999999997,0.42961418143899893
40,50,1,2.0,0.015,0.03,836.7237546576039,1673.4475093152078,2386,-0.14154431370809753,-7.118599999999997,0.3248113998323554,674,-0.14121187972841506,-2.007399999999999,0.3249258160237389
40,50,1,3.0,0.015,0.045,836.7237546576039,2510.1712639728116,1732,-0.1375688446755389,-6.0632,0.23498845265588914,476,-0.007523917110969779,-0.09759999999999985,0.28991596638655465
40,50,1,0.75,0.025,0.018750000000000003,1394.5395910960067,1045.904693322005,2280,-0.1364618486494363,-6.752999999999994,0.5631578947368421,694,-0.11305438669342725,-1.6981499999999983,0.5749279538904899
40,50,1,1.0,0.025,0.025,1394.5395910960067,1394.5395910960067,1846,-0.1072217839125359,-4.949599999999997,0.49837486457204766,532,-0.07388872550459027,-0.9831999999999991,0.5150375939849624
40,50,1,1.3333333333333333,0.025,0.03333333333333333,1394.5395910960067,1859.386121461342,1420,-0.09085850062998525,-3.7253333333333325,0.428169014084507,396,-0.04238754526591965,-0.48793333333333305,0.45202020202020204
40,50,1,2.0,0.025,0.05,1394.5395910960067,2789.0791821920134,1011,-0.06278769902060592,-2.2536000000000005,0.33827893175074186,278,-0.0786272254484931,-0.7727999999999997,0.33093525179856115
40,50,1,3.0,0.025,0.07500000000000001,1394.5395910960067,4183.61877328802,758,-0.07751519955115582,-2.5207999999999995,0.24274406332453827,191,-0.13510612633498048,-1.0715999999999999,0.2198952879581152
40,50,1,0.75,0.04,0.03,2231.2633457536103,1673.4475093152078,1068,-0.08676511442433851,-3.216799999999998,0.5655430711610487,303,-0.056073221087853946,-0.5877999999999994,0.5808580858085809
40,50,1,1.0,0.04,0.04,2231.2633457536103,2231.2633457536103,841,-0.07090436465697662,-2.3865999999999987,0.49702734839476814,243,0.04630284212983493,0.44820000000000054,0.5555555555555556
40,50,1,1.3333333333333333,0.04,0.05333333333333333,2231.2633457536103,2975.0177943381473,633,-0.08953014000776671,-2.6058000000000003,0.41232227488151657,174,-0.01634619660192706,-0.13240000000000007,0.4482758620689655
40,50,1,2.0,0.04,0.08,2231.2633457536103,4462.526691507221,428,-0.18295396595217628,-4.192799999999998,0.2733644859813084,113,0.12307018047018277,0.8262,0.415929203539823
40,50,1,3.0,0.04,0.12,2231.2633457536103,6693.790037260831,314,-0.01159990584936693,-0.2564000000000004,0.2611464968152866,75,-0.029500279431368494,-0.15500000000000008,0.25333333333333335
40,50,1,0.75,0.06,0.045,3346.8950186304155,2510.1712639728116,523,-0.1142295902008732,-3.1298000000000012,0.5391969407265774,146,-0.0693855982864399,-0.5296000000000003,0.5616438356164384
40,50,1,1.0,0.06,0.06,3346.8950186304155,3346.8950186304155,397,-0.08107237158751182,-1.9321999999999995,0.4811083123425693,106,-0.0431284464487391,-0.2755999999999997,0.5
40,50,1,1.3333333333333333,0.06,0.07999999999999999,3346.8950186304155,4462.526691507221,305,-0.09607207063853089,-2.0130000000000026,0.4,78,-0.1276974697200136,-0.6828000000000004,0.38461538461538464
40,50,1,2.0,0.06,0.12,3346.8950186304155,6693.790037260831,218,0.03031896355424466,0.5731999999999993,0.3623853211009174,55,-0.08295174855554845,-0.3830000000000001,0.3090909090909091
40,50,1,3.0,0.06,0.18,3346.8950186304155,10040.685055891247,149,-0.060968726755149937,-0.9273999999999999,0.2348993288590604,32,-0.10019520629790314,-0.32320000000000004,0.21875
40,100,0,0.75,0.008,0.006,446.2526691507221,334.6895018630416,7490,-0.35995558822174667,-18.634,0.5794392523364486,2654,-0.3641050894056799,-6.684399999999999,0.5772418990203466
40,100,0,1.0,0.008,0.008,446.2526691507221,446.2526691507221,6557,-0.3226886036472757,-16.928199999999997,0.5011438157694067,2282,-0.326681748870085,-5.965199999999999,0.4991235758106924
40,100,0,1.3333333333333333,0.008,0.010666666666666666,446.2526691507221,595.0035588676294,5723,-0.28684771896482425,-15.154466666666668,0.4260003494670627,1939,-0.2803017809760401,-5.022733333333333,0.4290871583290356
40,100,0,2.0,0.008,0.016,446.2526691507221,892.5053383014442,4731,-0.25082666652993235,-13.3326,0.3242443458042697,1543,-0.25275615447275235,-4.3797999999999995,0.3233959818535321
40,100,0,3.0,0.008,0.024,446.2526691507221,1338.7580074521663,3821,-0.21020402316784728,-10.998599999999996,0.24129808950536508,1232,-0.18548860575568524,-3.171199999999999,0.2508116883116883
40,100,0,0.75,0.015,0.01125,836.7237546576039,627.5428159932029,3899,-0.19559246962830115,-9.901149999999998,0.573736855604001,1272,-0.22296610433495903,-3.6971999999999996,0.559748427672956
40,100,0,1.0,0.015,0.015,836.7237546576039,836.7237546576039,3315,-0.16577156110847915,-8.243999999999996,0.5037707390648567,1051,-0.1703984806653117,-2.687599999999999,0.5014272121788773
40,100,0,1.3333333333333333,0.015,0.019999999999999997,836.7237546576039,1115.6316728768052,2727,-0.1430653950808225,-6.765199999999998,0.43197653098643196,876,-0.15575274888379578,-2.3626,0.4257990867579909
40,100,0,2.0,0.015,0.03,836.7237546576039,1673.4475093152078,2135,-0.13468788980105012,-6.075999999999997,0.32786885245901637,652,-0.1236023105674239,-1.710199999999999,0.3328220858895706
40,100,0,3.0,0.015,0.045,836.7237546576039,2510.1712639728116,1605,-0.13463020426877703,-5.507999999999999,0.23613707165109035,484,-0.03677937829346041,-0.47839999999999977,0.2768595041322314
40,100,0,0.75,0.025,0.018750000000000003,1394.5395910960067,1045.904693322005,2007,-0.11991762728765391,-5.211949999999996,0.5714997508719482,624,-0.14085588487516001,-1.9098999999999986,0.5608974358974359
40,100,0,1.0,0.025,0.025,1394.5395910960067,1394.5395910960067,1660,-0.06547474741116172,-2.7159999999999975,0.519277108433735,500,-0.1038959479479348,-1.299999999999999,0.5
40,100,0,1.3333333333333333,0.025,0.03333333333333333,1394.5395910960067,1859.386121461342,1320,-0.11294596087101723,-4.290333333333333,0.4174242424242424,388,-0.028821042991746933,-0.32546666666666657,0.4587628865979381
40,100,0,2.0,0.025,0.05,1394.5395910960067,2789.0791821920134,943,-0.1141441181105029,-3.751800000000001,0.3149522799575822,275,0.035797598019887106,0.3600000000000003,0.38545454545454544
40,100,0,3.0,0.025,0.07500000000000001,1394.5395910960067,4183.61877328802,703,-0.10450907267950377,-3.1028,0.23186344238975817,176,-0.033216812661010134,-0.2576,0.26136363636363635
40,100,0,0.75,0.04,0.03,2231.2633457536103,1673.4475093152078,998,-0.09157759579320887,-3.1747999999999976,0.56312625250501,282,-0.09711251765142595,-0.9531999999999996,0.5602836879432624
40,100,0,1.0,0.04,0.04,2231.2633457536103,2231.2633457536103,765,-0.10816724073878303,-3.3089999999999984,0.47843137254901963,226,-0.020726549366273363,-0.18759999999999966,0.5221238938053098
40,100,0,1.3333333333333333,0.04,0.05333333333333333,2231.2633457536103,2975.0177943381473,595,-0.16128555838098665,-4.347000000000001,0.37815126050420167,170,-0.018789922812075234,-0.14866666666666675,0.4470588235294118
40,100,0,2.0,0.04,0.08,2231.2633457536103,4462.526691507221,443,-0.07873182371109849,-1.9517999999999998,0.3182844243792325,114,0.02770048247455823,0.1835999999999999,0.3684210526315789
40,100,0,3.0,0.04,0.12,2231.2633457536103,6693.790037260831,330,-0.0928679042411649,-2.0580000000000003,0.22727272727272727,71,-0.02905319965473769,-0.14460000000000006,0.2535211267605634
40,100,0,0.75,0.06,0.045,3346.8950186304155,2510.1712639728116,505,-0.0878288892777922,-2.3180000000000005,0.5524752475247525,133,-0.03479276570560679,-0.24080000000000024,0.5789473684210527
40,100,0,1.0,0.06,0.06,3346.8950186304155,3346.8950186304155,385,-0.05625189944921515,-1.3009999999999997,0.4935064935064935,109,-0.034003398631970494,-0.22339999999999965,0.5045871559633027
40,100,0,1.3333333333333333,0.06,0.07999999999999999,3346.8950186304155,4462.526691507221,306,-0.05170490041546885,-1.0956000000000028,0.4215686274509804,78,0.028691065152862173,0.15719999999999917,0.46153846153846156
40,100,0,2.0,0.06,0.12,3346.8950186304155,6693.790037260831,217,-0.07401858935366865,-1.3442000000000003,0.31336405529953915,55,-0.08295174855554847,-0.3830000000000002,0.3090909090909091
40,100,0,3.0,0.06,0.18,3346.8950186304155,10040.685055891247,140,-0.024928999708271993,-0.36399999999999966,0.25,40,-0.9552010213709311,-2.024,0.05
40,100,1,0.75,0.008,0.006,446.2526691507221,334.6895018630416,5948,-0.3694187612609419,-15.210799999999999,0.5744788164088769,2106,-0.40467835473160485,-5.9296,0.5560303893637227
40,100,1,1.0,0.008,0.008,446.2526691507221,446.2526691507221,5291,-0.3327275512661696,-14.084599999999998,0.4961254961254961,1872,-0.360384226120159,-5.395199999999999,0.4823717948717949
40,100,1,1.3333333333333333,0.008,0.010666666666666666,446.2526691507221,595.0035588676294,4687,-0.2898429209331137,-12.535533333333333,0.4245786217196501,1628,-0.32811875369481186,-4.899466666666666,0.40663390663390664
40,100,1,2.0,0.008,0.016,446.2526691507221,892.5053383014442,3925,-0.2334870327112698,-10.357,0.33171974522292996,1331,-0.2623543170110889,-3.9086,0.31930879038317056
40,100,1,3.0,0.008,0.024,446.2526691507221,1338.7580074521663,3262,-0.19036070551056017,-8.593199999999998,0.24892703862660945,1091,-0.2155997488066614,-3.2125999999999992,0.2392300641613199
40,100,1,0.75,0.015,0.01125,836.7237546576039,627.5428159932029,3372,-0.18606102669544738,-8.133449999999998,0.5785883748517201,1108,-0.26401265897147924,-3.82955,0.5388086642599278
40,100,1,1.0,0.015,0.015,836.7237546576039,836.7237546576039,2888,-0.16845849478944308,-7.298799999999998,0.5024238227146814,935,-0.23460693118762516,-3.2859999999999996,0.46951871657754013
40,100,1,1.3333333333333333,0.015,0.019999999999999997,836.7237546576039,1115.6316728768052,2448,-0.12586843265898764,-5.354799999999999,0.440359477124183,806,-0.1562430928055454,-2.1806,0.42555831265508687
40,100,1,2.0,0.015,0.03,836.7237546576039,1673.4475093152078,1924,-0.13331418131717646,-5.422399999999998,0.3284823284823285,600,-0.10416721656058753,-1.334999999999999,0.3416666666666667
40,100,1,3.0,0.015,0.045,836.7237546576039,2510.1712639728116,1490,-0.14643481514922482,-5.523999999999999,0.23154362416107382,435,-0.03904522489445184,-0.4559999999999999,0.27586206896551724
40,100,1,0.75,0.025,0.018750000000000003,1394.5395910960067,1045.904693322005,1856,-0.11103418587594828,-4.456849999999996,0.5759698275862069,574,-0.18544359748988634,-2.323649999999999,0.5383275261324042
40,100,1,1.0,0.025,0.025,1394.5395910960067,1394.5395910960067,1533,-0.08767516010854268,-3.3607999999999976,0.5081539465101109,479,-0.1268653661712773,-1.5203999999999995,0.48851774530271397
40,100,1,1.3333333333333333,0.025,0.03333333333333333,1394.5395910960067,1859.386121461342,1233,-0.12585208669819323,-4.455799999999999,0.41119221411192214,372,-0.03238380443979202,-0.35053333333333303,0.45698924731182794
40,100,1,2.0,0.025,0.05,1394.5395910960067,2789.0791821920134,900,-0.11528421046524855,-3.615,0.31444444444444447,268,0.010596245865363486,0.10320000000000018,0.373134328358209
40,100,1,3.0,0.025,0.07500000000000001,1394.5395910960067,4183.61877328802,664,-0.05999919678177224,-1.7263999999999995,0.25,170,0.014071555666712525,0.10800000000000022,0.2823529411764706
40,100,1,0.75,0.04,0.03,2231.2633457536103,1673.4475093152078,918,-0.0827805604162928,-2.6367999999999983,0.5675381263616558,268,-0.06106817822621102,-0.5667999999999994,0.5783582089552238
40,100,1,1.0,0.04,0.04,2231.2633457536103,2231.2633457536103,716,-0.14355198590089827,-4.1015999999999995,0.46089385474860334,216,-0.09259849688024971,-0.8015999999999995,0.4861111111111111
40,100,1,1.3333333333333333,0.04,0.05333333333333333,2231.2633457536103,2975.0177943381473,580,-0.10074049787893048,-2.6813333333333347,0.4068965517241379,163,0.0563210330436022,0.4295333333333331,0.48466257668711654
40,100,1,2.0,0.04,0.08,2231.2633457536103,4462.526691507221,427,-0.03252655634612032,-0.7901999999999996,0.3395784543325527,109,0.0058105486880374625,0.03659999999999991,0.3577981651376147
40,100,1,3.0,0.04,0.12,2231.2633457536103,6693.790037260831,301,-0.023878690658069874,-0.5026,0.2558139534883721,64,0.066504847468753,0.31359999999999993,0.296875
40,100,1,0.75,0.06,0.045,3346.8950186304155,2510.1712639728116,482,-0.14673843177963017,-3.713200000000001,0.5228215767634855,131,-0.017008355349841305,-0.1156000000000002,0.5877862595419847
40,100,1,1.0,0.06,0.06,3346.8950186304155,3346.8950186304155,392,-0.10462063949005744,-2.4592,0.46938775510204084,105,0.08071305983459298,0.5070000000000001,0.5619047619047619
40,100,1,1.3333333333333333,0.06,0.07999999999999999,3346.8950186304155,4462.526691507221,289,-0.08602281696089986,-1.7114000000000025,0.40484429065743943,70,-0.09554012482666675,-0.46200000000000047,0.4
40,100,1,2.0,0.06,0.12,3346.8950186304155,6693.790037260831,217,-0.06385526262801372,-1.1642000000000006,0.31797235023041476,44,-0.1665898637573625,-0.5944,0.2727272727272727
40,100,1,3.0,0.06,0.18,3346.8950186304155,10040.685055891247,150,-0.06480201572664251,-0.9899999999999998,0.23333333333333334,32,-0.40425293630094583,-1.0432000000000001,0.125
40,200,0,0.75,0.008,0.006,446.2526691507221,334.6895018630416,5398,-0.3298515367326881,-12.236799999999999,0.5952204520192664,1978,-0.3744928151934095,-5.1328,0.5717896865520729
40,200,0,1.0,0.008,0.008,446.2526691507221,446.2526691507221,4806,-0.3021596665863012,-11.615599999999999,0.5114440282979609,1736,-0.34571207656164876,-4.801599999999999,0.48963133640552997
40,200,0,1.3333333333333333,0.008,0.010666666666666666,446.2526691507221,595.0035588676294,4329,-0.25935062209382226,-10.402066666666666,0.43913143913143915,1536,-0.2831270623333479,-4.0176,0.427734375
40,200,0,2.0,0.008,0.016,446.2526691507221,892.5053383014442,3682,-0.21021990165733676,-8.813199999999998,0.34193373166757196,1255,-0.2285008405874321,-3.2469999999999994,0.33386454183266934
40,200,0,3.0,0.008,0.024,446.2526691507221,1338.7580074521663,3096,-0.1559885537176371,-6.801599999999997,0.2625968992248062,999,-0.14451057484671478,-2.045399999999999,0.2672672672672673
40,200,0,0.75,0.015,0.01125,836.7237546576039,627.5428159932029,3043,-0.1703139974576344,-6.700549999999999,0.5865921787709497,1033,-0.2138785619575171,-2.8770499999999997,0.5643756050338818
40,200,0,1.0,0.015,0.015,836.7237546576039,836.7237546576039,2625,-0.14707042441816065,-5.789999999999997,0.5131428571428571,871,-0.1583346363777704,-2.0695999999999994,0.5074626865671642
40,200,0,1.3333333333333333,0.015,0.019999999999999997,836.7237546576039,1115.6316728768052,2256,-0.10460315153244228,-4.110599999999999,0.4507978723404255,739,-0.12698619910736625,-1.6314,0.4397834912043302
40,200,0,2.0,0.015,0.03,836.7237546576039,1673.4475093152078,1775,-0.09743192225161706,-3.6999999999999984,0.3447887323943662,551,-0.0661422236076958,-0.7875999999999994,0.35934664246823955
40,200,0,3.0,0.015,0.045,836.7237546576039,2510.1712639728116,1393,-0.09349020011149703,-3.396799999999999,0.25269203158650394,416,-0.06547350661261864,-0.7215999999999999,0.2644230769230769
40,200,0,0.75,0.025,0.018750000000000003,1394.5395910960067,1045.904693322005,1730,-0.06994681993483379,-2.5979999999999954,0.5965317919075145,554,-0.15774624802302262,-1.9028999999999985,0.5523465703971119
40,200,0,1.0,0.025,0.025,1394.5395910960067,1394.5395910960067,1434,-0.07332555388388992,-2.6283999999999974,0.5153417015341701,446,-0.08150745880929408,-0.9095999999999993,0.5112107623318386
40,200,0,1.3333333333333333,0.025,0.03333333333333333,1394.5395910960067,1859.386121461342,1155,-0.04431470324366916,-1.4863333333333322,0.4510822510822511,349,-0.05252392924810517,-0.5323999999999998,0.4469914040114613
40,200,0,2.0,0.025,0.05,1394.5395910960067,2789.0791821920134,854,-0.08286936607917005,-2.4954,0.32903981264637,242,-0.035038015108566224,-0.30420000000000047,0.3512396694214876
40,200,0,3.0,0.025,0.07500000000000001,1394.5395910960067,4183.61877328802,650,-0.07669522900834748,-2.1399999999999992,0.24307692307692308,182,-0.05335816460298847,-0.4232,0.25274725274725274
40,200,0,0.75,0.04,0.03,2231.2633457536103,1673.4475093152078,867,-0.08520568741888473,-2.5641999999999987,0.566320645905421,257,-0.058243541940084485,-0.5181999999999995,0.5797665369649806
40,200,0,1.0,0.04,0.04,2231.2633457536103,2231.2633457536103,671,-0.06941984670549117,-1.864599999999999,0.4977645305514158,208,0.04090053297959444,0.33920000000000045,0.5528846153846154
40,200,0,1.3333333333333333,0.04,0.05333333333333333,2231.2633457536103,2975.0177943381473,557,-0.07720117998743996,-1.9815333333333336,0.41831238779174146,151,0.04069371594024129,0.28739999999999977,0.4768211920529801
40,200,0,2.0,0.04,0.08,2231.2633457536103,4462.526691507221,405,-0.0836734487372683,-1.8929999999999996,0.3160493827160494,103,0.0680938585950553,0.4122000000000001,0.3883495145631068
40,200,0,3.0,0.04,0.12,2231.2633457536103,6693.790037260831,292,-0.04556879171719125,-0.9192000000000001,0.2465753424657534,67,0.06996416348075919,0.3457999999999999,0.29850746268656714
40,200,0,0.75,0.06,0.045,3346.8950186304155,2510.1712639728116,463,-0.0869441745412235,-2.1038000000000006,0.5529157667386609,129,-0.06089375269922892,-0.4104000000000003,0.5658914728682171
40,200,0,1.0,0.06,0.06,3346.8950186304155,3346.8950186304155,348,-0.10661177616949717,-2.2247999999999997,0.46839080459770116,96,-0.0016594044679961893,-0.009599999999999859,0.5208333333333334
40,200,0,1.3333333333333333,0.06,0.07999999999999999,3346.8950186304155,4462.526691507221,282,-0.0508475460255509,-0.9932000000000025,0.4219858156028369,75,-0.014293442560169742,-0.07500000000000077,0.44
40,200,0,2.0,0.06,0.12,3346.8950186304155,6693.790037260831,197,-0.005455116464657636,-0.09220000000000017,0.34517766497461927,46,0.08821132590862049,0.36039999999999994,0.391304347826087
40,200,0,3.0,0.06,0.18,3346.8950186304155,10040.685055891247,141,-0.06305072530338916,-0.9065999999999997,0.23404255319148937,24,0.15055755751539013,0.4176,0.3333333333333333
40,200,1,0.75,0.008,0.006,446.2526691507221,334.6895018630416,3803,-0.365255658931914,-9.6098,0.5766500131475151,1441,-0.3796946659163835,-3.7945999999999995,0.5690492713393477
40,200,1,1.0,0.008,0.008,446.2526691507221,446.2526691507221,3469,-0.32408859646264565,-8.995399999999998,0.5004324012683771,1289,-0.3458881406249653,-3.5673999999999997,0.4895267649340574
40,200,1,1.3333333333333333,0.008,0.010666666666666666,446.2526691507221,595.0035588676294,3167,-0.3036495999316515,-8.855533333333334,0.41806125670982003,1169,-0.3030461819911415,-3.2634000000000003,0.41830624465355004
40,200,1,2.0,0.008,0.016,446.2526691507221,892.5053383014442,2779,-0.23915958240352067,-7.497399999999999,0.32925512774379273,991,-0.23976286468355307,-2.680599999999999,0.32896064581231077
40,200,1,3.0,0.008,0.024,446.2526691507221,1338.7580074521663,2391,-0.1830636862893145,-6.080599999999999,0.25177749895441237,834,-0.17384020437629039,-2.024399999999999,0.25539568345323743
40,200,1,0.75,0.015,0.01125,836.7237546576039,627.5428159932029,2391,-0.1945955035770329,-6.040349999999998,0.5742367210372229,857,-0.22224785054983337,-2.4831999999999996,0.5600933488914819
40,200,1,1.0,0.015,0.015,836.7237546576039,836.7237546576039,2116,-0.14971026670327292,-4.751599999999998,0.5118147448015122,738,-0.15968956760465694,-1.7687999999999993,0.5067750677506775
40,200,1,1.3333333333333333,0.015,0.019999999999999997,836.7237546576039,1115.6316728768052,1874,-0.1304828547010892,-4.247399999999999,0.43810032017075773,646,-0.13997967654350724,-1.5695999999999994,0.43343653250773995
40,200,1,2.0,0.015,0.03,836.7237546576039,1673.4475093152078,1533,-0.08974953220299887,-2.950799999999998,0.34833659491193736,505,-0.1327025911912161,-1.4179999999999995,0.3287128712871287
40,200,1,3.0,0.015,0.045,836.7237546576039,2510.1712639728116,1239,-0.11545230533116815,-3.6863999999999995,0.24374495560936238,381,-0.09515409368829131,-0.9455999999999996,0.25196850393700787
40,200,1,0.75,0.025,0.018750000000000003,1394.5395910960067,1045.904693322005,1475,-0.12792564760574307,-4.091249999999997,0.5674576271186441,471,-0.1247725112964281,-1.274599999999999,0.5690021231422505
40,200,1,1.0,0.025,0.025,1394.5395910960067,1394.5395910960067,1254,-0.12311219737146938,-3.8603999999999976,0.4904306220095694,400,-0.05399999999999993,-0.5399999999999994,0.525
40,200,1,1.3333333333333333,0.025,0.03333333333333333,1394.5395910960067,1859.386121461342,1046,-0.09058250567517118,-2.736266666666667,0.42829827915869984,316,-0.066919127218332,-0.6132666666666666,0.439873417721519
40,200,1,2.0,0.025,0.05,1394.5395910960067,2789.0791821920134,790,-0.08826175969564803,-2.4539999999999997,0.3265822784810127,236,-0.061169423669047866,-0.5135999999999998,0.3389830508474576
40,200,1,3.0,0.025,0.07500000000000001,1394.5395910960067,4183.61877328802,610,-0.1316303638350503,-3.3360000000000003,0.22131147540983606,163,-0.027590224499704063,-0.19879999999999984,0.26380368098159507
40,200,1,0.75,0.04,0.03,2231.2633457536103,1673.4475093152078,789,-0.14016068215643263,-3.861399999999998,0.5386565272496832,239,-0.079665009466205,-0.6613999999999997,0.5690376569037657
40,200,1,1.0,0.04,0.04,2231.2633457536103,2231.2633457536103,625,-0.1763375333651183,-4.384999999999999,0.4448,204,-0.02574083988960109,-0.2103999999999996,0.5196078431372549
40,200,1,1.3333333333333333,0.04,0.05333333333333333,2231.2633457536103,2975.0177943381473,537,-0.18975379585202748,-4.582866666666668,0.3649906890130354,155,0.029033372287516998,0.21033333333333332,0.47096774193548385
40,200,1,2.0,0.04,0.08,2231.2633457536103,4462.526691507221,393,-0.15490095817056032,-3.3017999999999996,0.28498727735368956,107,0.09514977515628091,0.6018000000000001,0.40186915887850466
40,200,1,3.0,0.04,0.12,2231.2633457536103,6693.790037260831,304,-0.21128132786657472,-3.9903999999999993,0.18421052631578946,81,0.039011980653827154,0.22939999999999994,0.2839506172839506
40,200,1,0.75,0.06,0.045,3346.8950186304155,2510.1712639728116,427,-0.17114098072690268,-3.840200000000001,0.5105386416861827,122,-0.15902414411019972,-1.0222000000000002,0.5163934426229508
40,200,1,1.0,0.06,0.06,3346.8950186304155,3346.8950186304155,337,-0.14777147516894892,-2.9761999999999995,0.44807121661721067,92,-0.2423672707065044,-1.3192,0.40217391304347827
40,200,1,1.3333333333333333,0.06,0.07999999999999999,3346.8950186304155,4462.526691507221,264,-0.09290241263004818,-1.6864000000000021,0.4015151515151515,80,-0.06993045325896204,-0.3880000000000007,0.4125
40,200,1,2.0,0.06,0.12,3346.8950186304155,6693.790037260831,196,-0.1613421215171817,-2.5496000000000008,0.2755102040816326,53,-0.18788363007331088,-0.7978000000000003,0.2641509433962264
40,200,1,3.0,0.06,0.18,3346.8950186304155,10040.685055891247,137,-0.0641849533330699,-0.8961999999999999,0.23357664233576642,36,-0.024668585177310152,-0.09360000000000003,0.25
40,400,0,0.75,0.008,0.006,446.2526691507221,334.6895018630416,3907,-0.3481525899524762,-9.382199999999997,0.585615561812132,1439,-0.40213618388795536,-4.025399999999999,0.5573314801945796
40,400,0,1.0,0.008,0.008,446.2526691507221,446.2526691507221,3593,-0.3085778428110254,-8.869799999999998,0.5082104091288617,1315,-0.34853844346921087,-3.6669999999999994,0.488212927756654
40,400,0,1.3333333333333333,0.008,0.010666666666666666,446.2526691507221,595.0035588676294,3307,-0.2513155384786761,-7.707533333333334,0.4429996976111279,1195,-0.30639320571158685,-3.371,0.4167364016736402
40,400,0,2.0,0.008,0.016,446.2526691507221,892.5053383014442,2896,-0.19954256357564057,-6.601599999999999,0.34668508287292815,1023,-0.25233494041225474,-2.8997999999999995,0.3235581622678397
40,400,0,3.0,0.008,0.024,446.2526691507221,1338.7580074521663,2522,-0.1331074666753426,-4.781199999999998,0.2720063441712926,879,-0.21643075380191493,-2.5973999999999995,0.23890784982935154
40,400,0,0.75,0.015,0.01125,836.7237546576039,627.5428159932029,2381,-0.18738534804680548,-5.785599999999999,0.5779084418311634,831,-0.22563300627847369,-2.4455999999999993,0.5583634175691937
40,400,0,1.0,0.015,0.015,836.7237546576039,836.7237546576039,2091,-0.1603958589739237,-5.031599999999999,0.5064562410329986,722,-0.17875232628451748,-1.9371999999999994,0.49722991689750695
40,400,0,1.3333333333333333,0.015,0.019999999999999997,836.7237546576039,1115.6316728768052,1828,-0.11578707638426194,-3.6828,0.44529540481400437,626,-0.1345060102058123,-1.4625999999999997,0.43610223642172524
40,400,0,2.0,0.015,0.03,836.7237546576039,1673.4475093152078,1474,-0.084557500432995,-2.6773999999999982,0.35074626865671643,502,-0.11075226859291812,-1.1851999999999994,0.3386454183266932
40,400,0,3.0,0.015,0.045,836.7237546576039,2510.1712639728116,1171,-0.08300273622018375,-2.5495999999999994,0.25704526046114434,382,-0.06552548236695994,-0.6631999999999998,0.2643979057591623
40,400,0,0.75,0.025,0.018750000000000003,1394.5395910960067,1045.904693322005,1432,-0.09125172056612857,-2.816949999999996,0.5858938547486033,482,-0.14637191726634516,-1.534449999999999,0.558091286307054
40,400,0,1.0,0.025,0.025,1394.5395910960067,1394.5395910960067,1231,-0.060977355759001574,-1.8755999999999982,0.5215272136474411,393,-0.11149471839611715,-1.0967999999999993,0.4961832061068702
40,400,0,1.3333333333333333,0.025,0.03333333333333333,1394.5395910960067,1859.386121461342,999,-0.07397630081271941,-2.139066666666667,0.4364364364364364,317,-0.050581948719495465,-0.4658666666666667,0.4479495268138801
40,400,0,2.0,0.025,0.05,1394.5395910960067,2789.0791821920134,767,-0.08393137334965035,-2.2691999999999997,0.3285528031290743,232,0.005556750965949468,0.04680000000000031,0.3706896551724138
40,400,0,3.0,0.025,0.07500000000000001,1394.5395910960067,4183.61877328802,581,-0.09891961930398471,-2.4356,0.23407917383820998,170,-0.09568047314461013,-0.6919999999999997,0.23529411764705882
40,400,0,0.75,0.04,0.03,2231.2633457536103,1673.4475093152078,752,-0.02881258163169063,-0.7451999999999986,0.5944148936170213,230,0.0002539805774393942,0.002000000000000335,0.6086956521739131
40,400,0,1.0,0.04,0.04,2231.2633457536103,2231.2633457536103,607,-0.0731793629385649,-1.778199999999999,0.4958813838550247,197,0.0009894890102646907,0.00780000000000014,0.5329949238578681
40,400,0,1.3333333333333333,0.04,0.05333333333333333,2231.2633457536103,2975.0177943381473,483,-0.06044975639304787,-1.3491333333333333,0.42650103519668736,142,0.016702812426671307,0.1107999999999999,0.4647887323943662
40,400,0,2.0,0.04,0.08,2231.2633457536103,4462.526691507221,373,-0.06528298656751581,-1.3697999999999997,0.32439678284182305,98,-0.060399045529171067,-0.3348,0.32653061224489793
40,400,0,3.0,0.04,0.12,2231.2633457536103,6693.790037260831,269,-0.03964949265090236,-0.7394000000000003,0.24907063197026022,64,-0.03723342752151621,-0.16640000000000008,0.25
40,400,0,0.75,0.06,0.045,3346.8950186304155,2510.1712639728116,434,-0.07760132954333343,-1.7584000000000004,0.5576036866359447,132,0.004662673685736281,0.031799999999999745,0.5984848484848485
40,400,0,1.0,0.06,0.06,3346.8950186304155,3346.8950186304155,344,-0.08981147618693057,-1.8543999999999998,0.47674418604651164,82,-0.04306829516919015,-0.21319999999999995,0.5
40,400,0,1.3333333333333333,0.06,0.07999999999999999,3346.8950186304155,4462.526691507221,286,-0.05575430448601168,-1.1036000000000024,0.4195804195804196,71,-0.021067482988922772,-0.10460000000000068,0.43661971830985913
40,400,0,2.0,0.06,0.12,3346.8950186304155,6693.790037260831,208,-0.11944221837907536,-2.0408,0.2932692307692308,46,-0.04576512910188413,-0.17960000000000015,0.32608695652173914
40,400,0,3.0,0.06,0.18,3346.8950186304155,10040.685055891247,148,-0.09065011894431235,-1.3448,0.22297297297297297,35,0.05428382933235392,0.20900000000000002,0.2857142857142857
40,400,1,0.75,0.008,0.006,446.2526691507221,334.6895018630416,2534,-0.37294162393414637,-6.5464,0.5726124704025256,1005,-0.42527454304542306,-2.981,0.545273631840796
40,400,1,1.0,0.008,0.008,446.2526691507221,446.2526691507221,2386,-0.30654697445339796,-5.8515999999999995,0.5092204526404024,926,-0.405993362626266,-2.9995999999999996,0.46004319654427644
40,400,1,1.3333333333333333,0.008,0.010666666666666666,446.2526691507221,595.0035588676294,2226,-0.2672812657284805,-5.5076,0.4353099730458221,849,-0.3884465177578123,-2.9887333333333332,0.3792697290930506
40,400,1,2.0,0.008,0.016,446.2526691507221,892.5053383014442,2018,-0.22144969936427272,-5.070799999999998,0.33696729435084244,753,-0.3523425881196648,-2.8697999999999997,0.28286852589641437
40,400,1,3.0,0.008,0.024,446.2526691507221,1338.7580074521663,1801,-0.1836889700087911,-4.594599999999998,0.2515269294836202,671,-0.2839082322204217,-2.5045999999999995,0.21460506706408347
40,400,1,0.75,0.015,0.01125,836.7237546576039,627.5428159932029,1768,-0.1681714751207088,-3.843049999999999,0.5876696832579186,646,-0.2946025603001255,-2.4970999999999997,0.5232198142414861
40,400,1,1.0,0.015,0.015,836.7237546576039,836.7237546576039,1586,-0.1606850922079249,-3.8235999999999986,0.5063051702395964,578,-0.2927616617408561,-2.5227999999999993,0.4411764705882353
40,400,1,1.3333333333333333,0.015,0.019999999999999997,836.7237546576039,1115.6316728768052,1436,-0.13920204319733248,-3.4685999999999995,0.4338440111420613,522,-0.20487315624644,-1.8372000000000002,0.40229885057471265
40,400,1,2.0,0.015,0.03,836.7237546576039,1673.4475093152078,1184,-0.11444257611216592,-2.8833999999999986,0.33699324324324326,426,-0.14335813175767015,-1.2875999999999994,0.323943661971831
40,400,1,3.0,0.015,0.045,836.7237546576039,2510.1712639728116,983,-0.09445329988197855,-2.4208,0.25228891149542215,334,-0.11838951831724519,-1.0183999999999997,0.24251497005988024
40,400,1,0.75,0.025,0.018750000000000003,1394.5395910960067,1045.904693322005,1177,-0.11762824006177022,-2.9976999999999965,0.572642310960068,398,-0.2015263238459288,-1.7535499999999993,0.5301507537688442
40,400,1,1.0,0.025,0.025,1394.5395910960067,1394.5395910960067,1025,-0.10882621936412648,-2.7899999999999983,0.4975609756097561,336,-0.13959527863501195,-1.1735999999999995,0.48214285714285715
40,400,1,1.3333333333333333,0.025,0.03333333333333333,1394.5395910960067,1859.386121461342,863,-0.08967581200305129,-2.2354666666666665,0.4287369640787949,270,-0.0651432535771573,-0.5103333333333335,0.44074074074074077
40,400,1,2.0,0.025,0.05,1394.5395910960067,2789.0791821920134,683,-0.07880334921328196,-1.9007999999999994,0.3308931185944363,209,-0.1013767219952668,-0.7433999999999998,0.32057416267942584
40,400,1,3.0,0.025,0.07500000000000001,1394.5395910960067,4183.61877328802,524,-0.06455525370567883,-1.4624000000000001,0.2480916030534351,153,-0.11210350636161391,-0.7227999999999999,0.22875816993464052
40,400,1,0.75,0.04,0.03,2231.2633457536103,1673.4475093152078,670,-0.06562048676309377,-1.521999999999999,0.5761194029850746,206,-0.06241045596233896,-0.44559999999999966,0.5776699029126213
40,400,1,1.0,0.04,0.04,2231.2633457536103,2231.2633457536103,528,-0.10665823418579123,-2.2527999999999992,0.4791666666666667,172,-0.08802268836466833,-0.6071999999999999,0.4883720930232558
40,400,1,1.3333333333333333,0.04,0.05333333333333333,2231.2633457536103,2975.0177943381473,445,-0.0686674606420801,-1.4103333333333332,0.42247191011235957,135,-0.08414893949700952,-0.5243333333333335,0.4148148148148148
40,400,1,2.0,0.04,0.08,2231.2633457536103,4462.526691507221,339,-0.03955910366544254,-0.7614000000000003,0.336283185840708,98,0.02548068532063719,0.14520000000000022,0.3673469387755102
40,400,1,3.0,0.04,0.12,2231.2633457536103,6693.790037260831,241,-0.020520281540640433,-0.3466000000000001,0.2572614107883817,59,0.08362426006632988,0.3665999999999999,0.3050847457627119
40,400,1,0.75,0.06,0.045,3346.8950186304155,2510.1712639728116,396,-0.0766418794501176,-1.5846000000000007,0.5580808080808081,121,-0.01903818935041382,-0.11960000000000016,0.5867768595041323
40,400,1,1.0,0.06,0.06,3346.8950186304155,3346.8950186304155,328,-0.025006633782664454,-0.4928000000000004,0.5091463414634146,80,-0.04306164831442885,-0.20799999999999985,0.5
40,400,1,1.3333333333333333,0.06,0.07999999999999999,3346.8950186304155,4462.526691507221,263,-0.04296872922779745,-0.7838000000000022,0.42585551330798477,66,0.10491036312919017,0.4883999999999992,0.5
40,400,1,2.0,0.06,0.12,3346.8950186304155,6693.790037260831,184,-0.04614492921662491,-0.7184000000000003,0.32608695652173914,42,0.11470332508501509,0.43079999999999974,0.40476190476190477
40,400,1,3.0,0.06,0.18,3346.8950186304155,10040.685055891247,131,-0.07545082119139654,-1.0006,0.22900763358778625,29,-0.0446711444440612,-0.13540000000000002,0.2413793103448276
80,100,0,0.75,0.008,0.006,446.2526691507221,334.6895018630416,7030,-0.3712129770149917,-18.069999999999997,0.5735419630156472,2442,-0.39983891583234804,-6.789199999999999,0.5585585585585585
80,100,0,1.0,0.008,0.008,446.2526691507221,446.2526691507221,6072,-0.3368536502799864,-16.363199999999996,0.49407114624505927,2092,-0.34602633479423167,-5.791199999999998,0.4894837476099426
80,100,0,1.3333333333333333,0.008,0.010666666666666666,446.2526691507221,595.0035588676294,5321,-0.28634962922335044,-14.066600000000001,0.4262356699868446,1802,-0.29694660987503607,-4.933199999999999,0.42119866814650386
80,100,0,2.0,0.008,0.016,446.2526691507221,892.5053383014442,4319,-0.2641169661720137,-12.757399999999997,0.31859226672840935,1439,-0.279719621218446,-4.477399999999999,0.31202223766504517
80,100,0,3.0,0.008,0.024,446.2526691507221,1338.7580074521663,3562,-0.2113147841713403,-10.301199999999996,0.24087591240875914,1170,-0.25732424598831743,-4.017999999999999,0.22393162393162394
80,100,0,0.75,0.015,0.01125,836.7237546576039,627.5428159932029,3736,-0.21002133267776935,-10.208599999999997,0.5663811563169164,1203,-0.21705998322913866,-3.4015499999999994,0.5627597672485453
80,100,0,1.0,0.015,0.015,836.7237546576039,836.7237546576039,3092,-0.21031167145240534,-9.749199999999998,0.4815653298835705,988,-0.20368851538370045,-3.0187999999999997,0.4848178137651822
80,100,0,1.3333333333333333,0.015,0.019999999999999997,836.7237546576039,1115.6316728768052,2613,-0.18179676301757489,-8.188799999999999,0.4133180252583238,826,-0.22120060401116043,-3.1275999999999997,0.3946731234866828
80,100,0,2.0,0.015,0.03,836.7237546576039,1673.4475093152078,2058,-0.16969751624340645,-7.285799999999998,0.31243926141885325,622,-0.18203588976565646,-2.3522,0.3070739549839228
80,100,0,3.0,0.015,0.045,836.7237546576039,2510.1712639728116,1560,-0.1368786465068626,-5.435999999999999,0.23525641025641025,458,-0.07632487320067968,-0.9207999999999998,0.259825327510917
80,100,0,0.75,0.025,0.018750000000000003,1394.5395910960067,1045.904693322005,1952,-0.14789957422296493,-6.275199999999996,0.5573770491803278,610,-0.18668323571098214,-2.4859999999999984,0.5377049180327869
80,100,0,1.0,0.025,0.025,1394.5395910960067,1394.5395910960067,1614,-0.14247491207991933,-5.746399999999998,0.48079306071871125,480,-0.11638767570449254,-1.397999999999999,0.49375
80,100,0,1.3333333333333333,0.025,0.03333333333333333,1394.5395910960067,1859.386121461342,1315,-0.12225240444145534,-4.619,0.4129277566539924,378,-0.16697713752229182,-1.7994666666666668,0.3915343915343915
80,100,0,2.0,0.025,0.05,1394.5395910960067,2789.0791821920134,949,-0.07885998190123777,-2.6424000000000003,0.3308746048472076,291,-0.15052703046679758,-1.5065999999999997,0.29896907216494845
80,100,0,3.0,0.025,0.07500000000000001,1394.5395910960067,4183.61877328802,679,-0.014606995214478396,-0.44039999999999957,0.2695139911634757,204,-0.2008053050604273,-1.6304,0.19607843137254902
80,100,0,0.75,0.04,0.03,2231.2633457536103,1673.4475093152078,952,-0.11892229402023312,-3.945199999999998,0.5493697478991597,276,-0.1519735283091322,-1.4675999999999996,0.532608695652174
80,100,0,1.0,0.04,0.04,2231.2633457536103,2231.2633457536103,748,-0.09170941349336753,-2.7447999999999984,0.48663101604278075,226,-0.13583653586332228,-1.2275999999999996,0.4646017699115044
80,100,0,1.3333333333333333,0.04,0.05333333333333333,2231.2633457536103,2975.0177943381473,600,-0.06692673499037978,-1.853333333333334,0.42333333333333334,169,-0.07334740608267654,-0.5727333333333335,0.42011834319526625
80,100,0,2.0,0.04,0.08,2231.2633457536103,4462.526691507221,435,-0.055846633770008446,-1.3709999999999996,0.32873563218390806,111,-0.04575443659874375,-0.2885999999999995,0.3333333333333333
80,100,0,3.0,0.04,0.12,2231.2633457536103,6693.790037260831,305,-0.008976105449169396,-0.19300000000000017,0.26229508196721313,76,-0.25114261970604035,-1.1576,0.17105263157894737
80,100,0,0.75,0.06,0.045,3346.8950186304155,2510.1712639728116,475,-0.11471418909111016,-2.855000000000001,0.5389473684210526,140,0.007748336150292969,0.05599999999999966,0.6
80,100,0,1.0,0.06,0.06,3346.8950186304155,3346.8950186304155,384,-0.09018993811029222,-2.0783999999999994,0.4765625,106,-0.1568087973527359,-0.9955999999999997,0.44339622641509435
80,100,0,1.3333333333333333,0.06,0.07999999999999999,3346.8950186304155,4462.526691507221,307,-0.09471984468091849,-1.9982000000000024,0.4006514657980456,76,-0.025919286132413285,-0.13760000000000067,0.4342105263157895
80,100,0,2.0,0.06,0.12,3346.8950186304155,6693.790037260831,217,0.005129483771635223,0.09579999999999923,0.35023041474654376,56,0.019369596431572968,0.0943999999999997,0.35714285714285715
80,100,0,3.0,0.06,0.18,3346.8950186304155,10040.685055891247,148,-0.040859902606540995,-0.6247999999999998,0.24324324324324326,34,-0.13388778955114308,-0.4484,0.20588235294117646
80,100,1,0.75,0.008,0.006,446.2526691507221,334.6895018630416,6614,-0.37739608974094824,-17.300399999999996,0.5703054127608104,2320,-0.4030241443591745,-6.504,0.5568965517241379
80,100,1,1.0,0.008,0.008,446.2526691507221,446.2526691507221,5719,-0.33530501532960716,-15.341399999999997,0.49484175555166987,1998,-0.3520675302975589,-5.626799999999999,0.4864864864864865
80,100,1,1.3333333333333333,0.008,0.010666666666666666,446.2526691507221,595.0035588676294,5025,-0.29047887358999125,-13.467666666666666,0.4242786069651741,1730,-0.30391250761058275,-4.8420000000000005,0.41791907514450866
80,100,1,2.0,0.008,0.016,446.2526691507221,892.5053383014442,4101,-0.27021980865602824,-12.366599999999998,0.31602048280907097,1380,-0.28773962387517077,-4.403999999999999,0.30869565217391304
80,100,1,3.0,0.008,0.024,446.2526691507221,1338.7580074521663,3400,-0.2190936483197148,-10.151999999999996,0.23794117647058824,1129,-0.24945572045413447,-3.7753999999999994,0.2267493356953056
80,100,1,0.75,0.015,0.01125,836.7237546576039,627.5428159932029,3574,-0.2074118191953365,-9.641149999999998,0.567711247901511,1163,-0.19765236909394726,-2.986299999999999,0.5726569217540842
80,100,1,1.0,0.015,0.015,836.7237546576039,836.7237546576039,2971,-0.20402414877290245,-9.089599999999997,0.4846852911477617,951,-0.18481522971639555,-2.6375999999999995,0.4942166140904311
80,100,1,1.3333333333333333,0.015,0.019999999999999997,836.7237546576039,1115.6316728768052,2502,-0.17187265076695296,-7.425199999999999,0.4180655475619504,802,-0.20399956488986024,-2.8101999999999996,0.4027431421446384
80,100,1,2.0,0.015,0.03,836.7237546576039,1673.4475093152078,1968,-0.16838509079972788,-6.916799999999998,0.3130081300813008,607,-0.16071842581302087,-2.0431999999999997,0.3163097199341021
80,100,1,3.0,0.015,0.045,836.7237546576039,2510.1712639728116,1521,-0.14164395729466148,-5.469599999999999,0.23339907955292571,444,-0.051873697671746606,-0.6143999999999998,0.2702702702702703
80,100,1,0.75,0.025,0.018750000000000003,1394.5395910960067,1045.904693322005,1900,-0.1499979333607175,-6.1962499999999965,0.5563157894736842,580,-0.17601126929980307,-2.2267499999999982,0.5431034482758621
80,100,1,1.0,0.025,0.025,1394.5395910960067,1394.5395910960067,1568,-0.13463241067273513,-5.276799999999998,0.4846938775510204,477,-0.1143683983973887,-1.3651999999999993,0.4947589098532495
80,100,1,1.3333333333333333,0.025,0.03333333333333333,1394.5395910960067,1859.386121461342,1289,-0.13721189701559453,-5.068066666666667,0.4057408844065167,368,-0.10506630904654563,-1.115133333333333,0.421195652173913
80,100,1,2.0,0.025,0.05,1394.5395910960067,2789.0791821920134,944,-0.10776340988521468,-3.5544000000000007,0.3177966101694915,279,-0.12917549005668488,-1.2504,0.30824372759856633
80,100,1,3.0,0.025,0.07500000000000001,1394.5395910960067,4183.61877328802,694,-0.041285048336923307,-1.2544,0.2579250720461095,196,-0.17798887835009955,-1.4096000000000002,0.20408163265306123
80,100,1,0.75,0.04,0.03,2231.2633457536103,1673.4475093152078,934,-0.12340759113284781,-4.018399999999998,0.5471092077087795,266,-0.12719729471850208,-1.1815999999999995,0.5451127819548872
80,100,1,1.0,0.04,0.04,2231.2633457536103,2231.2633457536103,748,-0.11856636625119221,-3.5447999999999986,0.4732620320855615,216,-0.1297868706072335,-1.1215999999999997,0.4675925925925926
80,100,1,1.3333333333333333,0.04,0.05333333333333333,2231.2633457536103,2975.0177943381473,603,-0.08826274678921012,-2.447800000000001,0.4129353233830846,168,-0.14232170791696042,-1.0901333333333336,0.3869047619047619
80,100,1,2.0,0.04,0.08,2231.2633457536103,4462.526691507221,432,-0.0710738745306775,-1.7231999999999996,0.32175925925925924,116,-0.1155664756323954,-0.7415999999999998,0.3017241379310345
80,100,1,3.0,0.04,0.12,2231.2633457536103,6693.790037260831,301,-0.008603360817850698,-0.18260000000000015,0.26245847176079734,83,-0.2997981276776031,-1.4558,0.1566265060240964
80,100,1,0.75,0.06,0.045,3346.8950186304155,2510.1712639728116,485,-0.09582627260897,-2.4310000000000005,0.5484536082474227,144,-0.011981178092781418,-0.08940000000000031,0.5902777777777778
80,100,1,1.0,0.06,0.06,3346.8950186304155,3346.8950186304155,391,-0.10735435295158065,-2.5165999999999995,0.4680306905370844,109,-0.18184617647658097,-1.1834,0.43119266055045874
80,100,1,1.3333333333333333,0.06,0.07999999999999999,3346.8950186304155,4462.526691507221,313,-0.10405899675402307,-2.2338000000000027,0.3961661341853035,74,0.05138511323788893,0.2675999999999994,0.47297297297297297
80,100,1,2.0,0.06,0.12,3346.8950186304155,6693.790037260831,213,-0.050810209541386334,-0.9138000000000003,0.323943661971831,50,-0.016253883481833407,-0.07000000000000015,0.34
80,100,1,3.0,0.06,0.18,3346.8950186304155,10040.685055891247,138,-0.0334277782273986,-0.47879999999999967,0.2463768115942029,34,-0.13388778955114308,-0.4484,0.20588235294117646
80,200,0,0.75,0.008,0.006,446.2526691507221,334.6895018630416,4054,-0.3439613239707872,-9.610399999999998,0.5878145041933892,1562,-0.3318930681230623,-3.5651999999999995,0.5941101152368758
80,200,0,1.0,0.008,0.008,446.2526691507221,446.2526691507221,3716,-0.31099505969483765,-9.245599999999998,0.5069967707212056,1400,-0.2907813991431625,-3.2559999999999993,0.5171428571428571
80,200,0,1.3333333333333333,0.008,0.010666666666666666,446.2526691507221,595.0035588676294,3358,-0.28401209796908783,-8.808133333333334,0.42733770101250745,1244,-0.2597433175959286,-2.9943999999999997,0.43890675241157556
80,200,0,2.0,0.008,0.016,446.2526691507221,892.5053383014442,2910,-0.22113390517032583,-7.301999999999999,0.3371134020618557,1059,-0.19977725914265412,-2.4173999999999998,0.3465533522190746
80,200,0,3.0,0.008,0.024,446.2526691507221,1338.7580074521663,2506,-0.18301915310880518,-6.371599999999998,0.2517956903431764,866,-0.15424462830665459,-1.8835999999999993,0.2632794457274827
80,200,0,0.75,0.015,0.01125,836.7237546576039,627.5428159932029,2527,-0.1900106416224648,-6.228949999999998,0.5765730114760586,911,-0.22278255396370428,-2.6460999999999992,0.5598243688254665
80,200,0,1.0,0.015,0.015,836.7237546576039,836.7237546576039,2206,-0.13712773015680868,-4.535599999999997,0.5181323662737988,775,-0.2107642834253229,-2.4499999999999993,0.48129032258064514
80,200,0,1.3333333333333333,0.015,0.019999999999999997,836.7237546576039,1115.6316728768052,1921,-0.11834810481037036,-3.9545999999999997,0.444039562727746,667,-0.1650714255338315,-1.9041999999999997,0.42128935532233885
80,200,0,2.0,0.015,0.03,836.7237546576039,1673.4475093152078,1566,-0.0918121475585163,-3.081599999999998,0.34738186462324394,533,-0.14618995109378047,-1.6407999999999994,0.3227016885553471
80,200,0,3.0,0.015,0.045,836.7237546576039,2510.1712639728116,1262,-0.09521116224254168,-3.131199999999999,0.2519809825673534,409,-0.10744247873320784,-1.1383999999999999,0.2469437652811736
80,200,0,0.75,0.025,0.018750000000000003,1394.5395910960067,1045.904693322005,1525,-0.13490899879467813,-4.464999999999996,0.5639344262295082,502,-0.1312496953090562,-1.430199999999999,0.5657370517928287
80,200,0,1.0,0.025,0.025,1394.5395910960067,1394.5395910960067,1299,-0.10011307027454165,-3.252399999999998,0.5019245573518091,411,-0.13553288472265923,-1.3935999999999993,0.48418491484184917
80,200,0,1.3333333333333333,0.025,0.03333333333333333,1394.5395910960067,1859.386121461342,1072,-0.07561118254916363,-2.3455333333333335,0.435634328358209,331,-0.13265039940036652,-1.2605999999999997,0.4078549848942598
80,200,0,2.0,0.025,0.05,1394.5395910960067,2789.0791821920134,819,-0.08148649398071055,-2.354400000000001,0.32967032967032966,231,-0.04546621288863624,-0.3756,0.3463203463203463
80,200,0,3.0,0.025,0.07500000000000001,1394.5395910960067,4183.61877328802,612,-0.0639056349435047,-1.6911999999999994,0.24836601307189543,166,-0.024711409563020648,-0.18159999999999993,0.26506024096385544
80,200,0,0.75,0.04,0.03,2231.2633457536103,1673.4475093152078,825,-0.06392713930782122,-1.8249999999999984,0.576969696969697,237,-0.07850255141853048,-0.6461999999999997,0.569620253164557
80,200,0,1.0,0.04,0.04,2231.2633457536103,2231.2633457536103,645,-0.1193469177533592,-3.076999999999999,0.4728682170542636,201,-0.04995547231996466,-0.4025999999999996,0.5074626865671642
80,200,0,1.3333333333333333,0.04,0.05333333333333333,2231.2633457536103,2975.0177943381473,529,-0.12933329359108767,-3.122066666666667,0.3931947069943289,152,-0.04467812290342038,-0.3152000000000002,0.4342105263157895
80,200,0,2.0,0.04,0.08,2231.2633457536103,4462.526691507221,397,-0.09192748411853531,-2.0321999999999996,0.3123425692695214,104,-0.05956570901966054,-0.3504,0.3269230769230769
80,200,0,3.0,0.04,0.12,2231.2633457536103,6693.790037260831,310,-0.18372087409059673,-3.606,0.1935483870967742,76,0.022361157398907764,0.12239999999999986,0.27631578947368424
80,200,0,0.75,0.06,0.045,3346.8950186304155,2510.1712639728116,444,-0.11601454511535349,-2.6994000000000007,0.5382882882882883,122,0.05498934821138198,0.34279999999999977,0.6229508196721312
80,200,0,1.0,0.06,0.06,3346.8950186304155,3346.8950186304155,348,-0.09504802643635855,-1.9847999999999995,0.47413793103448276,87,-0.07741361891712206,-0.4061999999999999,0.4827586206896552
80,200,0,1.3333333333333333,0.06,0.07999999999999999,3346.8950186304155,4462.526691507221,277,-0.10960334862999613,-2.0802000000000023,0.3935018050541516,72,-0.1186630709378188,-0.5872000000000005,0.3888888888888889
80,200,0,2.0,0.06,0.12,3346.8950186304155,6693.790037260831,206,-0.11288252751233147,-1.9156000000000004,0.2961165048543689,44,-0.014324835903714856,-0.05440000000000021,0.3409090909090909
80,200,0,3.0,0.06,0.18,3346.8950186304155,10040.685055891247,154,-0.07982305919482652,-1.2403999999999997,0.22727272727272727,30,0.15121073870595303,0.522,0.3333333333333333
80,200,1,0.75,0.008,0.006,446.2526691507221,334.6895018630416,3317,-0.3317557542604829,-7.566199999999999,0.5942116370214049,1296,-0.3377051124183865,-3.0136,0.5910493827160493
80,200,1,1.0,0.008,0.008,446.2526691507221,446.2526691507221,3057,-0.28883313540516925,-7.060199999999998,0.5181550539744848,1174,-0.28928684931337423,-2.7163999999999997,0.5178875638841567
80,200,1,1.3333333333333333,0.008,0.010666666666666666,446.2526691507221,595.0035588676294,2780,-0.2644139499617945,-6.806666666666667,0.4366906474820144,1055,-0.249988076838888,-2.447,0.44360189573459713
80,200,1,2.0,0.008,0.016,446.2526691507221,892.5053383014442,2455,-0.2078628027540872,-5.814999999999999,0.3429735234215886,906,-0.20961480095302892,-2.1635999999999993,0.34216335540838855
80,200,1,3.0,0.008,0.024,446.2526691507221,1338.7580074521663,2131,-0.19574188282543978,-5.756599999999999,0.24683247301736275,773,-0.19499781865048738,-2.0817999999999994,0.24708926261319533
80,200,1,0.75,0.015,0.01125,836.7237546576039,627.5428159932029,2168,-0.18367061149539377,-5.160549999999999,0.5797970479704797,801,-0.19687482994335173,-2.04885,0.5730337078651685
80,200,1,1.0,0.015,0.015,836.7237546576039,836.7237546576039,1911,-0.148744952328975,-4.2635999999999985,0.5122972265829409,697,-0.17464281667574644,-1.8271999999999993,0.49928263988522237
80,200,1,1.3333333333333333,0.015,0.019999999999999997,836.7237546576039,1115.6316728768052,1693,-0.13981374726374954,-4.1068,0.43354991139988186,612,-0.14758203061425004,-1.5661999999999998,0.4297385620915033
80,200,1,2.0,0.015,0.03,836.7237546576039,1673.4475093152078,1389,-0.11775165742775932,-3.476399999999998,0.3354931605471562,484,-0.12854437253969647,-1.3183999999999996,0.3305785123966942
80,200,1,3.0,0.015,0.045,836.7237546576039,2510.1712639728116,1143,-0.11240705186744465,-3.316799999999999,0.24496937882764655,367,-0.11842586358945392,-1.1191999999999998,0.24250681198910082
80,200,1,0.75,0.025,0.018750000000000003,1394.5395910960067,1045.904693322005,1367,-0.0998852979722074,-2.9479499999999965,0.5815654718361375,464,-0.15894815573906843,-1.606399999999999,0.5517241379310345
80,200,1,1.0,0.025,0.025,1394.5395910960067,1394.5395910960067,1169,-0.0945539678161794,-2.764399999999998,0.504704875962361,385,-0.19016760603971503,-1.8259999999999994,0.45714285714285713
80,200,1,1.3333333333333333,0.025,0.03333333333333333,1394.5395910960067,1859.386121461342,968,-0.06446985637365744,-1.8084666666666667,0.44111570247933884,312,-0.21637766443568698,-1.9028666666666667,0.3685897435897436
80,200,1,2.0,0.025,0.05,1394.5395910960067,2789.0791821920134,747,-0.09700045783617459,-2.5422000000000002,0.32262382864792505,233,-0.12737963267875488,-1.0308,0.3090128755364807
80,200,1,3.0,0.025,0.07500000000000001,1394.5395910960067,4183.61877328802,579,-0.04669650160071748,-1.1803999999999997,0.2556131260794473,167,-0.08521653022132471,-0.6092,0.23952095808383234
80,200,1,0.75,0.04,0.03,2231.2633457536103,1673.4475093152078,760,-0.052039756636322244,-1.3659999999999985,0.5828947368421052,236,-0.11580345672564442,-0.9535999999999997,0.5508474576271186
80,200,1,1.0,0.04,0.04,2231.2633457536103,2231.2633457536103,604,-0.12472118999120732,-3.010399999999999,0.47019867549668876,196,-0.09541274077886103,-0.7495999999999997,0.4846938775510204
80,200,1,1.3333333333333333,0.04,0.05333333333333333,2231.2633457536103,2975.0177943381473,501,-0.13348940998837167,-3.049266666666667,0.3912175648702595,148,-0.11761033121102132,-0.7981333333333336,0.39864864864864863
80,200,1,2.0,0.04,0.08,2231.2633457536103,4462.526691507221,378,-0.05734179163716016,-1.2228,0.328042328042328,113,-0.15868680463910137,-0.9737999999999998,0.2831858407079646
80,200,1,3.0,0.04,0.12,2231.2633457536103,6693.790037260831,283,-0.1515982783998191,-2.7758000000000003,0.2049469964664311,80,-0.06713587756889489,-0.368,0.2375
80,200,1,0.75,0.06,0.045,3346.8950186304155,2510.1712639728116,401,-0.13507825121796202,-2.842600000000001,0.5286783042394015,114,-0.034770793637924055,-0.2064000000000002,0.5789473684210527
80,200,1,1.0,0.06,0.06,3346.8950186304155,3346.8950186304155,331,-0.12513251024591768,-2.4806,0.459214501510574,87,-0.2666522428469928,-1.3662000000000003,0.39080459770114945
80,200,1,1.3333333333333333,0.06,0.07999999999999999,3346.8950186304155,4462.526691507221,263,-0.10554819880531256,-1.9038000000000024,0.39543726235741444,74,-0.14082621724692324,-0.7124000000000006,0.3783783783783784
80,200,1,2.0,0.06,0.12,3346.8950186304155,6693.790037260831,191,-0.1317609278032044,-2.0566000000000004,0.2879581151832461,47,-0.20977351152747295,-0.7822000000000002,0.2553191489361702
80,200,1,3.0,0.06,0.18,3346.8950186304155,10040.685055891247,137,-0.029197249018205532,-0.4162,0.24817518248175183,30,0.012969406016631692,0.04199999999999998,0.26666666666666666
80,400,0,0.75,0.008,0.006,446.2526691507221,334.6895018630416,2707,-0.3490213128075855,-6.5182,0.5851496121167344,1030,-0.42459003224930736,-3.05,0.545631067961165
80,400,0,1.0,0.008,0.008,446.2526691507221,446.2526691507221,2543,-0.29012267553578236,-5.899799999999999,0.5174990169091624,964,-0.38992065543397664,-3.0023999999999993,0.4678423236514523
80,400,0,1.3333333333333333,0.008,0.010666666666666666,446.2526691507221,595.0035588676294,2376,-0.24570154389705115,-5.4176,0.4457070707070707,879,-0.374087631492653,-2.9894,0.3856655290102389
80,400,0,2.0,0.008,0.016,446.2526691507221,892.5053383014442,2132,-0.21020201382443385,-5.103199999999999,0.3419324577861163,799,-0.2745614641902532,-2.4453999999999994,0.3141426783479349
80,400,0,3.0,0.008,0.024,446.2526691507221,1338.7580074521663,1887,-0.16716747731430698,-4.418199999999998,0.2580816110227875,695,-0.23589977064555667,-2.215,0.2316546762589928
80,400,0,0.75,0.015,0.01125,836.7237546576039,627.5428159932029,1849,-0.1900855287971984,-4.559899999999999,0.5765278528934559,662,-0.2778583699431798,-2.4111999999999996,0.5317220543806647
80,400,0,1.0,0.015,0.015,836.7237546576039,836.7237546576039,1649,-0.17509979072859708,-4.332399999999999,0.4990903577926016,589,-0.22608636615256217,-1.9963999999999993,0.47368421052631576
80,400,0,1.3333333333333333,0.015,0.019999999999999997,836.7237546576039,1115.6316728768052,1481,-0.12470955410265105,-3.2105999999999995,0.44091829844699526,520,-0.1733210830324539,-1.557,0.4173076923076923
80,400,0,2.0,0.015,0.03,836.7237546576039,1673.4475093152078,1241,-0.07811459705326493,-2.086599999999999,0.35374697824335216,434,-0.15687401518207525,-1.4283999999999994,0.31797235023041476
80,400,0,3.0,0.015,0.045,836.7237546576039,2510.1712639728116,1007,-0.07317894843452452,-1.9432,0.2611717974180735,333,-0.1470727165567562,-1.2407999999999997,0.23123123123123124
80,400,0,0.75,0.025,0.018750000000000003,1394.5395910960067,1045.904693322005,1208,-0.10899595118722681,-2.8470499999999967,0.5769867549668874,414,-0.15613054554230812,-1.407649999999999,0.5531400966183575
80,400,0,1.0,0.025,0.025,1394.5395910960067,1394.5395910960067,1048,-0.08679579706350564,-2.274799999999998,0.5085877862595419,343,-0.1652935491468109,-1.4167999999999994,0.46938775510204084
80,400,0,1.3333333333333333,0.025,0.03333333333333333,1394.5395910960067,1859.386121461342,897,-0.06374548915731205,-1.6572000000000002,0.4414715719063545,283,-0.10646467781914014,-0.8691333333333331,0.4204946996466431
80,400,0,2.0,0.025,0.05,1394.5395910960067,2789.0791821920134,703,-0.04693741063707766,-1.1777999999999997,0.3456614509246088,217,-0.15986557106903448,-1.1892,0.29493087557603687
80,400,0,3.0,0.025,0.07500000000000001,1394.5395910960067,4183.61877328802,535,-0.07689272444280319,-1.7659999999999996,0.24299065420560748,168,-0.18268850152831226,-1.2368000000000001,0.20238095238095238
80,400,0,0.75,0.04,0.03,2231.2633457536103,1673.4475093152078,689,-0.00980216331191124,-0.23139999999999877,0.6037735849056604,216,-0.12479774059097674,-0.9415999999999995,0.5462962962962963
80,400,0,1.0,0.04,0.04,2231.2633457536103,2231.2633457536103,561,-0.01687617070253432,-0.3785999999999988,0.5240641711229946,184,-0.0865235526425443,-0.6383999999999996,0.4891304347826087
80,400,0,1.3333333333333333,0.04,0.05333333333333333,2231.2633457536103,2975.0177943381473,456,-0.04477664148589845,-0.9456000000000006,0.4342105263157895,143,-0.17702566883843882,-1.1451333333333336,0.3706293706293706
80,400,0,2.0,0.04,0.08,2231.2633457536103,4462.526691507221,348,-0.03357994329967043,-0.6648000000000001,0.3390804597701149,102,-0.1105066218893436,-0.6251999999999995,0.30392156862745096
80,400,0,3.0,0.04,0.12,2231.2633457536103,6693.790037260831,259,-0.10129988795785035,-1.7533999999999998,0.22393822393822393,75,0.0009359203864095104,0.0049999999999998795,0.26666666666666666
80,400,0,0.75,0.06,0.045,3346.8950186304155,2510.1712639728116,417,-0.05134965130961884,-1.1142000000000007,0.5707434052757794,110,-0.1734341813246479,-1.006,0.509090909090909
80,400,0,1.0,0.06,0.06,3346.8950186304155,3346.8950186304155,324,-0.018618861078171556,-0.36239999999999994,0.5123456790123457,86,-0.1835980318714623,-0.9435999999999999,0.43023255813953487
80,400,0,1.3333333333333333,0.06,0.07999999999999999,3346.8950186304155,4462.526691507221,269,-0.054740193678116014,-1.0194000000000023,0.4200743494423792,73,-0.18868210875254315,-0.9298000000000005,0.3561643835616438
80,400,0,2.0,0.06,0.12,3346.8950186304155,6693.790037260831,181,-0.09520857463973777,-1.4306000000000005,0.30386740331491713,45,0.06118576206105135,0.24299999999999983,0.37777777777777777
80,400,0,3.0,0.06,0.18,3346.8950186304155,10040.685055891247,133,-0.04715331911124895,-0.6457999999999999,0.24060150375939848,27,0.22258971044030715,0.7098000000000001,0.37037037037037035
80,400,1,0.75,0.008,0.006,446.2526691507221,334.6895018630416,1998,-0.35962179509251235,-4.966799999999999,0.5795795795795796,784,-0.441234315266748,-2.4164,0.5369897959183674
80,400,1,1.0,0.008,0.008,446.2526691507221,446.2526691507221,1885,-0.3180266226584805,-4.796999999999999,0.503448275862069,741,-0.40843253008708574,-2.4145999999999996,0.45883940620782726
80,400,1,1.3333333333333333,0.008,0.010666666666666666,446.2526691507221,595.0035588676294,1775,-0.27631008960586817,-4.535,0.4309859154929577,684,-0.4335420712893023,-2.6584000000000003,0.35964912280701755
80,400,1,2.0,0.008,0.016,446.2526691507221,892.5053383014442,1629,-0.2101978228691687,-3.8993999999999995,0.3419275629220381,630,-0.35728463984896885,-2.4299999999999997,0.28095238095238095
80,400,1,3.0,0.008,0.024,446.2526691507221,1338.7580074521663,1469,-0.16736196749500654,-3.4433999999999987,0.25799863852961197,571,-0.34552002065498555,-2.5005999999999995,0.19439579684763572
80,400,1,0.75,0.015,0.01125,836.7237546576039,627.5428159932029,1448,-0.20607722066479198,-3.8810499999999992,0.5683701657458563,542,-0.28214378070226515,-2.0054499999999997,0.5295202952029521
80,400,1,1.0,0.015,0.015,836.7237546576039,836.7237546576039,1317,-0.18010283819653666,-3.559199999999999,0.49658314350797267,491,-0.24499042701038137,-1.8015999999999996,0.46435845213849286
80,400,1,1.3333333333333333,0.015,0.019999999999999997,836.7237546576039,1115.6316728768052,1203,-0.1407545858690435,-2.9377999999999993,0.43308395677472983,445,-0.2049486669521826,-1.5669999999999997,0.40224719101123596
80,400,1,2.0,0.015,0.03,836.7237546576039,1673.4475093152078,1028,-0.09623640386118054,-2.1177999999999986,0.3453307392996109,379,-0.17814357102227732,-1.4053999999999995,0.3087071240105541
80,400,1,3.0,0.015,0.045,836.7237546576039,2510.1712639728116,850,-0.07038239107827364,-1.5799999999999996,0.26235294117647057,311,-0.26386984575944333,-1.9336,0.18971061093247588
80,400,1,0.75,0.025,0.018750000000000003,1394.5395910960067,1045.904693322005,1007,-0.13662062973742456,-2.986949999999998,0.5630585898709036,365,-0.19341047474654244,-1.542749999999999,0.5342465753424658
80,400,1,1.0,0.025,0.025,1394.5395910960067,1394.5395910960067,891,-0.09609265655899085,-2.1415999999999986,0.5039281705948373,306,-0.15624573427264513,-1.1955999999999993,0.4738562091503268
80,400,1,1.3333333333333333,0.025,0.03333333333333333,1394.5395910960067,1859.386121461342,767,-0.03899626321142296,-0.8691999999999995,0.45371577574967403,255,-0.1572605708910265,-1.1463333333333332,0.396078431372549
80,400,1,2.0,0.025,0.05,1394.5395910960067,2789.0791821920134,608,-0.06871822482542371,-1.4807999999999995,0.3355263157894737,201,-0.19890179086088222,-1.3476000000000004,0.27860696517412936
80,400,1,3.0,0.025,0.07500000000000001,1394.5395910960067,4183.61877328802,470,-0.10973145815034725,-2.1719999999999997,0.2297872340425532,155,-0.22722675028479428,-1.3780000000000001,0.1870967741935484
80,400,1,0.75,0.04,0.03,2231.2633457536103,1673.4475093152078,614,-0.015495369488644661,-0.326399999999999,0.6009771986970684,203,-0.07487044091511881,-0.5277999999999997,0.5714285714285714
80,400,1,1.0,0.04,0.04,2231.2633457536103,2231.2633457536103,503,0.01256013546437501,0.25220000000000065,0.5387673956262425,165,-0.13155975096355674,-0.8689999999999999,0.4666666666666667
80,400,1,1.3333333333333333,0.04,0.05333333333333333,2231.2633457536103,2975.0177943381473,422,0.00658775931661901,0.12946666666666615,0.4597156398104265,136,-0.07533926408151753,-0.47360000000000024,0.41911764705882354
80,400,1,2.0,0.04,0.08,2231.2633457536103,4462.526691507221,324,-0.045890957042445786,-0.8423999999999998,0.3333333333333333,88,0.017851013558477166,0.09120000000000006,0.36363636363636365
80,400,1,3.0,0.04,0.12,2231.2633457536103,6693.790037260831,242,-0.07222914335872768,-1.1892,0.23553719008264462,64,-0.001403999293989129,-0.006400000000000114,0.265625
80,400,1,0.75,0.06,0.045,3346.8950186304155,2510.1712639728116,384,0.0003331998682547714,0.006599999999999467,0.5963541666666666,112,-0.12071955613408808,-0.7112000000000002,0.5357142857142857
80,400,1,1.0,0.06,0.06,3346.8950186304155,3346.8950186304155,306,-0.06285033036627032,-1.1555999999999997,0.49019607843137253,81,-0.07992755504255535,-0.3905999999999997,0.48148148148148145
80,400,1,1.3333333333333333,0.06,0.07999999999999999,3346.8950186304155,4462.526691507221,259,-0.09283833644891479,-1.653400000000002,0.4015444015444015,64,0.011922958179001101,0.05359999999999937,0.453125
80,400,1,2.0,0.06,0.12,3346.8950186304155,6693.790037260831,171,-0.06861576679661695,-0.9846000000000004,0.3157894736842105,40,0.10525725393611993,0.3759999999999999,0.4
80,400,1,3.0,0.06,0.18,3346.8950186304155,10040.685055891247,120,0.08511180917903462,1.1280000000000006,0.3,26,0.1758589274221199,0.5324,0.34615384615384615
