rapida,lenta,modo,razao,stop_pct,stop_pts,alvo_pts,n_tr,n_ho,acerto_ho,"sh_tr|0,0092% (Pepperstone min)","sh_ho|0,0092% (Pepperstone min)","ret_ho|0,0092% (Pepperstone min)","sh_tr|0,0145% (Pepperstone medio, medido)","sh_ho|0,0145% (Pepperstone medio, medido)","ret_ho|0,0145% (Pepperstone medio, medido)","sh_tr|0,030% (folga p/ slippage)","sh_ho|0,030% (folga p/ slippage)","ret_ho|0,030% (folga p/ slippage)","sh_tr|0,050%","sh_ho|0,050%","ret_ho|0,050%","sh_tr|0,063% (leitura '$69' AskTraders)","sh_ho|0,063% (leitura '$69' AskTraders)","ret_ho|0,063% (leitura '$69' AskTraders)","sh_tr|0,260% (CostModel.ts atual)","sh_ho|0,260% (CostModel.ts atual)","ret_ho|0,260% (CostModel.ts atual)"
10,50,0,0.75,0.001,55.781583643840264,41.8361877328802,45496,18185,0.5592521308770965,-0.1363274367453817,-0.13028062376235958,-2.0584582313736393,-0.19783430034072486,-0.19183038164208163,-3.030955922033097,-0.3756856342706979,-0.36980574735076716,-5.843,-0.6057123634288619,-0.5999928948973596,-9.48,-0.7598506243957682,-0.7542386503780989,-11.917111796478114,-3.020993019589585,-3.016957944136581,-47.668499999999995
10,50,0,1.0,0.001,55.781583643840264,55.781583643840264,44542,17696,0.5024299276672695,-0.09327761051981458,-0.08702533595507124,-1.5400256729385706,-0.14675507634681353,-0.14050247076803885,-2.486372614588819,-0.3013888534013537,-0.29513529067270033,-5.2227999999999986,-0.5013868020657921,-0.49513200139277785,-8.761999999999997,-0.6354031231990138,-0.6291474929937464,-11.133577143276144,-2.601365263042396,-2.595097463953593,-45.9236
10,50,0,1.3333333333333333,0.001,55.781583643840264,74.37544485845368,43454,17109,0.4401192354900929,-0.06471024041815576,-0.0560662478932604,-1.1110882254919763,-0.11092983935027256,-0.10223550082247948,-2.026043572728307,-0.24457699420873782,-0.235737076744709,-4.6716999999999995,-0.4174315756958347,-0.40840337149930483,-8.093499999999999,-0.5332594392145292,-0.5241050662478869,-10.386408755894642,-2.232404681310352,-2.2213994664225605,-44.02239999999999
10,50,0,2.0,0.001,55.781583643840264,111.56316728768053,41513,16098,0.34867685426761086,-0.03834909602715545,-0.03207392985338089,-0.7381908500771417,-0.07582946145554129,-0.06947902068053532,-1.5990799248220395,-0.18420652050177683,-0.17763841803086425,-4.088399999999997,-0.32437763902710953,-0.3175280204895697,-7.308,-0.41830469057608394,-0.41126643136577107,-9.465416865532289,-1.7961743835431023,-1.7863688463059757,-41.1138
10,50,0,3.0,0.001,55.781583643840264,167.3447509315208,39027,14920,0.2668900804289544,-0.022655005004701405,-0.013748355813501208,-0.36294840869368583,-0.05302183610837964,-0.043972218198908015,-1.1608403825534137,-0.14082962052976344,-0.13136659872081602,-3.467999999999998,-0.2543971547099058,-0.24439945067667393,-6.451999999999998,-0.3304974509010954,-0.32014146246968617,-8.451544019986441,-1.4468562636014004,-1.4312443962131818,-37.78399999999999
10,50,0,0.75,0.002,111.56316728768053,83.6723754657604,36489,13784,0.5744341265235056,-0.053262000392951085,-0.04701776176386818,-1.121565205458027,-0.08413617211213525,-0.07791985946172694,-1.858706155034602,-0.17341096687919708,-0.16727540412023587,-3.9901999999999997,-0.28887588121388125,-0.2828447575558196,-6.747,-0.3662475899860543,-0.36028644976621543,-8.594299917660397,-1.5012574817280642,-1.4963229686294486,-35.6934
10,50,0,1.0,0.002,111.56316728768053,111.56316728768053,34468,12834,0.5085709833255415,-0.035326245748934074,-0.02880445490090512,-0.7392729140197554,-0.06206637259522508,-0.055546349623828865,-1.4256097499792562,-0.13938729177520404,-0.1328723807408987,-3.410199999999999,-0.23939147921344006,-0.23288317978076123,-5.977000000000001,-0.30640313302233013,-0.2998992639477259,-7.696983106736327,-1.2894354473149177,-1.2829965696993166,-32.928399999999996
10,50,0,1.3333333333333333,0.002,111.56316728768053,148.75088971690735,32249,11861,0.4427957170558975,-0.02557682612614419,-0.01100319266552606,-0.3025338969291201,-0.04868824797991285,-0.03407285591793265,-0.9368366249418721,-0.11551651665499225,-0.10078037671999172,-2.7709666666666672,-0.20194987489274493,-0.18705756385871503,-5.1431666666666676,-0.25986787241005194,-0.24487091292188035,-6.7327505554776055,-1.1095001363891477,-1.09296802881531,-30.05126666666667
10,50,0,2.0,0.002,111.56316728768053,223.12633457536106,29034,10376,0.3463762528912876,-0.016176106459446397,-0.004773722824945767,-0.1414155957510505,-0.034978058220695454,-0.023504902426105454,-0.6963034724781654,-0.0893451971992843,-0.07766739882756976,-2.3007999999999993,-0.15966176371914065,-0.14771928775619153,-4.376000000000001,-0.2067800847951318,-0.19466025142776655,-5.7665676106822605,-0.8979857121776325,-0.8832641215067193,-26.1656
10,50,0,3.0,0.002,111.56316728768053,334.6895018630416,25652,8882,0.2631164152217969,-0.015805994096461898,0.0037029361211281158,0.11586301836345153,-0.03115050003668613,-0.011477610996790547,-0.3591287049490223,-0.07552019620457663,-0.055373208933165316,-1.7325999999999993,-0.13290641793097638,-0.11214624849733192,-3.5090000000000017,-0.1713602639372225,-0.1501892082014146,-4.699345173292198,-0.735461746058173,-0.7082631639210804,-22.1612
10,50,0,0.75,0.004,223.12633457536106,167.3447509315208,23389,8216,0.5811830574488802,-0.031783445852943085,-0.006834629788474197,-0.19394049100719332,-0.0472093466260289,-0.022318595759643952,-0.6333158567733812,-0.09181440156127067,-0.0670915502158575,-1.9037999999999986,-0.14950502813095276,-0.12499933218596845,-3.5470000000000015,-0.18816285231549654,-0.16380266970239396,-4.648089387949637,-0.7552566071126146,-0.7330310428721328,-20.800600000000003
10,50,0,1.0,0.004,223.12633457536106,223.12633457536106,20996,7146,0.5146935348446684,-0.02287585471972078,0.006417736927433517,0.18337819513906847,-0.03624503997786635,-0.006956607457999106,-0.19877569528999273,-0.07490296029325282,-0.045629445745401676,-1.303799999999998,-0.12490176980292213,-0.09564754964118967,-2.7330000000000023,-0.15840539599645437,-0.12916410478056053,-3.6906904535404217,-0.6498892696544494,-0.620837640546962,-17.739600000000003
10,50,0,1.3333333333333333,0.004,223.12633457536106,297.5017794338147,18663,6177,0.44471426258701635,-0.016684136951570835,0.012672362589022856,0.363082999072772,-0.028256868747485286,0.0011430198126652763,0.032749304533126314,-0.06172022010056968,-0.032194869200852044,-0.9224333333333329,-0.10500055479545155,-0.07531293526965485,-2.1578333333333344,-0.1340022084221816,-0.10420585455961962,-2.985660639731205,-0.5594440690917105,-0.5280526289920839,-15.129533333333335
10,50,0,2.0,0.004,223.12633457536106,446.2526691507221,15509,4952,0.3546042003231018,-0.023092139610176386,0.02845415358247382,0.8089774450501901,-0.03256850870705416,0.01913953304093974,0.5441543180694041,-0.05997008287576372,-0.0077943340354624715,-0.221599999999999,-0.09541032580525954,-0.042629660879876234,-1.212000000000002,-0.11915842426924729,-0.06597241204476235,-1.875655629153676,-0.4675328765649642,-0.4084005927462196,-11.6112
10,50,0,3.0,0.004,223.12633457536106,669.3790037260832,12648,3831,0.2602453667449752,-0.015288349844113288,0.010260230865045588,0.2759823489473509,-0.02301591290485233,0.002643593980803882,0.07110807603470938,-0.04536069392672966,-0.01938043635887963,-0.5212999999999981,-0.07426065648895414,-0.047865551145324495,-1.2875000000000023,-0.09362618843236149,-0.06695309837383079,-1.8009217922632759,-0.3777102633923096,-0.34695925640299385,-9.332600000000001
10,50,0,0.75,0.008,446.2526691507221,334.6895018630416,11840,3867,0.5865011636927852,-0.010998390501032922,0.017276833735253835,0.4606744305349529,-0.018719498256585452,0.009521160703801554,0.25387494910629865,-0.04104561331874355,-0.012904902235180147,-0.3441000000000005,-0.06992143397791913,-0.041909992001783865,-1.1175000000000028,-0.08927078871024327,-0.061345968473627714,-1.6357464293088197,-0.37311755089926174,-0.34646343455112194,-9.238199999999999
10,50,0,1.0,0.008,446.2526691507221,446.2526691507221,10041,3189,0.5058011915961116,-0.0167635852698932,0.00011654493999927913,0.002973560635106842,-0.02344809729999427,-0.006567608584041358,-0.16756782707525494,-0.04277682440020804,-0.025895299039280277,-0.6607000000000012,-0.067775927726605,-0.05089306160512399,-1.2985000000000015,-0.08452753883964788,-0.06764377428996768,-1.725882431617746,-0.33026651265377255,-0.3133695685464827,-7.995399999999998
10,50,0,1.3333333333333333,0.008,446.2526691507221,595.0035588676294,8443,2602,0.4265949269792467,-0.018208275258746045,-0.01394646103216853,-0.3350889919182991,-0.02400419175137777,-0.0197378991774011,-0.4742387852147434,-0.04076348363046101,-0.03648424160642001,-0.876600000000001,-0.06243936881370281,-0.05814337842136525,-1.397000000000002,-0.07696412973731667,-0.07265691645634911,-1.7457140442362435,-0.2900361632377411,-0.28556431497828966,-6.8612
10,50,0,2.0,0.008,446.2526691507221,892.5053383014442,6492,1953,0.33947772657450076,-0.013702708573484686,0.004889196046287061,0.1085454261274264,-0.0184385611986696,0.0001848047201625782,0.00410286413359115,-0.03213260536626533,-0.013418266933505642,-0.29790000000000194,-0.049844005777013624,-0.031012006659008343,-0.6885000000000008,-0.06171221113120171,-0.04280136894363534,-0.9502365597207465,-0.23581371008987115,-0.21574627377678718,-4.7898
10,50,0,3.0,0.008,446.2526691507221,1338.7580074521663,5003,1487,0.2548755884330868,-0.011625921092663876,0.004597286961259695,0.09536459224346314,-0.01549613026962169,0.000763740785457643,0.01584278492916033,-0.02668710676353764,-0.010321222114523073,-0.21410000000000143,-0.04116112650856214,-0.02465812756458909,-0.5115000000000007,-0.05086000037797545,-0.03426512272470655,-0.7107843135200965,-0.19313833383131934,-0.17519563479028252,-3.6341999999999985
10,50,0,0.75,0.015,836.7237546576039,627.5428159932029,5291,1616,0.5525990099009901,-0.024363818861824555,-0.04489529917855525,-0.9472387820676282,-0.028470514521960942,-0.04899128108035375,-1.033659253230986,-0.04034530797598779,-0.06083509496396486,-1.2835499999999995,-0.05570375279223012,-0.07615347188138419,-1.6067500000000017,-0.06599526971200521,-0.08641813976379835,-1.823322596266629,-0.21696742336277391,-0.236996429514286,-5.000349999999999
10,50,0,1.0,0.015,836.7237546576039,836.7237546576039,4299,1293,0.4965197215777262,-0.012405106843071778,-0.013081587151469277,-0.2538094029786165,-0.01596996342854463,-0.016645495521297616,-0.3229564755121683,-0.026277991865283533,-0.026950782127168036,-0.5229000000000001,-0.039610037304459084,-0.04027928137766652,-0.7815000000000005,-0.04854368734872544,-0.04921055516175763,-0.9547848805524439,-0.1795965144158021,-0.18022852350790042,-3.4967999999999986
10,50,0,1.3333333333333333,0.015,836.7237546576039,1115.6316728768052,3447,1020,0.4166666666666667,-0.0007821348372928741,-0.02945795899082361,-0.5187243550179353,-0.003867259935598591,-0.03255567399239152,-0.5732719296383715,-0.012788111723529179,-0.04151293035305342,-0.7310000000000016,-0.024326031134864,-0.053097934172510165,-0.9350000000000016,-0.03205745799881165,-0.06086091175585952,-1.0716980496237376,-0.14547418495387968,-0.17474047427680586,-3.077
10,50,0,2.0,0.015,836.7237546576039,1673.4475093152078,2526,740,0.32297297297297295,-0.01361173971280886,-0.026504644494774455,-0.4129961006992856,-0.016140599559321303,-0.029044348039902548,-0.4525698313062684,-0.023452972044824678,-0.03638807582708763,-0.5670000000000003,-0.03291054027362848,-0.045886197912464996,-0.7150000000000003,-0.039247947778828965,-0.052250780089716106,-0.8141730948250643,-0.13221500667606842,-0.14561647980892728,-2.2689999999999992
10,50,0,3.0,0.015,836.7237546576039,2510.1712639728116,1828,525,0.26285714285714284,-0.03578765596579504,0.025704862818311434,0.3567595231525328,-0.037885131046046995,0.023681963386499985,0.32868356562731027,-0.043950124757349725,0.01783261030095057,0.24749999999999955,-0.05179437666678494,0.010267260476304827,0.14249999999999913,-0.05705071949412348,0.005197806722626706,0.07214070975248826,-0.13415902171585442,-0.06916891268247506,-0.9600000000000001
10,50,0,0.75,0.025,1394.5395910960067,1045.904693322005,2460,698,0.5630372492836676,0.005032333300140835,-0.021136794501115653,-0.3203868625514877,0.0025593740813297156,-0.02359940156817328,-0.35771451655645364,-0.004591357887602563,-0.03072019957704354,-0.4656500000000007,-0.013839865894564398,-0.03992999204124464,-0.6052499999999997,-0.020037184553785996,-0.04610136786132154,-0.6987943516052628,-0.1109491999676642,-0.13663281291535675,-2.0710499999999983
10,50,0,1.0,0.025,1394.5395910960067,1394.5395910960067,1939,543,0.5046040515653776,0.0030283088293414267,0.0055277757227578115,0.07510556394633523,0.0008896918650860102,0.0033905351720596726,0.04606700216310193,-0.005294266438502151,-0.0027894431368922297,-0.037900000000000766,-0.013292383013691506,-0.010782412125453934,-0.14650000000000024,-0.018651828780807525,-0.01613840855407844,-0.21927160877028345,-0.09727260705317996,-0.09470858650535215,-1.286799999999999
10,50,0,1.3333333333333333,0.025,1394.5395910960067,1859.386121461342,1509,420,0.42857142857142855,-0.018908772751413627,-0.003179254377728127,-0.038592381477973364,-0.02076512843069167,-0.005029580425565814,-0.061053147498152854,-0.026132908780868536,-0.010379925680989182,-0.12600000000000092,-0.03307540917997601,-0.017299876134981875,-0.21000000000000044,-0.03772749870973099,-0.02193685520632356,-0.26628743219801,-0.1059716633706048,-0.08995935590190557,-1.0919999999999999
10,50,0,2.0,0.025,1394.5395910960067,2789.0791821920134,1077,294,0.35034013605442177,-0.07141050930369679,0.03302360835495302,0.3479853329654188,-0.07296317299215986,0.03153154869296304,0.3322627967512931,-0.0774528070264127,0.027217155376895487,0.28679999999999967,-0.0832595435247905,0.021637069128075937,0.22800000000000004,-0.08715057075031608,0.017897917623439286,0.1885987974613932,-0.14423027675775754,-0.036953836484529684,-0.38939999999999986
10,50,0,3.0,0.025,1394.5395910960067,4183.61877328802,776,201,0.208955223880597,-0.041759565300604984,-0.10295868713430273,-0.8434692111358868,-0.043023309615549336,-0.10427078156621054,-0.854218292016973,-0.0466775133746284,-0.10806479301982912,-0.8852999999999994,-0.05140373341360439,-0.11297183546803552,-0.9254999999999994,-0.05457071900880363,-0.11625998807632336,-0.9524375568376188,-0.10102904382285194,-0.16449578117420288,-1.3476
10,50,0,0.75,0.04,2231.2633457536103,1673.4475093152078,1089,293,0.5733788395904437,-0.010588338748421019,0.0012869608761790481,0.013077219587985661,-0.012129687552338973,-0.0002550691198784962,-0.0025918386118066183,-0.016586603818330097,-0.004713955099875516,-0.04790000000000047,-0.022351024293249977,-0.01048092313437871,-0.10650000000000054,-0.0262136960389984,-0.014345301970452334,-0.14576718484289747,-0.08287743927990857,-0.07103408749666207,-0.7217999999999997
10,50,0,1.0,0.04,2231.2633457536103,2231.2633457536103,855,236,0.5211864406779662,-0.0409002110304869,0.04002666878671122,0.37831475707428186,-0.0422373756687918,0.03869135466641538,0.3656939456915146,-0.04610387935155375,0.034830201883978,0.32919999999999994,-0.051104680727459655,0.029836321176433162,0.282,-0.05445566011295985,0.026489979251065558,0.25037182381254697,-0.10361309517447179,-0.022599426252787626,-0.21359999999999957
10,50,0,1.3333333333333333,0.04,2231.2633457536103,2975.0177943381473,670,169,0.4378698224852071,-0.08197257882444328,0.016708014130929177,0.13113782745291047,-0.0831466841264868,0.015556527692768862,0.12210004303050548,-0.0865416905036049,0.012226925319016617,0.09596666666666587,-0.09093267366433302,0.007920533421315021,0.06216666666666604,-0.093875020889834,0.005034869826553926,0.03951767609175316,-0.13703799685197854,-0.03729658150455188,-0.2927333333333335
10,50,0,2.0,0.04,2231.2633457536103,4462.526691507221,475,113,0.336283185840708,-0.09587300649950374,0.004602612546234617,0.02961681164997451,-0.0968535695163825,0.0036634952692937866,0.023573796030259185,-0.09968893504081629,0.0009479729575163363,0.006099999999999883,-0.10335609818849391,-0.002564189147380309,-0.016500000000000035,-0.10581342196270752,-0.004917648508663507,-0.031643999615178754,-0.1418613112391093,-0.0394418912487952,-0.2537999999999999
10,50,0,3.0,0.04,2231.2633457536103,6693.790037260831,333,79,0.22784810126582278,-0.017061391576318974,-0.053837676996578154,-0.28725904318276146,-0.0178392555707281,-0.05462947603060448,-0.29148380631512866,-0.02008850290565871,-0.05691901749271713,-0.3037000000000001,-0.022997601173797177,-0.05988023078341499,-0.31950000000000023,-0.024946954406239858,-0.061864505692034014,-0.3300873979610543,-0.05354313298925074,-0.09097297033574214,-0.4853999999999999
10,50,1,0.75,0.001,55.781583643840264,41.8361877328802,31492,11989,0.5650179331053465,-0.12259522599872158,-0.11883866980076695,-1.2361287179509794,-0.18420499314027733,-0.1804772064035478,-1.8772766317984493,-0.36235387976421396,-0.35870928190684237,-3.7312,-0.592765453227069,-0.5892284489727265,-6.129,-0.7471615939285833,-0.7436966869079962,-7.73573815386176,-3.0120869745870467,-3.0096797031645095,-31.305899999999998
10,50,1,1.0,0.001,55.781583643840264,55.781583643840264,30608,11635,0.5110442629995703,-0.08319786691416926,-0.06981212986552093,-0.8121008535624022,-0.13667702720259414,-0.12330089625344658,-1.4343175503357206,-0.29131570390909634,-0.27796734965851877,-3.233499999999999,-0.49131998961295936,-0.47800756077816425,-5.560499999999999,-0.6253405571232875,-0.6120522014956953,-7.11979588958058,-2.5913649895035213,-2.57842977753444,-29.993999999999996
10,50,1,1.3333333333333333,0.001,55.781583643840264,74.37544485845368,29616,11174,0.4511365670306068,-0.05343637376563394,-0.03378992355316209,-0.43840778722586615,-0.0995918027440138,-0.07984663125858624,-1.0359711193913204,-0.2330534057599168,-0.21302277491180815,-2.763866666666666,-0.4056680009478349,-0.38526816688907745,-4.998666666666666,-0.5213350524124405,-0.5006878195359844,-6.496180398525146,-2.218121250420975,-2.1938447826504053,-28.46406666666666
10,50,1,2.0,0.001,55.781583643840264,111.56316728768053,28186,10531,0.35742094767828314,-0.024183606728480245,-0.013648580879946741,-0.20665802224887436,-0.06149765915036529,-0.050843199926309174,-0.76983499119772,-0.16939381267928041,-0.1583940036209001,-2.398299999999999,-0.308942944735696,-0.2974964722137951,-4.5045,-0.40245321031803644,-0.3907074337554421,-5.91584035351724,-1.7742088313280586,-1.7580723924391917,-26.6196
10,50,1,3.0,0.001,55.781583643840264,167.3447509315208,26592,9843,0.2747129940058925,-0.00829607543714459,0.0039009156226154484,0.0685599740769471,-0.0384347192072809,-0.02604921151304319,-0.45782412101027137,-0.12558268423154242,-0.1126520676998517,-1.9798999999999989,-0.23829683095373688,-0.2246611896120332,-3.948499999999999,-0.3138252820416184,-0.29971721169763477,-5.267636178869071,-1.4217953715367788,-1.400756969689939,-24.618799999999993
10,50,1,0.75,0.002,111.56316728768053,83.6723754657604,25359,9376,0.5844709897610921,-0.05019081876315261,-0.02680570095568149,-0.4335289731844504,-0.08107872680292724,-0.057808571949097456,-0.9349388355778026,-0.1703932410874136,-0.14745550953502476,-2.3848,-0.2859095272643831,-0.2634017404475032,-4.260000000000001,-0.3633156597161935,-0.34109597391299024,-5.516549914972714,-1.4988305321225635,-1.4808371650285261,-23.9496
10,50,1,1.0,0.002,111.56316728768053,111.56316728768053,23918,8769,0.5169346561751625,-0.034154687864021045,-0.012080241259172595,-0.21175379328652327,-0.06089499471269637,-0.03883307264500955,-0.6807025009792818,-0.13821643438197184,-0.11619072787643274,-2.0366999999999993,-0.23822129500296002,-0.2162424284458283,-3.7905000000000006,-0.3052333999038562,-0.2832859202564881,-4.965701173677018,-1.2882723315233349,-1.2667852844244814,-22.2054
10,50,1,1.3333333333333333,0.002,111.56316728768053,148.75088971690735,22412,8150,0.4471165644171779,-0.01819939136216352,-0.002302483668506455,-0.043542640584463804,-0.04128921036223858,-0.025349498313119903,-0.479388457404625,-0.10805501289741892,-0.09199152910524822,-1.7396666666666671,-0.19440757960256622,-0.17818401374304543,-3.3696666666666673,-0.2522714396447101,-0.23594060463623598,-4.461910886699476,-1.1011095300066123,-1.083205102439916,-20.48466666666667
10,50,1,2.0,0.002,111.56316728768053,223.12633457536106,20363,7220,0.35761772853185597,-0.007179983475148262,0.018713457843398333,0.3885785850691419,-0.025926195212488994,0.00011882311618797382,0.0024673215793797054,-0.08013215807144013,-0.053648844374263066,-1.1139999999999994,-0.1502402650042953,-0.12319007532258977,-2.5580000000000007,-0.19721889971279405,-0.16978885296509064,-3.52560776302293,-0.8863753877992738,-0.8533730002800196,-17.72
10,50,1,3.0,0.002,111.56316728768053,334.6895018630416,18320,6310,0.2705229793977813,0.0009409917433320955,0.020341794468554025,0.4561954116047492,-0.01426267406094965,0.0052950348936448245,0.11874914115871105,-0.05822512127182871,-0.038213707144110404,-0.8569999999999994,-0.11508462136244195,-0.0944864007448892,-2.119000000000001,-0.15318551726914567,-0.13219408438361788,-2.9646516599272426,-0.7121093723138798,-0.6853496835530657,-15.37
10,50,1,0.75,0.004,223.12633457536106,167.3447509315208,17473,6239,0.5875941657316878,-0.03119573743522843,0.006172844170794353,0.13271936180697674,-0.04662279414103512,-0.009345353796373681,-0.2009299696213639,-0.09123119153538346,-0.054217292427612564,-1.1656999999999993,-0.1489261411254143,-0.11225309708676591,-2.413500000000001,-0.18758686211608624,-0.15114222113211143,-3.2496364035318632,-0.7547231118207375,-0.7216290460078754,-15.515399999999998
10,50,1,1.0,0.004,223.12633457536106,223.12633457536106,15835,5545,0.5127141568981064,-0.025054910047348024,0.002457231174697024,0.05448867786819711,-0.038424020504893186,-0.010915390870596613,-0.24204691161251154,-0.07708172452918971,-0.04958324889281753,-1.099499999999999,-0.12708025429548664,-0.09959491148684647,-2.2085000000000017,-0.16058369303620795,-0.1331071503841218,-2.9516281227094376,-0.652064816841603,-0.6247173687241492,-13.853000000000002
10,50,1,1.3333333333333333,0.004,223.12633457536106,297.5017794338147,14256,4914,0.4444444444444444,-0.01332044951498207,0.012129923034945199,0.27646913670772233,-0.024887673249602445,0.0006001219635184574,0.013678174271617771,-0.05833509766394766,-0.03273909224176807,-0.7462,-0.10159483301024604,-0.0758588722675114,-1.729000000000001,-0.13058268325082467,-0.1047529400602747,-2.387562956716714,-0.5558220541463781,-0.5286165625378162,-12.0484
10,50,1,2.0,0.004,223.12633457536106,446.2526691507221,12056,4009,0.3419805437765029,-0.010004128069730023,0.0020866874354606045,0.047626530130495115,-0.01943687338403707,-0.007306647082381369,-0.16676682933355422,-0.046712306379749755,-0.034468121044697854,-0.786699999999999,-0.08198940270362004,-0.06959782671857466,-1.588500000000002,-0.10562817850686398,-0.0931378377454123,-2.1257769420995736,-0.45239891410425676,-0.43845973629427953,-10.007399999999999
10,50,1,3.0,0.004,223.12633457536106,669.3790037260832,10082,3244,0.249691738594328,-0.005793207895829232,-0.013978186683113795,-0.31408020360605454,-0.013478960282473947,-0.021699059372636633,-0.4875628821047774,-0.03570284285943781,-0.04402449472517342,-0.9891999999999986,-0.06444643957818363,-0.07289943627156718,-1.638000000000002,-0.08370719257143758,-0.09224820192054482,-2.0727534048817713,-0.36625420512501355,-0.3760863225087001,-8.450400000000002
10,50,1,0.75,0.008,446.2526691507221,334.6895018630416,9883,3285,0.5838660578386605,-0.009470268835049178,0.011915333301168802,0.27015244486871515,-0.017193054370530432,0.004167006313874857,0.0944771677823095,-0.03952402084895203,-0.018237815032277983,-0.4135,-0.06840611616117755,-0.04721543166155651,-1.0705000000000022,-0.08775967546621735,-0.06663299870060917,-1.510748130405863,-0.37166811693954455,-0.35148040626898,-7.968999999999999
10,50,1,1.0,0.008,446.2526691507221,446.2526691507221,8482,2749,0.505274645325573,0.0007754438961356638,-0.000936418920083196,-0.020596325435588314,-0.005909416343542494,-0.007620326677817881,-0.16760738683909587,-0.025239150315740214,-0.026947306482849688,-0.5927000000000007,-0.05023955589533947,-0.051944149918433886,-1.1425000000000012,-0.06699203963324939,-0.06869424670468038,-1.510914645505545,-0.3127438144811313,-0.3144110059920676,-6.915399999999998
10,50,1,1.3333333333333333,0.008,446.2526691507221,595.0035588676294,7131,2281,0.4348969750109601,-0.00629995169352916,0.0028295706930502266,0.05973994725891374,-0.01208570724091578,-0.0029481463958447407,-0.06224340343639373,-0.028815618046730208,-0.01965481344507793,-0.4149666666666673,-0.05045350277175871,-0.041262635503824564,-0.8711666666666685,-0.0649528000261443,-0.05574178811190025,-1.1768610305801455,-0.27765129238455744,-0.26814476712066354,-5.661266666666667
10,50,1,2.0,0.008,446.2526691507221,892.5053383014442,5661,1747,0.3440183171150544,0.0049706700849494675,0.014428911142464508,0.2874740703761465,0.0002656183796062769,0.009739664685364201,0.194047979335066,-0.013339362806073162,-0.003819614536033948,-0.0761000000000018,-0.030935572253860545,-0.02135671465285689,-0.42550000000000077,-0.042726589470935716,-0.03310812338827812,-0.6596289144045795,-0.2156957714556284,-0.20549626587949824,-4.094199999999999
10,50,1,3.0,0.008,446.2526691507221,1338.7580074521663,4419,1321,0.25889477668433003,0.0034088832463576636,0.013745795940824994,0.25461777158951904,-0.00042809455360471736,0.009931984032428396,0.1839733146546206,-0.011522980231285071,-0.0010959158736516482,-0.020300000000001178,-0.025872719456887006,-0.015359018032210672,-0.28450000000000075,-0.03548831438212734,-0.024916558457010393,-0.4615373760323118,-0.17654498132570734,-0.16512159069708057,-3.058599999999999
10,50,1,0.75,0.015,836.7237546576039,627.5428159932029,4755,1474,0.5705563093622795,-0.021538012801018226,-0.008830807637272578,-0.16919088166317095,-0.025646156278919446,-0.012945110215353668,-0.24801747479113428,-0.03752513619776849,-0.02484189959673687,-0.47594999999999976,-0.052888995641995375,-0.04022879318034453,-0.770750000000001,-0.06318414084159854,-0.05053937329136005,-0.9682920834758731,-0.21420951980637687,-0.2017911758082242,-3.8661499999999993
10,50,1,1.0,0.015,836.7237546576039,836.7237546576039,3918,1187,0.5037910699241785,0.004593657779290714,0.0014557932632411293,0.025930579013443422,0.0010287069941515444,-0.0021080080472282354,-0.03754782400073001,-0.009279593827412972,-0.012412985083585721,-0.22110000000000032,-0.0226119915596477,-0.025741083947643833,-0.4585000000000005,-0.031545877671434075,-0.03467208943739426,-0.6175790048072318,-0.16260216774811198,-0.1656861220202538,-2.9511999999999987
10,50,1,1.3333333333333333,0.015,836.7237546576039,1115.6316728768052,3173,980,0.42142857142857143,-0.008400817714706096,-0.019772058741827955,-0.3350488901152713,-0.011489279750812388,-0.022864810464213497,-0.38745734416235694,-0.020419780524309473,-0.03180771516114792,-0.5390000000000015,-0.031970179597958386,-0.04337415703792894,-0.7350000000000014,-0.039709968939838865,-0.05112469647735186,-0.8663373417953558,-0.15324936987127197,-0.16482179674412967,-2.793
10,50,1,2.0,0.015,836.7237546576039,1673.4475093152078,2360,710,0.3352112676056338,0.00404512717815259,-0.00034714583891731695,-0.005239502022287387,0.001532038444278316,-0.0028628268616739225,-0.04320889219925754,-0.005734730782396681,-0.010137091870261775,-0.1530000000000003,-0.015133317342435634,-0.0195453732139034,-0.29500000000000026,-0.02143120191095127,-0.025849754145213205,-0.3901525639537778,-0.11381847622284463,-0.11833232732214043,-1.7859999999999991
10,50,1,3.0,0.015,836.7237546576039,2510.1712639728116,1733,515,0.2446601941747573,-0.02277504509591951,-0.01596837861661331,-0.21232161062180055,-0.024856143202210645,-0.01803970779828871,-0.23986278800368624,-0.03087378176492655,-0.024029098842395978,-0.31950000000000023,-0.03865678617231876,-0.031775568891744294,-0.42250000000000043,-0.04387208775419845,-0.03696638922122763,-0.49151911329041625,-0.12037833244993681,-0.11311350440990144,-1.5039999999999996
10,50,1,0.75,0.025,1394.5395910960067,1045.904693322005,2283,676,0.5769230769230769,-0.01181560954843748,0.006865188091472424,0.10038464314497778,-0.01428248324709236,0.004392854154880656,0.06423350545535433,-0.021415618515198433,-0.00275606976743219,-0.04030000000000053,-0.030641367561372153,-0.012002239309785166,-0.1754999999999997,-0.03682343570318591,-0.018197990990814872,-0.2660959622996528,-0.1275117325461967,-0.10908701950449193,-1.5950999999999984
10,50,1,1.0,0.025,1394.5395910960067,1394.5395910960067,1864,533,0.5215759849906192,-0.02406027604729305,0.039476226642657306,0.5260244301720013,-0.026199267273630547,0.03733712115696456,0.49752064853210576,-0.0323843077818158,0.031151750259981067,0.41509999999999964,-0.040383824042789083,0.023151806685627944,0.3084999999999998,-0.045744207723222505,0.017791136667421978,0.23706856818681188,-0.12437874478300873,-0.06084760084507982,-0.8107999999999989
10,50,1,1.3333333333333333,0.025,1394.5395910960067,1859.386121461342,1459,405,0.4049382716049383,-0.028613123479348246,-0.051289950027216355,-0.5955474154728077,-0.030472428938167314,-0.05315523945278641,-0.6172060112779807,-0.03584873877912785,-0.0585488523459048,-0.6798333333333343,-0.042802270924936346,-0.06552476365752764,-0.7608333333333339,-0.04746175270105392,-0.07019924145481689,-0.8151105000956997,-0.11581435845592582,-0.13877183242956773,-1.611333333333333
10,50,1,2.0,0.025,1394.5395910960067,2789.0791821920134,1067,296,0.32094594594594594,-0.06717379577703746,-0.029109602577652067,-0.30219844027971426,-0.06872371087919578,-0.030634396113208475,-0.3180279325225076,-0.07320539718676985,-0.0350434416800685,-0.36380000000000035,-0.07900185437190457,-0.04074594785780363,-0.42299999999999993,-0.08288599354805862,-0.04456713154635125,-0.4626692379300259,-0.1398646548158195,-0.10062226272402286,-1.0445999999999998
10,50,1,3.0,0.025,1394.5395910960067,4183.61877328802,760,203,0.2019704433497537,-0.029938694118534722,-0.12162223259106919,-0.9936529843810201,-0.03119334931042772,-0.12295100175576686,-1.0045090212907737,-0.034821271243960054,-0.12679322934814205,-1.0358999999999992,-0.03951349928392633,-0.13176263287312964,-1.0764999999999998,-0.042657707232226366,-0.13509257292047827,-1.1037055922290377,-0.0887818937035721,-0.1839413698854987,-1.5028000000000004
10,50,1,0.75,0.04,2231.2633457536103,1673.4475093152078,1046,300,0.57,0.030892926176531315,-0.005527770068841004,-0.057565986769980454,0.02934152174442283,-0.007068336904721476,-0.07360939107010907,0.02485552893668269,-0.011522992056254257,-0.12000000000000036,0.01905350187402473,-0.0172844880843814,-0.18000000000000066,0.015165630387115561,-0.021145200192027855,-0.22020530871286417,-0.04186778228388326,-0.07778019637971595,-0.8099999999999995
10,50,1,1.0,0.04,2231.2633457536103,2231.2633457536103,822,241,0.5062240663900415,-0.009590852113359694,0.010130670160462877,0.09785532396144907,-0.010927024589745744,0.00879639306024167,0.08496712250701305,-0.014790659367959041,0.004938238892801121,0.0477000000000002,-0.019787750202509915,-5.1763510406726655e-05,-0.0005000000000000629,-0.023136243196998918,-0.0033955066287217673,-0.0327982646660006,-0.07225720396529418,-0.05244678874408879,-0.5065999999999995
10,50,1,1.3333333333333333,0.04,2231.2633457536103,2975.0177943381473,640,181,0.39779005524861877,-0.08299212957673069,-0.06472273126833139,-0.5366314786845555,-0.0841664614824936,-0.06589017118775987,-0.5463109992789655,-0.08756212309987926,-0.06926590415179935,-0.5743000000000009,-0.09195395372557853,-0.07363195975043264,-0.6105000000000004,-0.09489686882759263,-0.07655760330377565,-0.6347572029234281,-0.13806817529542084,-0.11947554353608279,-0.9906000000000004
10,50,1,2.0,0.04,2231.2633457536103,4462.526691507221,450,118,0.3050847457627119,-0.049600344692144735,-0.06274628189093756,-0.41084262146285844,-0.05056190956557279,-0.06371004386127042,-0.4171530271542425,-0.05334234064924018,-0.06649682800201882,-0.4354000000000001,-0.056938453501997936,-0.07010115767782872,-0.45899999999999996,-0.05934816729218832,-0.07251637746647664,-0.4748140880937264,-0.09469763845595444,-0.10794661927383298,-0.7067999999999998
10,50,1,3.0,0.04,2231.2633457536103,6693.790037260831,317,80,0.2,-0.04811793750848108,-0.12564302017110388,-0.6473509298053282,-0.048910570454306704,-0.12647337525973162,-0.6516291709520289,-0.051202523229844005,-0.12887440421024993,-0.6640000000000001,-0.05416685522945331,-0.13197981154061744,-0.6800000000000004,-0.0561532199489818,-0.13406070921389426,-0.6907214156567637,-0.08529234122535058,-0.1645865885094758,-0.8480000000000001
10,100,0,0.75,0.001,55.781583643840264,41.8361877328802,30260,12322,0.5590001623113131,-0.1447519363799055,-0.1307785078706927,-1.4002269632656579,-0.20620123322473413,-0.19232374075511016,-2.05918305588627,-0.38388610892922576,-0.37028602212809897,-3.9645999999999995,-0.6136975468084158,-0.6004562468500094,-6.4289999999999985,-0.7676915435697501,-0.7546906625409054,-8.08036604653304,-3.026717644539914,-3.017243606430071,-32.3052
10,100,0,1.0,0.001,55.781583643840264,55.781583643840264,29794,12072,0.49867461895294896,-0.10229522275511371,-0.09453380113863936,-1.1412553076240066,-0.1557752345548424,-0.14800978834160025,-1.786841896661179,-0.3104163734649488,-0.3026392898528565,-3.6535999999999986,-0.5104238436973118,-0.5026317086783264,-6.067999999999999,-0.6444465451234972,-0.6366443243301673,-7.6858616226056515,-2.610502281137122,-2.6025521063457604,-31.419199999999996
10,100,0,1.3333333333333333,0.001,55.781583643840264,74.37544485845368,29254,11809,0.439410619019392,-0.07186009395198811,-0.05750292062722134,-0.7864224592223243,-0.11812299648040288,-0.10367956730355565,-1.4179443304897172,-0.2518953666711963,-0.23720252275500064,-3.2440333333333333,-0.4249118973138008,-0.4098964690490462,-5.605833333333333,-0.5408482810957117,-0.5256166927756276,-7.188448301967375,-2.24158546906115,-2.2231829051365253,-30.40473333333333
10,100,0,2.0,0.001,55.781583643840264,111.56316728768053,28375,11347,0.3454657618753856,-0.040292523908365116,-0.03889559793273995,-0.6296375062632209,-0.07779609631322766,-0.07638134669920647,-1.2364525349084161,-0.1862402599309142,-0.18477397203841614,-2.991099999999999,-0.3264981691748846,-0.3249652234656442,-5.2605,-0.4204833781844631,-0.4189057658402184,-6.78119879321623,-1.7992062162365727,-1.796973363451538,-29.089199999999998
10,100,0,3.0,0.001,55.781583643840264,167.3447509315208,27261,10809,0.26302155611064854,-0.018915728460765995,-0.02259874234024439,-0.43020250332238946,-0.04922226690760684,-0.05296366138027825,-1.008246360256022,-0.13685571095756047,-0.14076591693789245,-2.679699999999999,-0.25019775936532124,-0.25432630027794395,-4.841499999999999,-0.3261469601383614,-0.3304218047735767,-6.290097272924494,-1.440289267646809,-1.446710325348484,-27.54039999999999
10,100,0,0.75,0.002,111.56316728768053,83.6723754657604,25044,9763,0.5784082761446276,-0.058479468214791365,-0.03902812360931573,-0.6585890961177249,-0.0893304886259293,-0.0699682225645761,-1.180694950058243,-0.17853833979064235,-0.15943365047716143,-2.6903999999999995,-0.2939166715985267,-0.2751451230915332,-4.643000000000001,-0.3712303624170477,-0.3526820477262155,-5.951414763212308,-1.5053891555813126,-1.4901155855424357,-25.145300000000002
10,100,0,1.0,0.002,111.56316728768053,111.56316728768053,24044,9248,0.5097318339100346,-0.033800699156110406,-0.026483228636640682,-0.489767485495925,-0.06054112227236984,-0.05322585609310835,-0.9843321620545555,-0.1378628981373756,-0.13055400595970604,-2.414399999999999,-0.23786819358222752,-0.23056754531651208,-4.264,-0.304880589853585,-0.2975854657382882,-5.503395649921891,-1.287923795753172,-1.2807097085629748,-23.684799999999996
10,100,0,1.3333333333333333,0.002,111.56316728768053,148.75088971690735,22928,8720,0.44071100917431194,-0.018520197076028522,-0.015207245021507098,-0.30725134878076005,-0.04161093387332694,-0.03828791991015825,-0.7735796337711655,-0.1083793902824152,-0.10502728161712396,-2.1220000000000003,-0.19473538941576604,-0.1913456506747414,-3.866000000000001,-0.25260154948850266,-0.24918659526728215,-5.03463430658725,-1.10147338031595,-1.0976885257797244,-22.178000000000004
10,100,0,2.0,0.002,111.56316728768053,223.12633457536106,21190,7899,0.3473857450310166,-0.005242043819762694,-0.00265036890695609,-0.05981243165357998,-0.023976513657986066,-0.021368490158838654,-0.4822352668759665,-0.07814852400661845,-0.07549322744364338,-1.7036999999999993,-0.1482127179435868,-0.14549628004414109,-3.2835000000000005,-0.19516192705948332,-0.1924045190549056,-4.342105778409712,-0.8838867542817539,-0.8805283323493664,-19.8714
10,100,0,3.0,0.002,111.56316728768053,334.6895018630416,19232,7002,0.2584975721222508,0.0008402335125979457,-0.006824993138291405,-0.1673901312113385,-0.014364282116366024,-0.022092557132710865,-0.5418431875763401,-0.058329186653866945,-0.06623977036298037,-1.6245999999999996,-0.11519186496526045,-0.12333824039641496,-3.0250000000000012,-0.15329489056109136,-0.16159926730852253,-3.9633919053582494,-0.7122499872348913,-0.7228721757474774,-17.7292
10,100,0,0.75,0.004,223.12633457536106,167.3447509315208,17021,6220,0.5794212218649518,-0.02075911779946104,-0.01039922354713946,-0.22353479236425783,-0.036209598615916064,-0.025873895210545683,-0.5561680415202571,-0.08088572844013332,-0.07061997453547998,-1.5179999999999993,-0.1386682807990409,-0.12849299714558352,-2.7620000000000005,-0.17738770339582602,-0.16727304281534638,-3.5955900673133816,-0.7453850805675697,-0.7361597345516703,-15.823999999999998
10,100,0,1.0,0.004,223.12633457536106,223.12633457536106,15607,5561,0.5123179284301385,-0.01329670624442464,0.0016645567880290532,0.03701849190713141,-0.02666640727657823,-0.011707803292778544,-0.2603727458029172,-0.06532581898804583,-0.05037490382663869,-1.1202999999999994,-0.1153265574175319,-0.10038558671156925,-2.2325000000000017,-0.14883147615800926,-0.13389716911706542,-2.97777240584079,-0.640334310927134,-0.625497757003339,-13.910600000000002
10,100,0,1.3333333333333333,0.004,223.12633457536106,297.5017794338147,14207,4945,0.44145601617795754,-0.004624504053698344,0.006120670695544677,0.1402873180748243,-0.01617834864628472,-0.005417107100907221,-0.12416146280562684,-0.04958708634961116,-0.03877938655620308,-0.8888333333333333,-0.09279678564950546,-0.08192899837403719,-1.8778333333333341,-0.12175110731187669,-0.11084305610697494,-2.540550838617043,-0.5464986282983954,-0.5349999224612949,-12.262333333333334
10,100,0,2.0,0.004,223.12633457536106,446.2526691507221,12175,4121,0.34239262314972096,-0.010704808218769317,0.002954417403454939,0.06933522840303578,-0.020139842767702146,-0.006436235537658559,-0.1510476686663948,-0.04742189524306435,-0.03358995553610311,-0.788299999999999,-0.08270755297167004,-0.06870963250281162,-1.6125000000000018,-0.1063520656735874,-0.09224292340852105,-2.1647869240190425,-0.45320695912202863,-0.43746624065324946,-10.266599999999999
10,100,0,3.0,0.004,223.12633457536106,669.3790037260832,10258,3319,0.25760771316661646,-0.0120153037113043,0.004263541505879278,0.09902829970145038,-0.019728307892326564,-0.0033782238545698178,-0.0784652298723045,-0.04203099091039107,-0.02547491491456774,-0.5916999999999986,-0.07087650537876561,-0.0540540065493323,-1.2555000000000016,-0.09020555228180524,-0.07320452658114784,-1.7003047320599871,-0.3737544072966968,-0.35413446871435866,-8.2254
10,100,0,0.75,0.008,446.2526691507221,334.6895018630416,9285,3153,0.5670789724072313,-0.011679136026753245,-0.0220214719574468,-0.4817185209524937,-0.019399383638439092,-0.02972965900069808,-0.6503347001468426,-0.04172301153534244,-0.05201841293299562,-1.1379000000000001,-0.07059561538148781,-0.08084591200632994,-1.7685000000000022,-0.08994281456446276,-0.1001628870007167,-2.191057794572203,-0.3737579557660134,-0.3835346522763394,-8.3898
10,100,0,1.0,0.008,446.2526691507221,446.2526691507221,8033,2691,0.4953548866592345,-0.014348182819838965,-0.020773090323064642,-0.4472669013267254,-0.021032545916724734,-0.02745688838207148,-0.591176237898875,-0.040360842366284996,-0.046783550985673425,-1.0073000000000005,-0.0653593887041058,-0.07177998416396138,-1.5455000000000012,-0.08211062658552115,-0.08852980604152041,-1.9061416191543916,-0.32784412525122414,-0.33424253253598446,-7.196599999999999
10,100,0,1.3333333333333333,0.008,446.2526691507221,595.0035588676294,6883,2238,0.4289544235924933,-0.006672075777900493,-0.009170019526733408,-0.1896422613040557,-0.012458119640202582,-0.014957246168784277,-0.30932605738301144,-0.02918886412846009,-0.031691410746179254,-0.6554000000000009,-0.05082782710936278,-0.053334797151412455,-1.1030000000000018,-0.06532784689058657,-0.06783778101831589,-1.4029316029979682,-0.27803693840884036,-0.28059035440636054,-5.8028
10,100,0,2.0,0.008,446.2526691507221,892.5053383014442,5506,1728,0.33738425925925924,-0.014445673293024255,0.0004700596915609835,0.009219916204911922,-0.019182722307829508,-0.0042412868384475505,-0.08319009256382706,-0.032880225918444125,-0.01786446994336245,-0.35040000000000165,-0.05059610065246434,-0.03548422112037733,-0.6960000000000007,-0.062467304199126245,-0.04729101337897295,-0.9275825781860981,-0.2366127853596769,-0.22049160847903407,-4.324799999999999
10,100,0,3.0,0.008,446.2526691507221,1338.7580074521663,4348,1324,0.25075528700906347,-0.010906109372880064,-0.004880334378922151,-0.0896578882781808,-0.01477464588482293,-0.008734446384807672,-0.16046277925608057,-0.025960785752600954,-0.019878876799467475,-0.3652000000000011,-0.04042854997360949,-0.03429269546457964,-0.6300000000000008,-0.05012323208845243,-0.04395122928394758,-0.8074394291194406,-0.19234007429419914,-0.18563779144825748,-3.410399999999999
10,100,0,0.75,0.015,836.7237546576039,627.5428159932029,4439,1398,0.5636623748211731,-0.0055133057481651085,-0.02271005342750614,-0.4134574983481093,-0.009630514112061728,-0.026816533579544315,-0.4882197623867067,-0.021535705773340203,-0.03869070387705661,-0.7043999999999997,-0.03693346657351054,-0.054048342724338096,-0.9840000000000011,-0.04725132868113858,-0.06433931957359848,-1.1713567386019474,-0.1986099549752984,-0.21530355062079284,-3.9197999999999986
10,100,0,1.0,0.015,836.7237546576039,836.7237546576039,3673,1134,0.5061728395061729,-0.008030495095195002,0.0062176349584773475,0.10580057000947338,-0.01159521716593009,0.00265373470000421,0.045156501754989156,-0.02190285664403669,-0.007651528451323716,-0.1302000000000002,-0.035234399017646266,-0.020979997366532763,-0.35700000000000054,-0.04416771196347289,-0.02991125082329591,-0.5089760669346259,-0.17521559394054637,-0.1609289209762275,-2.7383999999999986
10,100,0,1.3333333333333333,0.015,836.7237546576039,1115.6316728768052,3031,943,0.41993637327677624,0.004022625276788827,-0.02280307273631533,-0.3716490850803068,0.0009395965696975539,-0.0258972648194497,-0.4220788525970434,-0.007975193358594382,-0.034844334418730714,-0.5679000000000016,-0.019505272571520325,-0.04641616303534031,-0.7565000000000015,-0.027231445808844637,-0.05417031206705929,-0.8828786870541028,-0.1405711043072427,-0.16792036350974102,-2.7367999999999997
10,100,0,2.0,0.015,836.7237546576039,1673.4475093152078,2273,706,0.31869688385269124,0.0228278289769263,-0.03576735549529535,-0.5298719555320213,0.020330533848198416,-0.03831592141523337,-0.567627433651656,0.013109432918989014,-0.045685275369802075,-0.6768000000000005,0.003769912146426068,-0.055216541448726494,-0.8180000000000005,-0.0024883931184255486,-0.06160333303418653,-0.9126164931709397,-0.09429505596548479,-0.15529483527743285,-2.3005999999999993
10,100,0,3.0,0.015,836.7237546576039,2510.1712639728116,1671,519,0.23892100192678228,-0.007351354051976662,-0.02954401192347148,-0.39268915711206664,-0.009413652976964395,-0.03163216912994955,-0.42044424655128765,-0.01537693241167149,-0.037670219567230365,-0.5007000000000001,-0.023089630613653506,-0.045479623983205035,-0.6045000000000003,-0.028257820817317408,-0.0507126159066694,-0.6740551840732545,-0.10407296173446444,-0.12747837035093887,-1.6943999999999995
10,100,0,0.75,0.025,1394.5395910960067,1045.904693322005,2177,649,0.539291217257319,0.01715785017897543,-0.06863470956692032,-0.9721344180457241,0.01468016072456323,-0.07108511220271574,-1.0068416493483359,0.007515750953475566,-0.07817062025770179,-1.1072000000000006,-0.0017504474470433525,-0.08733476992302838,-1.2369999999999997,-0.007959620235168533,-0.09347556102945083,-1.3239774845154955,-0.09904553065249258,-0.1835583414089583,-2.5998999999999985
10,100,0,1.0,0.025,1394.5395910960067,1394.5395910960067,1756,542,0.4833948339483395,0.02252175035392814,-0.03687209301580013,-0.4998025494310983,0.02038250482829659,-0.03901041885270135,-0.5287876331999978,0.014196728996181265,-0.04519353534148608,-0.6126000000000008,0.006196261692813394,-0.053190563142689246,-0.7210000000000002,0.0008352407298287457,-0.058549279334901394,-0.793637591074574,-0.07780864499254951,-0.13715935505532284,-1.859199999999999
10,100,0,1.3333333333333333,0.025,1394.5395910960067,1859.386121461342,1401,416,0.4254807692307692,0.0034061495961852416,-0.009425767039425973,-0.11322483498770719,0.0015559978768394593,-0.011277778242062437,-0.13547168895055128,-0.003793843295738275,-0.01663299623869431,-0.19980000000000092,-0.010713141786511789,-0.023559248926679058,-0.2830000000000005,-0.015349683984811851,-0.02820045105240792,-0.3387513614151717,-0.08336577593963405,-0.0962849021505193,-1.1566
10,100,0,2.0,0.025,1394.5395910960067,2789.0791821920134,988,290,0.29310344827586204,0.005256582219479499,-0.09091569556912986,-0.9016471205443147,0.0037489052813064207,-0.09247947514587118,-0.9171557447011054,-0.0006106464648802463,-0.09700125153696908,-0.9620000000000003,-0.006249139056484442,-0.10284955984169274,-1.02,-0.010027427978495219,-0.10676844385568317,-1.0588651317557687,-0.06545331126832889,-0.16425679704129162,-1.6289999999999998
10,100,0,3.0,0.025,1394.5395910960067,4183.61877328802,711,203,0.22167487684729065,0.014777355342067951,-0.07023046126344325,-0.5936529843810203,0.01355500206297182,-0.07151475444434909,-0.6045090212907737,0.010020483335904495,-0.0752283766651798,-0.6358999999999992,0.0054490597543658,-0.08003144647585182,-0.6764999999999994,0.0023858014818152664,-0.08324992821764361,-0.703705592229038,-0.042550887851790446,-0.1304636794879076,-1.1028000000000002
10,100,0,0.75,0.04,2231.2633457536103,1673.4475093152078,1067,283,0.5229681978798587,-0.002110617023997073,-0.09947505625548976,-0.9860039141863483,-0.003653791486920973,-0.10100190938395259,-1.0011381922428026,-0.008115986771716195,-0.10541691040560824,-1.0449000000000006,-0.013887234945938898,-0.1111271191614293,-1.1015000000000006,-0.01775448185432512,-0.11495346425880731,-1.1394270078858018,-0.07448534077527696,-0.1710843110975503,-1.6957999999999993
10,100,0,1.0,0.04,2231.2633457536103,2231.2633457536103,819,223,0.4977578475336323,0.011128052321561098,-0.006766316353945444,-0.060490716832352354,0.009791797891205475,-0.008100279109989388,-0.07241631402878063,0.005927926137442487,-0.011957524329582987,-0.10690000000000005,0.0009305288069582865,-0.016946351131261205,-0.1515000000000001,-0.0024181695669243703,-0.0202893064925359,-0.18138594614322892,-0.051542143163125935,-0.06932903254888241,-0.6197999999999999
10,100,0,1.3333333333333333,0.04,2231.2633457536103,2975.0177943381473,642,175,0.4,-0.037245265997751485,-0.06015816496997239,-0.4827468256158224,-0.038408821655184895,-0.06132440642744695,-0.4921054781242298,-0.041773323008038654,-0.06469667395617232,-0.5191666666666673,-0.04612485203142996,-0.06905824748130752,-0.5541666666666674,-0.04904076149407049,-0.07198088764883935,-0.5776197634158372,-0.09181590677703887,-0.11485476949522713,-0.9216666666666669
10,100,0,2.0,0.04,2231.2633457536103,4462.526691507221,440,119,0.31932773109243695,-0.014531774278792216,-0.03155001743975518,-0.21093450808542516,-0.015480466902917973,-0.03250187990987627,-0.2172983917911429,-0.01822367699082557,-0.03525425582588269,-0.23570000000000008,-0.02177164950231374,-0.038814083100621795,-0.2595,-0.024149105004465963,-0.04119948234304443,-0.27544810578943596,-0.059025360872939414,-0.07619226948538241,-0.5093999999999999
10,100,0,3.0,0.04,2231.2633457536103,6693.790037260831,302,79,0.21518987341772153,0.06855862853947597,-0.08555641885886961,-0.44725904318276144,0.06781663063262905,-0.08636457603230573,-0.45148380631512863,0.06567109256107034,-0.08870141818160322,-0.46370000000000017,0.06289612824689048,-0.091723808535861,-0.4795000000000002,0.0610366566315775,-0.09374907748992291,-0.49008739796105427,0.033759002948002305,-0.12345890725556762,-0.6453999999999999
10,100,1,0.75,0.001,55.781583643840264,41.8361877328802,19004,7264,0.5651156387665198,-0.1243344470126999,-0.11864144345686982,-0.7477144263237898,-0.18592980650703828,-0.1802799022061312,-1.1361787224442352,-0.36403703242635377,-0.35851175259061013,-2.25945,-0.5943947233829231,-0.589030628495648,-3.712249999999999,-0.74875475803778,-0.7434986713273894,-4.68575454163415,-3.0131504784269003,-3.0094788254985483,-18.96665
10,100,1,1.0,0.001,55.781583643840264,55.781583643840264,18594,7084,0.5053642010163749,-0.08253015957363687,-0.08115716272796496,-0.5749248342618012,-0.1360090774553178,-0.13463448003611472,-0.9537630878021697,-0.290647053226018,-0.2892678276381693,-2.049199999999999,-0.4906504323638952,-0.48926522086370045,-3.4659999999999993,-0.6246703923948014,-0.6232811698037097,-4.415381356406431,-2.5906859133116056,-2.5892378497317776,-18.342399999999998
10,100,1,1.3333333333333333,0.001,55.781583643840264,74.37544485845368,18153,6902,0.4447986090988119,-0.052658821535184995,-0.04658703642272245,-0.3728681356213467,-0.09880956777712598,-0.09270392953471564,-0.7419733905529705,-0.23225763033797375,-0.22605410343782706,-1.8092666666666664,-0.4048547127722968,-0.3985245800870643,-3.189666666666666,-0.5205100291424904,-0.5140950593793544,-4.114656802453961,-2.217124078332689,-2.209464584904054,-17.683866666666663
10,100,1,2.0,0.001,55.781583643840264,111.56316728768053,17526,6616,0.35262998790810157,-0.022538144019065506,-0.023716262483923254,-0.2249218949006317,-0.059833022160353744,-0.06102282931279584,-0.5787324377327999,-0.1676737319358087,-0.1688973377337555,-1.6017999999999992,-0.30715115496998135,-0.3084184747604164,-2.925,-0.40061336916270895,-0.4019099811958618,-3.811661074814363,-1.7716640968287942,-1.7733904135403553,-16.818599999999996
10,100,1,3.0,0.001,55.781583643840264,167.3447509315208,16875,6335,0.2740331491712707,0.0030020538287054005,0.0023797050113329435,0.02689824604058315,-0.026962338669324033,-0.027592662967134106,-0.3118849747637986,-0.113606444134316,-0.1142598300833248,-1.2914999999999992,-0.2256689164281394,-0.22635212951466252,-2.5584999999999996,-0.30076068798980526,-0.3014638878975247,-3.40750210231998,-1.4023248755132849,-1.403321273543708,-15.861999999999997
10,100,1,0.75,0.002,111.56316728768053,83.6723754657604,15797,5894,0.5736342042755345,-0.04883997720626118,-0.04862143621724542,-0.49607975340754584,-0.07973373433740694,-0.07951455011472026,-0.8112791698907389,-0.1690651616725973,-0.16884411749543218,-1.7227,-0.28460332260106613,-0.28437987282347277,-2.9015000000000004,-0.3620241130718272,-0.3617990513291028,-3.69140029851207,-1.4977540123499884,-1.4975053037678985,-15.2789
10,100,1,1.0,0.002,111.56316728768053,111.56316728768053,15134,5585,0.5094001790510295,-0.026256772122548747,-0.027145320813430428,-0.303186787034466,-0.053000080908814126,-0.053886660376998276,-0.6018614970885264,-0.13033020088746577,-0.13121108621253985,-1.4654999999999996,-0.23034628831867665,-0.23121980903710976,-2.5825000000000005,-0.2973659161757539,-0.2982345019561279,-3.3309888305378204,-1.2805152063463898,-1.2813113986950926,-14.311
10,100,1,1.3333333333333333,0.002,111.56316728768053,148.75088971690735,14433,5295,0.4421152030217186,-0.012521731719867143,-0.012374476187068783,-0.15187299982348512,-0.03559562445423947,-0.03544659559600795,-0.4350390857207554,-0.10231537509481521,-0.10216121854391097,-1.2538333333333336,-0.18860837988128937,-0.1884475913510371,-2.3128333333333337,-0.2464323281679703,-0.246267095624767,-3.022457032115385,-1.0946849301392678,-1.094454505825862,-13.432333333333334
10,100,1,2.0,0.002,111.56316728768053,223.12633457536106,13479,4855,0.35550978372811537,-0.005993133130526809,0.014334180910179172,0.19989044743915285,-0.02473189908305756,-0.004284347370686658,-0.059745312151261915,-0.0789163319422135,-0.058121104717806585,-0.8104999999999998,-0.1489965927222047,-0.1277516940836181,-1.7815000000000003,-0.19595656804449751,-0.17441034977213682,-2.432155912669851,-0.884839330912112,-0.8588728824246387,-11.977
10,100,1,3.0,0.002,111.56316728768053,334.6895018630416,12471,4444,0.26777677767776775,0.00182470619066268,0.014205585890963202,0.2236558493140259,-0.013371492626167344,-0.0008892436493253149,-0.014000446385212195,-0.05731234852835173,-0.044536983304011984,-0.7011999999999996,-0.11414392317130294,-0.10098945158781968,-1.590000000000001,-0.1522261065572701,-0.1388176001703805,-2.185574639733227,-0.7108754569222896,-0.6937403685677991,-10.9224
10,100,1,0.75,0.004,223.12633457536106,167.3447509315208,11450,4202,0.5730604474059972,-0.02948655906150135,-0.023236233586982964,-0.33810758802485713,-0.04491710164695529,-0.038679605750391796,-0.5628222042553248,-0.08953557870248194,-0.08333518041453733,-1.2125999999999995,-0.1472435649756831,-0.14109114744437184,-2.053000000000001,-0.18591302169754603,-0.17979275551844665,-2.6161423573715163,-0.7531774208442952,-0.747528801257633,-10.877199999999998
10,100,1,1.0,0.004,223.12633457536106,223.12633457536106,10584,3824,0.5054916317991632,-0.025616037714788396,-0.0119875474841473,-0.18337444469468267,-0.038984956475506684,-0.02535610921175773,-0.3878743715069874,-0.0776421061952204,-0.06401222654564034,-0.979199999999999,-0.12763991904325003,-0.11400870414174527,-1.7440000000000013,-0.16114287738530042,-0.1475107677468649,-2.256483668393307,-0.65261695394756,-0.6389717189008454,-9.774400000000002
10,100,1,1.3333333333333333,0.004,223.12633457536106,297.5017794338147,9746,3466,0.4324870167339873,-0.012594001154382943,-0.011966693625793232,-0.19181236714917255,-0.024159885981152426,-0.023530515650846677,-0.3771671648299906,-0.05760343885119563,-0.05696810378760012,-0.913133333333333,-0.10085816687675639,-0.1002151172345934,-1.606333333333334,-0.12984266176940043,-0.12919444267702251,-2.070838666662623,-0.555032811145144,-0.5543087584280223,-8.884933333333333
10,100,1,2.0,0.004,223.12633457536106,446.2526691507221,8549,2994,0.3486973947895792,-0.012670203735004751,0.016169187906724235,0.2768914520355956,-0.022111512507668716,0.00681931454474491,0.11677827712031413,-0.049411707333245646,-0.02021648849090619,-0.34619999999999945,-0.08472082974657945,-0.05518365575940614,-0.9450000000000013,-0.10838106586338582,-0.07861475167347926,-1.3462489809543834,-0.45546661508658287,-0.42233891207865437,-7.232399999999999
10,100,1,3.0,0.004,223.12633457536106,669.3790037260832,7427,2501,0.2602958816473411,-0.01695108445354445,0.010373971834753026,0.1821915569609302,-0.024685836102619457,0.002758342775145064,0.04844304311219255,-0.047051403422966404,-0.01926277337017068,-0.3382999999999992,-0.07597825026062825,-0.047744119038983665,-0.8385000000000011,-0.09536179704726029,-0.06682914062519058,-1.1736782569695776,-0.37971014205607595,-0.3467982485615188,-6.0906
10,100,1,0.75,0.008,446.2526691507221,334.6895018630416,7086,2465,0.5724137931034483,-0.0053245272828255676,-0.011272804087933491,-0.19250052462667203,-0.01305197880696869,-0.018992358609260292,-0.32432382995939346,-0.03539643731309436,-0.04131398238763631,-0.7055,-0.06429598274466337,-0.07018399417658706,-1.1985000000000015,-0.08366123517362448,-0.08952945645190018,-1.5288536199240343,-0.3677412097761368,-0.37331911796056905,-6.375
10,100,1,1.0,0.008,446.2526691507221,446.2526691507221,6246,2134,0.5051546391752577,-0.007962985454356114,-0.001176336283260265,-0.020086052557128198,-0.014647243565534606,-0.007859876819060328,-0.13420813514537294,-0.033975236441688685,-0.027185794776566487,-0.4642000000000006,-0.05897339014822509,-0.052181264855494895,-0.8910000000000009,-0.07572436493194044,-0.06893044137126941,-1.1769937626441735,-0.321454004066857,-0.31463370068424296,-5.372399999999999
10,100,1,1.3333333333333333,0.008,446.2526691507221,595.0035588676294,5448,1799,0.4224569205113952,-0.00247297733416299,-0.022338145849614178,-0.3706373673306508,-0.008255539659762983,-0.028136494912142374,-0.46684431511708563,-0.02497621704476729,-0.044902820734686155,-0.7450333333333341,-0.04660215958448315,-0.06658780337574037,-1.1048333333333349,-0.061093454518082076,-0.08111866040101841,-1.34593116791481,-0.27367455625149917,-0.2942801211068091,-4.882733333333333
10,100,1,2.0,0.008,446.2526691507221,892.5053383014442,4466,1455,0.32577319587628867,-0.010345321136266728,-0.02429215034758278,-0.3976950358344057,-0.015075345225674814,-0.02904499978750903,-0.4755055466900281,-0.028752535780483725,-0.04278819141601571,-0.7005000000000015,-0.04644213831466744,-0.06056315744322557,-0.9915000000000006,-0.05829573716291281,-0.07247395738463636,-1.1864957472573918,-0.23218296492359689,-0.24720030072892957,-4.046999999999999
10,100,1,3.0,0.008,446.2526691507221,1338.7580074521663,3623,1194,0.24204355108877723,-0.007750773507882324,-0.02526932527222676,-0.4137126273445225,-0.011612174163336401,-0.02916941383673847,-0.4775653764590333,-0.02277768021041416,-0.04044678863846656,-0.6622000000000008,-0.037218757365428616,-0.055032552949650176,-0.9010000000000007,-0.0468955567848227,-0.06480630556538704,-1.0610171286771992,-0.18885006749308056,-0.20818307821707827,-3.4083999999999994
10,100,1,0.75,0.015,836.7237546576039,627.5428159932029,3750,1223,0.5764513491414555,-0.0026869435099344734,0.0030796375812926786,0.048872660601046,-0.006805783138619053,-0.001041673138106283,-0.01653095092914332,-0.018715691714426573,-0.012958727042973475,-0.20564999999999994,-0.03411955320778188,-0.02837183005640079,-0.450250000000001,-0.04444150331962429,-0.03869997280436774,-0.6141536418527765,-0.1958600988880116,-0.19020941169738678,-3.0185499999999994
10,100,1,1.0,0.015,836.7237546576039,836.7237546576039,3194,1003,0.514456630109671,0.005771037494815885,0.022785649011238467,0.3428377175656981,0.002206142384911004,0.019220735363760025,0.2891992691889368,-0.008101997447877495,0.008912541928300356,0.13410000000000005,-0.021434186962828936,-0.004419716914481562,-0.06650000000000046,-0.03036793355061274,-0.013353509958045809,-0.20091974879667535,-0.16142217686981875,-0.14440843476369125,-2.172799999999999
10,100,1,1.3333333333333333,0.015,836.7237546576039,1115.6316728768052,2674,840,0.4369047619047619,-0.003792156217228917,0.011501145064480281,0.16781523704405324,-0.006878463750956761,0.008422467194608155,0.1228937050036939,-0.015802734632380595,-0.000479741988090428,-0.007000000000001616,-0.02734507618031432,-0.01199354970225801,-0.17500000000000113,-0.03507946626704745,-0.01970881959573568,-0.2875748643960194,-0.14853966243361852,-0.13288853070101786,-1.9389999999999996
10,100,1,2.0,0.015,836.7237546576039,1673.4475093152078,2055,642,0.3442367601246106,-0.00847105667886388,0.01863659966967898,0.25600878831224133,-0.010995130020306765,0.01613727829388527,0.22167590310996702,-0.018293661996609707,0.00891031833167591,0.12239999999999968,-0.027733329392223765,-0.0004367803103762938,-0.006000000000000311,-0.03405874175534738,-0.006700163418264588,-0.09203936064552856,-0.12684983704617112,-0.09858131605192437,-1.3541999999999994
10,100,1,3.0,0.015,836.7237546576039,2510.1712639728116,1550,478,0.27405857740585776,-0.05193926724080779,0.05045203509442959,0.6460781944131637,-0.054057571885693934,0.04845586853642623,0.6205157035616273,-0.06018279571830061,0.04268381539739722,0.5465999999999996,-0.06810494717166503,0.03521844263488135,0.45099999999999973,-0.07341348958587467,0.03021598235865544,0.3869395414508369,-0.15128753743199128,-0.04316797137153528,-0.5527999999999996
10,100,1,0.75,0.025,1394.5395910960067,1045.904693322005,1978,618,0.5760517799352751,-0.020829193790992614,0.0051011557943351745,0.06821406725384044,-0.023293043582649792,0.0026296684503251603,0.03516465439557531,-0.030417435015323853,-0.004516807491207043,-0.06040000000000059,-0.03963187508888387,-0.013759810900365666,-0.18399999999999964,-0.04580636521844498,-0.019953440992020302,-0.26682293594849915,-0.13638349586126458,-0.11081134669653185,-1.4817999999999985
10,100,1,1.0,0.025,1394.5395910960067,1394.5395910960067,1625,502,0.5,-0.00798077452309395,-0.003671802256111433,-0.04612708452843428,-0.010119256645364458,-0.005808791169168286,-0.07297304772398303,-0.016302825044062552,-0.011988041850542554,-0.15060000000000065,-0.024300437329829012,-0.019980069750904182,-0.2510000000000001,-0.02965954517841291,-0.025335435567168548,-0.3182768832461923,-0.10827536633037722,-0.10389636270470164,-1.3051999999999992
10,100,1,1.3333333333333333,0.025,1394.5395910960067,1859.386121461342,1323,389,0.4241645244215938,-0.027716959067982876,-0.01208867208717521,-0.13574389617840887,-0.029575917503228882,-0.013941278493583465,-0.15654684375424152,-0.034951223901617826,-0.019298217562931184,-0.21670000000000075,-0.04190345822970663,-0.026226696226503095,-0.2945000000000004,-0.04656207035312298,-0.030869389952826443,-0.3466328836310139,-0.11490191867463945,-0.09897572219400852,-1.1114000000000002
10,100,1,2.0,0.025,1394.5395910960067,2789.0791821920134,947,276,0.3442028985507246,-0.0637783614013362,0.020262614118657086,0.1996392921716177,-0.0653260112138525,0.01876453825197169,0.18487936021549967,-0.06980114728034739,0.014432748665508765,0.14219999999999958,-0.07558913261150525,0.008830162685648865,0.08700000000000019,-0.07946759489591751,0.005075934370471604,0.05001111598416491,-0.13636297858866336,-0.04999699010288069,-0.4925999999999998
10,100,1,3.0,0.025,1394.5395910960067,4183.61877328802,693,176,0.2556818181818182,-0.023219409561694115,0.010887035883348174,0.08382795442827834,-0.024468931340610425,0.009664648871298141,0.07441582390553628,-0.02808200965682683,0.006130032603070336,0.04720000000000063,-0.032755039478457565,0.0015584828651874119,0.012000000000000455,-0.035886382921842305,-0.0015048599432758664,-0.011587114444880031,-0.08182185260557998,-0.04644278938258311,-0.35759999999999986
10,100,1,0.75,0.04,2231.2633457536103,1673.4475093152078,991,286,0.541958041958042,-0.005269572284092835,-0.06167620598860374,-0.6162795740540481,-0.006811992235945584,-0.06320687462293315,-0.6315742861535039,-0.011272005799992482,-0.06763290844269164,-0.6758000000000005,-0.01704043221248543,-0.07335738663582857,-0.7330000000000003,-0.0209057882908473,-0.07719329351874739,-0.7713290609729306,-0.07760890954366083,-0.13346440766376658,-1.3335999999999995
10,100,1,1.0,0.04,2231.2633457536103,2231.2633457536103,774,226,0.5309734513274337,-0.04623957787355937,0.059632149079973204,0.5392336232999478,-0.04757695524010791,0.058295592927846966,0.5271475920605184,-0.05144407404124344,0.054430848724795464,0.49219999999999986,-0.056445670989858206,0.04943232299874762,0.44699999999999995,-0.05979718347946445,0.046082868499998514,0.41671200076964254,-0.1089624389503135,-0.003052197124754866,-0.02759999999999982
10,100,1,1.3333333333333333,0.04,2231.2633457536103,2975.0177943381473,615,164,0.4329268292682927,-0.07375394996266818,0.0067825202226716,0.05159726056574343,-0.07492587043558906,0.00562964163197823,0.04282686621500725,-0.07831455922876351,0.0022960137532568596,0.017466666666665798,-0.0826973714461615,-0.0020155845925538727,-0.015333333333333643,-0.08563424341667804,-0.0049047369682071375,-0.03731223542969914,-0.1287168997288404,-0.047287367223567314,-0.35973333333333346
10,100,1,2.0,0.04,2231.2633457536103,4462.526691507221,440,107,0.37383177570093457,-0.0440532893410581,0.08173832368583366,0.510168131385374,-0.04501271120437098,0.08082153034161088,0.5044459838516616,-0.047786945626636324,0.07817055921941414,0.4879,-0.0513750439330732,0.07474188537785757,0.4665,-0.05377938726811312,0.07244437053993254,0.45216010655907873,-0.08905007615066014,0.03874081004151332,0.2418000000000001
10,100,1,3.0,0.04,2231.2633457536103,6693.790037260831,316,69,0.2753623188405797,-0.008657667227728856,0.0550882742543363,0.2736598230429045,-0.009431626894549901,0.05434547323724428,0.269969840053875,-0.011669584597250055,0.052197612917077287,0.25929999999999986,-0.01456408124774538,0.04941964508732151,0.24549999999999975,-0.01650365010443725,0.04755816085082596,0.2362527789960412,-0.04495629607794598,0.020250982874886143,0.1006
10,200,0,0.75,0.001,55.781583643840264,41.8361877328802,20552,8661,0.5570950236693223,-0.15098161558034381,-0.13455278085880126,-1.0130800380493314,-0.21239108168879892,-0.19606936778268463,-1.4762531201940419,-0.38996078407471485,-0.3739488173870725,-2.8155499999999996,-0.6196232607896965,-0.6040119103805859,-4.547749999999999,-0.7735174403911435,-0.7581745383345958,-5.708477262540388,-3.0310792662970045,-3.0196743868124782,-22.73585
10,200,0,1.0,0.001,55.781583643840264,55.781583643840264,20216,8480,0.49587264150943394,-0.11189037149576628,-0.10013884661980697,-0.8491985593647762,-0.1653777447624507,-0.15361552966684974,-1.3026921209150761,-0.3200401698614674,-0.30824704325921276,-2.613999999999999,-0.5200751709101759,-0.5082420644404007,-4.309999999999999,-0.6541163204191996,-0.6422564239008249,-5.446470059616958,-2.6204426819216144,-2.6081897868428725,-22.117999999999995
10,200,0,1.3333333333333333,0.001,55.781583643840264,74.37544485845368,19901,8294,0.4332047263081746,-0.08142342347168366,-0.07011766912217501,-0.672440980900722,-0.12774787848902813,-0.11636776123477967,-1.1159876317849422,-0.2616982319425495,-0.2501030892256162,-2.398533333333333,-0.4349449599464308,-0.4230717107752237,-4.057333333333332,-0.551035596327925,-0.5389759912258997,-5.168876101548317,-2.2540356039871843,-2.239242237046104,-21.474733333333333
10,200,0,2.0,0.001,55.781583643840264,111.56316728768053,19380,8023,0.34376168515517885,-0.04651199380897928,-0.04252810252988658,-0.4862063728518392,-0.08409120538404513,-0.08005713990425214,-0.9152604818516104,-0.19275408487393939,-0.18857493723580182,-2.155899999999999,-0.333294873619498,-0.3289280817641046,-3.7605,-0.42746963692390794,-0.42297710684046536,-4.835723972677696,-1.8089731554478625,-1.8026360993112827,-20.6088
10,200,0,3.0,0.001,55.781583643840264,167.3447509315208,18825,7738,0.25355388989402944,-0.02975665499792445,-0.044631021285248866,-0.601018685420358,-0.06023872041157995,-0.07536033416095164,-1.0148315603350078,-0.14837971277994647,-0.16421625960126296,-2.211399999999999,-0.2623782065288494,-0.2791394229181277,-3.758999999999999,-0.3387672837617853,-0.3561481105750186,-4.796028929400475,-1.4593623908923299,-1.4858326377452071,-20.008799999999994
10,200,0,0.75,0.002,111.56316728768053,83.6723754657604,16979,6880,0.5744186046511628,-0.05851203762817664,-0.0470472190905198,-0.5601799632582143,-0.08936262251728481,-0.07794804580823622,-0.9281087018744967,-0.17856921434004117,-0.16729991534009261,-1.992,-0.2939459173588421,-0.2828645154946948,-3.3680000000000003,-0.3712585167445642,-0.3603030225862695,-4.290041746481684,-1.5054012990562513,-1.496292817118017,-17.816
10,200,0,1.0,0.002,111.56316728768053,111.56316728768053,16373,6559,0.5051074858972404,-0.03782027457776268,-0.03572747982536575,-0.46868435741433495,-0.06455934738074436,-0.06246584362209347,-0.8194466534294795,-0.14187721872187037,-0.13978166482278548,-1.8336999999999994,-0.24187746419134612,-0.23977925871193312,-3.1455000000000006,-0.3088864765323871,-0.30678649425954635,-4.024522066158919,-1.2918800416208402,-1.289753994547983,-16.9194
10,200,0,1.3333333333333333,0.002,111.56316728768053,148.75088971690735,15795,6245,0.433306645316253,-0.0177673496795981,-0.030176810781014526,-0.43583195792842266,-0.04085573667835547,-0.05330075874743966,-0.7698021574427669,-0.1076173984830604,-0.12016524754031879,-1.7355000000000003,-0.19396460971143634,-0.20664545161860065,-2.9845000000000006,-0.25182488111029877,-0.26459483999391414,-3.8214405097061217,-1.100610327609384,-1.11468759444056,-16.099000000000004
10,200,0,2.0,0.002,111.56316728768053,223.12633457536106,14858,5801,0.34235476641958285,-0.015216054458838597,-0.013261313581468516,-0.21903429750885162,-0.034011685683340495,-0.03204377732671097,-0.5292602586590052,-0.08836054839443779,-0.08635456536428575,-1.4262999999999995,-0.15865347702561827,-0.15659824953707155,-2.5865,-0.2057559586247505,-0.2036677329920012,-3.3639366528110823,-0.8967292276530128,-0.8941569333513221,-14.7686
10,200,0,3.0,0.002,111.56316728768053,334.6895018630416,13891,5302,0.25292342512259525,-0.009766121254930947,-0.0196959803796008,-0.36318287284811746,-0.025058987671475436,-0.03507282549802096,-0.6467233048457235,-0.06927936459866504,-0.07953603262784548,-1.4665999999999997,-0.1264724620128663,-0.1370431981798484,-2.527000000000001,-0.1647968976425808,-0.17557808725018267,-3.237561822652019,-0.7269999848619789,-0.7408684364758781,-13.6612
10,200,0,0.75,0.004,223.12633457536106,167.3447509315208,11846,4485,0.5763656633221851,-0.0183832816165111,-0.016571734619137152,-0.25711150221120516,-0.03383914125857947,-0.03203083384508822,-0.4969603964981275,-0.0785308243276606,-0.07673188439417465,-1.1904999999999997,-0.1363334927124915,-0.13454666835181825,-2.0875000000000004,-0.17506639482648206,-0.1732876889715616,-2.688569365257318,-0.7432615107532156,-0.7416018999070758,-11.506
10,200,0,1.0,0.004,223.12633457536106,223.12633457536106,11002,4117,0.5100801554529998,-0.01097412821019092,-0.0028115747073461043,-0.046297225106696836,-0.0243439865000647,-0.016182171933756,-0.2664662101187938,-0.06300385293306539,-0.05484417505266383,-0.9030999999999989,-0.11300517948356584,-0.10484826511839694,-1.7265000000000015,-0.14651049231715896,-0.13835542975170773,-2.2782508532362042,-0.6380191082638192,-0.6298912108085931,-10.372200000000003
10,200,0,1.3333333333333333,0.004,223.12633457536106,297.5017794338147,10233,3730,0.4420911528150134,0.0007255919128848042,0.007398259366763991,0.12792956449324472,-0.010820304873658749,-0.004137408312275942,-0.07154342897168622,-0.04420606094820583,-0.03749358621768724,-0.6483333333333329,-0.08738603660879962,-0.080635306503129,-1.394333333333334,-0.11632044080293513,-0.10954407621113253,-1.8942193383299437,-0.5407757810450342,-0.5336233695002668,-9.227333333333334
10,200,0,2.0,0.004,223.12633457536106,446.2526691507221,9069,3189,0.3374098463468172,-0.010842461399767776,-0.007571800089734529,-0.1370264393648918,-0.0202778133137829,-0.01699556750829918,-0.30756782707525676,-0.047560783472147164,-0.044245040299892624,-0.8006999999999992,-0.08284762810002823,-0.0794885605987207,-1.4385000000000014,-0.10649293612947519,-0.1031048374944284,-1.8658824316177447,-0.45335949669277814,-0.4495455237364142,-8.1354
10,200,0,3.0,0.004,223.12633457536106,669.3790037260832,8032,2721,0.25468577728776187,-0.017327423007899946,-0.0024259354940250363,-0.04602350000372212,-0.025063892587159256,-0.010096077788224692,-0.19153717700588727,-0.04743442742100003,-0.032274822707342915,-0.6122999999999991,-0.07636769906783138,-0.06096003994944011,-1.1565000000000012,-0.09575555104506474,-0.08018167352800816,-1.521162150025678,-0.3801670513595585,-0.36215482099145946,-6.870600000000001
10,200,0,0.75,0.008,446.2526691507221,334.6895018630416,6907,2442,0.5634725634725635,0.011397527291129382,-0.029269528050984688,-0.4963871323076402,0.003649263236432647,-0.03696997862855047,-0.6269804433106851,-0.01875537613577928,-0.05923636203727321,-1.0046,-0.04773275740629217,-0.08803492785352279,-1.4930000000000014,-0.06715016673414768,-0.1073325150056902,-1.820271212922715,-0.3519952607466764,-0.3904198689241423,-6.621199999999999
10,200,0,1.0,0.008,446.2526691507221,446.2526691507221,6087,2105,0.4878859857482185,0.007078963747670731,-0.03571585631092448,-0.6014213405026968,0.0003936090004406568,-0.04240098245072558,-0.7139925606752624,-0.018937554874415147,-0.06173148529144941,-1.0395000000000008,-0.04393980984037652,-0.086732885298857,-1.4605000000000008,-0.06069353283078007,-0.10348603539138404,-1.742607249468597,-0.30646348698297055,-0.3492475853766365,-5.8809999999999985
10,200,0,1.3333333333333333,0.008,446.2526691507221,595.0035588676294,5392,1829,0.419901585565883,0.003964833384334204,-0.027532832741776016,-0.46406063267431547,-0.0018127568680343076,-0.033336000795919286,-0.5618719208907631,-0.01851905716071221,-0.050116261064748216,-0.8447000000000007,-0.04012640486928699,-0.07181926603395022,-1.2105000000000017,-0.054605239620777714,-0.0863621996136767,-1.4556183654527632,-0.26700355580932156,-0.2997008182105705,-5.0514
10,200,0,2.0,0.008,446.2526691507221,892.5053383014442,4476,1471,0.3174711080897349,0.00559510145577542,-0.042286703381477775,-0.6951652217954714,0.0008911563958980556,-0.04707194353890997,-0.7738313808804337,-0.012710624848168678,-0.060908795158816725,-1.0013000000000014,-0.030302695602776736,-0.07880489776115748,-1.2955000000000005,-0.042090939529236204,-0.09079686992589424,-1.4926400303887446,-0.2150194385261618,-0.2667139750857359,-4.384599999999999
10,200,0,3.0,0.008,446.2526691507221,1338.7580074521663,3654,1152,0.2456597222222222,0.008151289881016568,-0.016745593296143963,-0.2658533891967253,0.004324630663260109,-0.020626079023032894,-0.32746006170921826,-0.0067404181230179844,-0.03184677086913245,-0.5056000000000008,-0.02105156735108738,-0.0463592234170915,-0.7360000000000007,-0.030641303563593975,-0.05608385066494956,-0.8903883854573983,-0.17131863424581614,-0.19873997517066158,-3.155199999999999
10,200,0,0.75,0.015,836.7237546576039,627.5428159932029,3585,1182,0.5634517766497462,0.023719034436141345,-0.023131782064971452,-0.3561099878737234,0.019582555588052077,-0.027237770173371843,-0.41932100081622836,0.007621641993987651,-0.03911051769280354,-0.6021,-0.007848187615889679,-0.0544663163684036,-0.8385000000000009,-0.018214342202564984,-0.06475606013982169,-0.996908916328685,-0.1702813985196005,-0.21570220246220342,-3.320699999999999
10,200,0,1.0,0.015,836.7237546576039,836.7237546576039,3032,986,0.4918864097363083,0.005747033300759457,-0.022344559413495953,-0.33060020985066957,0.002182169032744839,-0.025908421250632505,-0.3833295319837569,-0.008125881618592928,-0.03621357330401853,-0.5358,-0.02145795578935798,-0.049541898529013806,-0.7330000000000004,-0.030391625086331423,-0.05847305570062023,-0.865141447969613,-0.16144473458239064,-0.18948931339146385,-2.8035999999999994
10,200,0,1.3333333333333333,0.015,836.7237546576039,1115.6316728768052,2571,823,0.41433778857837184,0.015197623472035071,-0.03420315817610829,-0.4856226903723145,0.012119137963391126,-0.03730302007922688,-0.5296350961689997,0.003217485006437567,-0.046266484353644804,-0.6569000000000013,-0.008295603304698458,-0.05785951727282568,-0.8215000000000012,-0.016010391134493204,-0.06562787506339329,-0.9317965635689569,-0.12918303057162667,-0.1795863629242248,-2.5498000000000003
10,200,0,2.0,0.015,836.7237546576039,1673.4475093152078,1988,621,0.3075684380032206,0.06396109912168986,-0.06020631733308229,-0.77706159261386,0.06149495234418755,-0.06277939854070572,-0.8102714395151251,0.054363919018679034,-0.07021964013872849,-0.9063,0.04514088855194973,-0.07984258983003388,-1.0305,0.03896064209889973,-0.08629081754782206,-1.113724989035628,-0.05170093134870787,-0.18088356158874044,-2.334599999999999
10,200,0,3.0,0.015,836.7237546576039,2510.1712639728116,1469,461,0.22559652928416485,0.0007843156894519612,-0.06198169093869788,-0.7173597330032042,-0.0012682555550738812,-0.06411180384498885,-0.7420130976110668,-0.007203406731484847,-0.0702711720790409,-0.8133000000000001,-0.014879724822563013,-0.07823748471360084,-0.9055000000000004,-0.020023537133061948,-0.0835756190265286,-0.9672821577221007,-0.09548106477888345,-0.16188376737647978,-1.8736000000000002
10,200,0,0.75,0.025,1394.5395910960067,1045.904693322005,1931,570,0.5473684210526316,0.017336747322809726,-0.052511092922386975,-0.6523753748629628,0.014859056659005417,-0.05496469215415999,-0.6828578430332071,0.007694643390877075,-0.062059443386661924,-0.7710000000000006,-0.0015715595325925876,-0.071235547856285,-0.8849999999999997,-0.007780735351494973,-0.07738434973932982,-0.961390086554441,-0.09886669022902478,-0.16758464478732807,-2.0819999999999985
10,200,0,1.0,0.025,1394.5395910960067,1394.5395910960067,1558,477,0.4947589098532495,0.01044289113571036,-0.014143574152874582,-0.16882991896426902,0.008304243941704639,-0.01628056869059036,-0.19433893180147413,0.0021201982267106696,-0.022459835636053336,-0.2681000000000007,-0.005878031403350557,-0.030451884571821596,-0.3635000000000002,-0.011237552927233673,-0.03580726448366957,-0.4274264408534535,-0.08985944251899369,-0.11436839839738869,-1.365199999999999
10,200,0,1.3333333333333333,0.025,1394.5395910960067,1859.386121461342,1255,375,0.4053333333333333,0.013114004922829612,-0.05047329289898596,-0.5427908167958095,0.011266314854688755,-0.05233810761968582,-0.5628450721709699,0.005923591716178718,-0.05773034787096471,-0.6208333333333342,-0.0009865005569159502,-0.0647044838553765,-0.6958333333333337,-0.00561687377481842,-0.069377772026356,-0.7460899692244134,-0.07354246942441038,-0.13793291169170072,-1.4833333333333332
10,200,0,2.0,0.025,1394.5395910960067,2789.0791821920134,900,270,0.3074074074074074,0.004458615002697886,-0.058733420825073206,-0.5498093880929829,0.0029505966370574617,-0.06027587468812031,-0.5642484519630981,-0.0014099423701755202,-0.06473598630872242,-0.6060000000000004,-0.007049711850877405,-0.07050453954415307,-0.66,-0.010828856401560932,-0.07436998060510445,-0.6961847778415777,-0.06626729139824769,-0.1310743485161755,-1.227
10,200,0,3.0,0.025,1394.5395910960067,4183.61877328802,652,197,0.23857868020304568,0.0049381825156126265,-0.028879408693446146,-0.24310166464562033,0.0037090941357680986,-0.030130940420137853,-0.2536368334693714,0.00015510040083596937,-0.03374983063883287,-0.28409999999999924,-0.004441511478482022,-0.03843037737297588,-0.32349999999999957,-0.0075216481391687,-0.041566757812829334,-0.3499014860547805,-0.052705936211320886,-0.08757611808147713,-0.7371999999999999
10,200,0,0.75,0.04,2231.2633457536103,1673.4475093152078,924,258,0.5542635658914729,0.02367592415241801,-0.03710280290580771,-0.33370674862218325,0.022126566871666132,-0.038636842994368883,-0.3475040763202938,0.017646493543123046,-0.043072625606332814,-0.3874000000000003,0.011852122528963196,-0.04880971254821919,-0.43900000000000056,0.007969381271943814,-0.05265406840840385,-0.4735765654930633,-0.04898877311971475,-0.10904912543802572,-0.9807999999999995
10,200,0,1.0,0.04,2231.2633457536103,2231.2633457536103,729,205,0.4878048780487805,-0.00914980943591141,-0.026630160756840493,-0.21883675762615334,-0.010485873929904415,-0.02796424314543534,-0.229799750564574,-0.014349196469588245,-0.03182183429079261,-0.2615000000000003,-0.019345883465685592,-0.03681110850082125,-0.3025000000000001,-0.022694105852679676,-0.04015436366527678,-0.32997362762045696,-0.07181109692470773,-0.08919848770612215,-0.7329999999999997
10,200,0,1.3333333333333333,0.04,2231.2633457536103,2975.0177943381473,579,166,0.42168674698795183,-0.030519753256355586,-0.015886964328562826,-0.12191984601272304,-0.03168183379415716,-0.017043741944530483,-0.13079719639212684,-0.035042069736959267,-0.020388644123476587,-0.15646666666666748,-0.03938808202735217,-0.024714824257047616,-0.1896666666666672,-0.04230029479077124,-0.027613747720675635,-0.2119136041544516,-0.08502121107647781,-0.07013971565954374,-0.5382666666666669
10,200,0,2.0,0.04,2231.2633457536103,4462.526691507221,410,110,0.33636363636363636,0.010391956410340727,0.004771283171900945,0.02989247151767417,0.009451679949337585,0.0038323356356387444,0.02400988994096056,0.0067328057769756935,0.0011173041407285163,0.006999999999999992,0.0032163084921858357,-0.0023942231587039935,-0.015000000000000173,0.0008599441768037995,-0.004747257144159456,-0.029741946528049797,-0.0337069129981076,-0.03926525980274501,-0.24599999999999983
10,200,0,3.0,0.04,2231.2633457536103,6693.790037260831,294,76,0.17105263157894737,0.055718630430067806,-0.20978813069968447,-0.9669833833150616,0.05497178546950591,-0.21066989145888523,-0.9710477124044274,0.052812231808166736,-0.21321956344773366,-0.9828000000000001,0.05001914021766464,-0.2165172205136734,-0.9980000000000001,0.048147521723340664,-0.21872694251976105,-1.0081853448739255,0.020691678517392887,-0.25114261970604035,-1.1576
10,200,1,0.75,0.001,55.781583643840264,41.8361877328802,12574,5137,0.5734864707027448,-0.12144960919484249,-0.10199527965623097,-0.4535215801246294,-0.1830670496875643,-0.1637779897936803,-0.7282381397571637,-0.3612381243350941,-0.34242695300607473,-1.5225999999999997,-0.5916783950159055,-0.5734853081344349,-2.5499999999999994,-0.7460937653925387,-0.7283148497781402,-3.2384489028599432,-3.0113012371644254,-2.999598036982217,-13.337699999999998
10,200,1,1.0,0.001,55.781583643840264,55.781583643840264,12303,4999,0.5131026205241048,-0.09115141339701122,-0.06569737328640655,-0.3283412262104382,-0.1446272686220671,-0.11918840817453806,-0.5956778198649133,-0.2992563885101179,-0.27386142110425604,-1.3686999999999996,-0.4992483137574076,-0.4739101160849204,-2.3684999999999996,-0.6332605986681964,-0.6079604417399739,-3.0384544608520256,-2.5991635288539503,-2.574421413381896,-12.866399999999999
10,200,1,1.3333333333333333,0.001,55.781583643840264,74.37544485845368,12028,4863,0.44540407156076495,-0.0673404493800134,-0.04536126841836194,-0.25584464554138064,-0.1135744224545532,-0.0914705547836277,-0.5159082292464643,-0.24726314113621786,-0.2247987332544694,-1.2679,-0.42017147982653946,-0.39724076177666906,-2.2405,-0.5360353654277537,-0.512792178306795,-2.8922280542355274,-2.235709036074916,-2.207882061259765,-12.452799999999998
10,200,1,2.0,0.001,55.781583643840264,111.56316728768053,11643,4683,0.357036087977792,-0.03601929345269255,-0.01445420641561476,-0.0973050534793921,-0.07347064526957563,-0.05165552108738045,-0.34774259460439866,-0.18176380945910303,-0.1592256856441558,-1.0718999999999994,-0.321826421294858,-0.2983531949027774,-2.0085,-0.415680763761301,-0.391580935906023,-2.636104869007809,-1.7924838455702834,-1.759192042118303,-11.842799999999999
10,200,1,3.0,0.001,55.781583643840264,167.3447509315208,11315,4532,0.2744924977934687,-0.013921543594555552,0.003407611129795281,0.02756982652816463,-0.044147824918829875,-0.02654820588664978,-0.21479253443244434,-0.13154919996913916,-0.11316751475578697,-0.9155999999999995,-0.24459109840474275,-0.22519791599502392,-1.8219999999999996,-0.320339172139604,-0.30026819711251657,-2.429368196955667,-1.43153103197858,-1.4015171290070119,-11.339199999999998
10,200,1,0.75,0.002,111.56316728768053,83.6723754657604,10376,4192,0.5811068702290076,-0.06427014275567816,-0.03359098054497212,-0.243188721799191,-0.0950958340866824,-0.06455631667102797,-0.46736855788632126,-0.1842304444710065,-0.15409471960181814,-1.1156,-0.2995140492010468,-0.2699005755664689,-1.954,-0.37676426449609807,-0.34750074539673986,-2.515802180414421,-1.5099918988664702,-1.4858620631953015,-10.7572
10,200,1,1.0,0.002,111.56316728768053,111.56316728768053,9946,3999,0.5193798449612403,-0.03890431372482334,-0.007188124565387284,-0.05745460364383685,-0.06564263887867795,-0.03394389364289181,-0.2713131829645508,-0.1429583483408399,-0.1113100434121798,-0.8896999999999997,-0.24295579771125936,-0.21137273052138686,-1.6895000000000004,-0.30996293641853795,-0.2784235842857935,-2.225436765142479,-1.2929290161006635,-1.2620309451680605,-10.0874
10,200,1,1.3333333333333333,0.002,111.56316728768053,148.75088971690735,9558,3809,0.45129955368863217,-0.020555380625614756,0.006104496946305696,0.05400385464381716,-0.043651219539421346,-0.016921124860116616,-0.1496939019534826,-0.11043442906993059,-0.0835012967866414,-0.7387000000000002,-0.19680950937737415,-0.1696137753192844,-1.5005000000000002,-0.2546884555250275,-0.22731675504319768,-2.010973402957665,-1.1037478526055315,-1.073794799912036,-9.499400000000001
10,200,1,2.0,0.002,111.56316728768053,223.12633457536106,8997,3531,0.35145851033701503,-0.019666818150817826,0.005886447022326552,0.05954833571733234,-0.03849007654568968,-0.012779782535184636,-0.12928253289518146,-0.09291882512343325,-0.06675447141035895,-0.6752999999999998,-0.16331507535588907,-0.1365634566169272,-1.3815000000000002,-0.21048679156962105,-0.18334165330295785,-1.8547164835504106,-0.9024757027966752,-0.8695578012858933,-8.7966
10,200,1,3.0,0.002,111.56316728768053,334.6895018630416,8496,3298,0.25591267434808973,-0.008228093409879357,-0.012769600176883646,-0.14704208122464926,-0.023507641003067337,-0.02808617239754387,-0.3234125724973964,-0.06768950563485007,-0.07237509629067215,-0.8333999999999997,-0.12483279258573313,-0.129656849966371,-1.4930000000000003,-0.16312385079786695,-0.16804069313546613,-1.9349903604500867,-0.7248373055700045,-0.7311152635612083,-8.4188
10,200,1,0.75,0.004,223.12633457536106,167.3447509315208,7760,3059,0.5920235371036286,-0.009697974902329941,0.01519371672409121,0.15991882156876777,-0.02517464673369933,-0.0003487230970894104,-0.0036704242782099883,-0.06992650968211134,-0.045290758719477735,-0.47669999999999957,-0.12780701262965108,-0.10341722438882221,-1.0885000000000002,-0.1665920707873456,-0.1423670993325504,-1.4984601311755041,-0.7355522935788176,-0.7137451139169388,-7.5123999999999995
10,200,1,1.0,0.004,223.12633457536106,223.12633457536106,7198,2775,0.5196396396396397,-0.013524251024044785,0.016317277573270627,0.18101462237768204,-0.026893422472747817,0.0029398593892714115,0.03261313260149328,-0.0655513028571797,-0.03574186699847228,-0.3964999999999995,-0.11555006072154139,-0.08577146645408938,-0.9515000000000007,-0.14905365230814785,-0.11929572463565627,-1.3233991055939924,-0.6405370182973374,-0.6110822607380679,-6.779000000000001
10,200,1,1.3333333333333333,0.004,223.12633457536106,297.5017794338147,6730,2544,0.4461477987421384,-0.002858390529472379,0.015550166340750007,0.18357376552390026,-0.014409174940399946,0.004025806697462893,0.04752569705881074,-0.04780906391761238,-0.029297673243441638,-0.3458666666666666,-0.09100731858293327,-0.07239710311891324,-0.8546666666666671,-0.11995397132753564,-0.10127753451044277,-1.1956076845517543,-0.5445889925688021,-0.5249411168113649,-6.197066666666667
10,200,1,2.0,0.004,223.12633457536106,446.2526691507221,6075,2240,0.34330357142857143,-0.005049368272254058,0.004870357632622781,0.06217396545081294,-0.014465715183433583,-0.004513373960089516,-0.05761678665681233,-0.041693731066647435,-0.03164708040274878,-0.4039999999999997,-0.07690949974650621,-0.06674087253252974,-0.852000000000001,-0.10050718060208157,-0.09025681830724497,-1.1521996383893849,-0.446675070885022,-0.4352256898952286,-5.555999999999999
10,200,1,3.0,0.004,223.12633457536106,669.3790037260832,5460,1960,0.2530612244897959,-0.02441461234893871,-0.006166551399107215,-0.08409778023053838,-0.0321827437529489,-0.013852352968260918,-0.18891468832471148,-0.054644830934567616,-0.03607637775983806,-0.49199999999999905,-0.0836965132035784,-0.06482015841401818,-0.8840000000000011,-0.10316371077447194,-0.08408103466028743,-1.146674683590713,-0.38873917702819033,-0.36662985528290776,-5.0
10,200,1,0.75,0.008,446.2526691507221,334.6895018630416,5053,1877,0.5743207245604688,0.006179230948579853,-0.0074228573270813565,-0.09647119055751069,-0.0015620905303397675,-0.015146337231169794,-0.19684942346198014,-0.023946654966346275,-0.03747931152426142,-0.4871000000000001,-0.05289807201263126,-0.06636400367414395,-0.8625000000000014,-0.07229808301297723,-0.08571930309017835,-1.1140512148468207,-0.3568879509986226,-0.36965327124790937,-4.8042
10,200,1,1.0,0.008,446.2526691507221,446.2526691507221,4541,1640,0.49817073170731707,0.009876271983756195,-0.01513984784080479,-0.1986940610092269,0.0031907308314733356,-0.021822606011812302,-0.2863980045165939,-0.016140972046435956,-0.041146261707615615,-0.5400000000000005,-0.041143924140198754,-0.06613880585594509,-0.8680000000000005,-0.057898114267910125,-0.08288602173933624,-1.0877890209636571,-0.3036749211247078,-0.32856051941340436,-4.311999999999999
10,200,1,1.3333333333333333,0.008,446.2526691507221,595.0035588676294,4042,1438,0.4242002781641168,-0.009087746782121845,-0.01879810030781288,-0.2494662965841074,-0.014875481701311689,-0.0245928708300814,-0.3263676811960546,-0.031611115997074564,-0.041348849056901706,-0.5487333333333339,-0.05325640328492403,-0.06302044847756436,-0.8363333333333345,-0.06776066091136769,-0.07754233756105211,-1.029050779763663,-0.2805319198073429,-0.2905722423945215,-3.856133333333333
10,200,1,2.0,0.008,446.2526691507221,892.5053383014442,3468,1191,0.327455919395466,0.0016593456421075965,-0.020673886395124894,-0.2774369674768228,-0.0030507610972906416,-0.025420073242560404,-0.34112928254833225,-0.01667035926223385,-0.039143999525825195,-0.525300000000001,-0.03428547380258319,-0.05689404842559965,-0.7635000000000006,-0.04608915910437002,-0.06878815168699745,-0.923115075590071,-0.21924417647625172,-0.24326956187323173,-3.2645999999999997
10,200,1,3.0,0.008,446.2526691507221,1338.7580074521663,2941,947,0.2555438225976769,-0.006827269763524031,0.0061237040795070466,0.08098336842942816,-0.010686494313622763,0.0022941905235323253,0.030339688855356484,-0.021845708002131113,-0.008779111778368813,-0.11610000000000092,-0.03627864683943703,-0.02310093581646558,-0.3055000000000003,-0.045949992865899875,-0.032697825096182236,-0.43241475783694117,-0.18782450463114933,-0.17348008821648198,-2.294199999999999
10,200,1,0.75,0.015,836.7237546576039,627.5428159932029,2891,1001,0.5754245754245755,0.0027156617725652204,0.0010020944470899467,0.01302149081083187,-0.0014063895038272975,-0.0031175268778232176,-0.040510001537262946,-0.01332558478026597,-0.015029695782134757,-0.19529999999999967,-0.0287414573692012,-0.030436480705756892,-0.39550000000000096,-0.03907145597780647,-0.040760389774538934,-0.5296517134052572,-0.19060811955302023,-0.1922077224037881,-2.4975999999999994
10,200,1,1.0,0.015,836.7237546576039,836.7237546576039,2527,856,0.5093457943925234,0.018807097517387978,0.012560666343949109,0.16134505108298855,0.015241493794432659,0.008996925877941611,0.11556787081329004,0.004931304958185179,-0.00130787522246224,-0.01680000000000001,-0.008403534666570291,-0.014635746537077469,-0.18800000000000036,-0.017339057062400662,-0.023566599548567928,-0.30271914752737195,-0.14841935072650234,-0.154578395340537,-1.9855999999999994
10,200,1,1.3333333333333333,0.015,836.7237546576039,1115.6316728768052,2182,716,0.43156424581005587,0.018577872434911043,0.0007414346866443778,0.00920917824231221,0.015500763232289218,-0.0023413295828428942,-0.029081080020660788,0.006603089959026561,-0.011255354871583,-0.13980000000000123,-0.0049048511676477,-0.022784445126308818,-0.28300000000000103,-0.012616189928437677,-0.030509955674137477,-0.37895667012803547,-0.1257382329977275,-0.14383989280092996,-1.7865999999999995
10,200,1,2.0,0.015,836.7237546576039,1673.4475093152078,1719,553,0.32007233273056057,0.03348816790149025,-0.03277374076676782,-0.38081330227933086,0.03099956057920483,-0.03531889619097997,-0.4103866442059006,0.023803581040916646,-0.04267838846217294,-0.49590000000000034,0.014496551401581782,-0.05219689978283502,-0.6065000000000003,0.008260018070761247,-0.058575144551736784,-0.680611785727379,-0.08322725981143426,-0.15214126864978675,-1.7677999999999994
10,200,1,3.0,0.015,836.7237546576039,2510.1712639728116,1320,414,0.2584541062801932,0.013816685594008315,0.015793823605366523,0.17195893825742634,0.01177926406973531,0.013760351858235088,0.14981904032325027,0.005887919353256405,0.007880428194501974,0.0857999999999999,-0.0017317409862519098,0.000275539447360152,0.002999999999999378,-0.006837587590203494,-0.0048204088827367795,-0.05248332602375211,-0.08173817455108905,-0.07957579239762838,-0.8663999999999998
10,200,1,0.75,0.025,1394.5395910960067,1045.904693322005,1707,535,0.5570093457943925,-0.00829554032612397,-0.03322476239943382,-0.38665934307313177,-0.010763435381954635,-0.03568321834557847,-0.41527008074169447,-0.01789952397470636,-0.04279201310231524,-0.4980000000000006,-0.027129092748252204,-0.05198628097771221,-0.6049999999999998,-0.03331372044536921,-0.05814725394969729,-0.6766994672046069,-0.12403956487048402,-0.14852609366938102,-1.7284999999999986
10,200,1,1.0,0.025,1394.5395910960067,1394.5395910960067,1415,456,0.5263157894736842,0.0026840645015696455,0.048970277538142495,0.5580997001096296,0.0005456566797318298,0.04683053809581524,0.5337137255734337,-0.005637696874145815,0.04064333406954325,0.46319999999999945,-0.013635031287094389,0.03264101958952957,0.3719999999999998,-0.018993952936304508,0.02727876085475674,0.31088793075644705,-0.09760704262305474,-0.051383282450614264,-0.5855999999999992
10,200,1,1.3333333333333333,0.025,1394.5395910960067,1859.386121461342,1170,352,0.41761363636363635,0.018467905477966586,-0.02537721946521628,-0.25734409114344425,0.016621508049533138,-0.02723351778432356,-0.2761683521889281,0.011282522667800405,-0.03260113227361446,-0.3306000000000008,0.004377264679312267,-0.03954341815402112,-0.40100000000000036,-0.00024986914017334483,-0.04419536393726624,-0.4481742288897607,-0.06812794419981358,-0.11243741989829134,-1.1401999999999999
10,200,1,2.0,0.025,1394.5395910960067,2789.0791821920134,862,252,0.29365079365079366,-0.0009572173572171166,-0.0896429780022092,-0.7731554288867841,-0.0024680523271017993,-0.09120549690516154,-0.7866318884988919,-0.0068367357395720885,-0.09572362797113772,-0.8256000000000002,-0.012487038910723681,-0.10156722153914317,-0.876,-0.016273241966014124,-0.10548294626237933,-0.909772459318806,-0.0718152222078156,-0.16292495400320084,-1.4051999999999998
10,200,1,3.0,0.025,1394.5395910960067,4183.61877328802,648,178,0.24157303370786518,-0.023788255456841607,-0.021772761548055616,-0.16635581881685477,-0.02503814048545552,-0.023018626003613506,-0.17587490536826453,-0.02865226916320051,-0.026621128917348122,-0.20339999999999933,-0.033326657485897915,-0.031280480881249816,-0.23899999999999955,-0.03645891124519551,-0.0344026589497591,-0.2628551498362991,-0.08240773487422044,-0.08020367650221726,-0.6128
10,200,1,0.75,0.04,2231.2633457536103,1673.4475093152078,849,245,0.5224489795918368,-0.007742641420849492,-0.10048035791858166,-0.8625122225288173,-0.00928439475564823,-0.10200671896108703,-0.875614336040589,-0.013742480750553327,-0.10642029708229167,-0.9135000000000004,-0.01950841411216433,-0.1121286655081617,-0.9625000000000006,-0.02337209962585378,-0.11595377742164284,-0.9953343354488391,-0.08005071440907915,-0.1720665339797971,-1.4769999999999994
10,200,1,1.0,0.04,2231.2633457536103,2231.2633457536103,689,213,0.4694835680751174,-0.05603838955382305,-0.06329919755817597,-0.5395718506066863,-0.05737629987428156,-0.06463549703002926,-0.550962667659777,-0.0612449597483685,-0.06849949902438618,-0.5839000000000002,-0.06624854986713602,-0.07349706480352446,-0.6265000000000001,-0.06960139795709737,-0.07684587605290946,-0.6550457691861336,-0.11878624611419489,-0.12597150548447653,-1.0737999999999999
10,200,1,1.3333333333333333,0.04,2231.2633457536103,2975.0177943381473,563,162,0.4012345679012346,-0.05734553719432455,-0.05760258949263067,-0.42821896618912325,-0.0585133996093477,-0.05876796636909636,-0.4368824045111919,-0.06189035424850935,-0.06213773390226458,-0.4619333333333341,-0.06625798991925248,-0.06649607402010271,-0.49433333333333396,-0.06918469226071154,-0.06941654751865833,-0.5160442000382799,-0.11211816446205594,-0.11225864525740323,-0.8345333333333336
10,200,1,2.0,0.04,2231.2633457536103,4462.526691507221,406,114,0.35964912280701755,-0.07321060713131121,0.05300664816749113,0.34952492502740773,-0.0741814422328334,0.052082094094301534,0.3434284313933589,-0.076988678819757,0.04940868228958044,0.32580000000000003,-0.08061946097805892,0.04595098444979395,0.30299999999999994,-0.08305240627045368,0.043634020965053665,0.28772198268911175,-0.11874267364022917,0.00964515713203595,0.06359999999999993
10,200,1,3.0,0.04,2231.2633457536103,6693.790037260831,302,72,0.2361111111111111,-0.028498505650228663,-0.033818428043480654,-0.16661583682479525,-0.029281595948847536,-0.034599956701360006,-0.17046625385682607,-0.03154595550249482,-0.03685980066321129,-0.18160000000000015,-0.0344745993886779,-0.039782604240029815,-0.1960000000000002,-0.03643704991457834,-0.04174114124191399,-0.20564927409108746,-0.06522536019359977,-0.07047204179662417,-0.3471999999999999
10,400,0,0.75,0.001,55.781583643840264,41.8361877328802,14292,5994,0.5512178845512179,-0.16226670834912155,-0.14619154746964405,-0.7627684156642065,-0.22361064294552238,-0.20762735532687707,-1.0833156335807743,-0.40099085644918986,-0.38527322669434,-2.0101999999999998,-0.6304082548348036,-0.615034217720693,-3.2089999999999996,-0.7841382102713992,-0.768994410627162,-4.0123020680830255,-3.039290937883747,-3.0275246234973996,-15.796399999999998
10,400,0,1.0,0.001,55.781583643840264,55.781583643840264,14078,5870,0.4921635434412266,-0.11193636156487087,-0.10756358527559141,-0.6313744744659475,-0.16542320842407507,-0.1610436130441258,-0.9452904186051294,-0.3200841113795931,-0.31568479812913414,-1.8529999999999993,-0.5201171437408444,-0.5156923280825091,-3.0269999999999992,-0.6541569740550855,-0.6497150695270566,-3.813683873815041,-2.6204639835339854,-2.6157713925929453,-15.354
10,400,0,1.3333333333333333,0.001,55.781583643840264,74.37544485845368,13845,5767,0.4359285590428299,-0.08335087400275935,-0.06457250223696628,-0.43091015234158786,-0.12968781180962183,-0.11078783819345116,-0.739317861004392,-0.263674260109103,-0.24442266636415627,-1.6311,-0.43696767193127306,-0.4172613049420593,-2.7844999999999995,-0.5530895906015374,-0.5330784853009886,-3.557380051156958,-2.2565484960640583,-2.2320670100100424,-14.895199999999997
10,400,0,2.0,0.001,55.781583643840264,111.56316728768053,13534,5600,0.34375,-0.05958429898150593,-0.04255190004825545,-0.3395650863729652,-0.09732774173003385,-0.08008022904134843,-0.6390419666420314,-0.20646550697357782,-0.18859597803964068,-1.5049999999999994,-0.3476204964351056,-0.32894647332495475,-2.625,-0.4422068285628023,-0.422993723174112,-3.3754990959734634,-1.829747885781147,-1.8026266738207521,-14.384999999999998
10,400,0,3.0,0.001,55.781583643840264,167.3447509315208,13237,5445,0.25362718089990816,-0.04006752922799241,-0.044457112654066704,-0.421322659875142,-0.07072055354404912,-0.07518265753823017,-0.7125104479224758,-0.15935588535783587,-0.1640276875713897,-1.5544999999999995,-0.27399374055099224,-0.27893675914761573,-2.6434999999999995,-0.35081124652135,-0.3559360040914618,-3.373226353138483,-1.4776912200791341,-1.4854820106979891,-14.077999999999998
10,400,0,0.75,0.002,111.56316728768053,83.6723754657604,11885,4843,0.5680363411108816,-0.058179229862835705,-0.05984157552087152,-0.5025069130900484,-0.08903085991795741,-0.09068415700207348,-0.7615009365084575,-0.1782404739102542,-0.17986760641943159,-1.5104,-0.29362108569801953,-0.2952143778560454,-2.479,-0.3709363043047901,-0.3725069204333993,-3.128047700321336,-1.5051175094695555,-1.5063554779404902,-12.6493
10,400,0,1.0,0.002,111.56316728768053,111.56316728768053,11478,4640,0.49719827586206894,-0.046115549369584945,-0.05154201383286995,-0.47835392870902815,-0.07285339212316898,-0.07827855923473534,-0.7264919152176836,-0.15016770669171095,-0.1555891224213949,-1.4439999999999995,-0.2501633519552406,-0.25557991577808087,-2.3720000000000003,-0.3171692817512782,-0.32258259436724357,-2.9938421080922986,-1.3001176272223007,-1.305483246023283,-12.116
10,400,0,1.3333333333333333,0.002,111.56316728768053,148.75088971690735,11140,4446,0.4228520017993702,-0.031093949215271734,-0.05142899851179689,-0.5271945905977743,-0.05422156031793886,-0.07462332967025873,-0.7649578423256806,-0.121096641321653,-0.14169133631233807,-1.452466666666667,-0.2075905449970034,-0.22843476329787826,-2.3416666666666672,-0.2655491133144733,-0.28656053431063544,-2.937509341791313,-1.1157765335881822,-1.1392407466460504,-11.678266666666666
10,400,0,2.0,0.002,111.56316728768053,223.12633457536106,10616,4231,0.3308910423067833,-0.02616712406225325,-0.037732943817598986,-0.45077230007928826,-0.04503222136818442,-0.056673021972613154,-0.6770377787254356,-0.09958195003997129,-0.11143956293572979,-1.3312999999999997,-0.17013467171805033,-0.18227270209010113,-2.1775,-0.21741123764471607,-0.2297371725368138,-2.744528870547094,-0.9109382493378794,-0.926020663211,-11.0626
10,400,0,3.0,0.002,111.56316728768053,334.6895018630416,10112,3959,0.24854761303359435,-0.020516571519977562,-0.02993394581248439,-0.4097791387411724,-0.035901198891202635,-0.045399835132914415,-0.6214985974885362,-0.08038690894121245,-0.09012051970802658,-1.2336999999999998,-0.13792317898747106,-0.14796069763200767,-2.0255,-0.17647757064408,-0.1867187344560185,-2.5560760573140975,-0.7420540144731855,-0.755282565833809,-10.3394
10,400,0,0.75,0.004,223.12633457536106,167.3447509315208,8469,3202,0.5652717051842598,-0.01639165746599775,-0.038893860956747454,-0.4322209654582563,-0.031852001308548046,-0.054302767782484516,-0.6034575673549619,-0.07655665075228568,-0.09885868354807854,-1.0985999999999996,-0.13437608939509194,-0.1564857552249305,-1.7390000000000003,-0.17312022906573407,-0.19510099200803344,-2.168124661661969,-0.7414801951445573,-0.7615700078318757,-8.4632
10,400,0,1.0,0.004,223.12633457536106,223.12633457536106,7910,2999,0.49983327775925307,-0.013616144242366365,-0.023301215616054333,-0.27956798107723657,-0.02698538775288982,-0.03666849076317901,-0.4399485460641879,-0.06564347650904051,-0.07532088786094128,-0.9036999999999995,-0.11564250387413558,-0.12531255383304787,-1.503500000000001,-0.14914627605007846,-0.15881139322436316,-1.9054190694329312,-0.6406322912076324,-0.6502250465401657,-7.801400000000001
10,400,0,1.3333333333333333,0.004,223.12633457536106,297.5017794338147,7440,2778,0.4298056155507559,-0.01569318519119794,-0.0173907466821302,-0.2232610374900178,-0.027263842053198553,-0.028962863397143542,-0.37182296130920756,-0.060721193591907405,-0.06242443620142308,-0.8013999999999999,-0.10399376833556565,-0.10570247058314347,-1.3570000000000007,-0.13299022210838662,-0.13470258279652697,-1.7293011586811216,-0.5583558031439765,-0.5601218315912068,-7.190799999999999
10,400,0,2.0,0.004,223.12633457536106,446.2526691507221,6777,2497,0.33840608730476573,-0.025084879650588233,-0.005460957159419839,-0.0774408965488037,-0.03456764420986667,-0.01487751575031206,-0.21097549834020557,-0.061987711298757284,-0.04210614372000004,-0.5970999999999995,-0.09745187232798189,-0.07732270405121439,-1.096500000000001,-0.12121599803502667,-0.10092091538324219,-1.4311421861867384,-0.4698255631348387,-0.4470965875289641,-6.3402
10,400,0,3.0,0.004,223.12633457536106,669.3790037260832,6154,2175,0.2482758620689655,-0.024489668837599742,-0.017280360906102032,-0.2598534040823577,-0.03225821972859809,-0.02501533623381124,-0.37616808525828915,-0.05472151988574582,-0.047381550336340596,-0.7124999999999992,-0.08377477097511529,-0.07630923369958027,-1.147500000000001,-0.1032430197944561,-0.09569334103236404,-1.438988488168265,-0.3888339074134935,-0.38004990901359553,-5.715000000000001
10,400,0,0.75,0.008,446.2526691507221,334.6895018630416,5107,1827,0.5539135194307608,-0.0173207937875221,-0.04842592255076179,-0.6158768594291804,-0.02503445847206484,-0.05610833885031994,-0.7135811916169621,-0.047339051381567965,-0.0783225749016157,-0.9961000000000001,-0.0761870360370979,-0.10705369513959428,-1.3615000000000013,-0.09551773818409022,-0.12630608778683328,-1.606350330061343,-0.37909087492016086,-0.40873045763836824,-5.198199999999999
10,400,0,1.0,0.008,446.2526691507221,446.2526691507221,4589,1645,0.48936170212765956,-0.015188787657011147,-0.0327598798003277,-0.43115349412205994,-0.021872856928133518,-0.03944411256943028,-0.5191248277010959,-0.0412003037602541,-0.05877203216722576,-0.7735000000000004,-0.06619775123243052,-0.08377009109808196,-1.1025000000000007,-0.08294825277663805,-0.10052100237370597,-1.322959109442205,-0.32867094969028227,-0.3462497098720718,-4.556999999999999
10,400,0,1.3333333333333333,0.008,446.2526691507221,595.0035588676294,4160,1454,0.4312242090784044,-0.02059443198937217,-0.004581421195229071,-0.06160314921183971,-0.026392119779375958,-0.010364205401799,-0.1393601820531272,-0.04315653348685357,-0.02708552437091552,-0.3642000000000004,-0.0648390430647897,-0.04871229671320615,-0.6550000000000011,-0.07936824291896555,-0.06320414768794988,-0.8498617295616827,-0.29250539363311834,-0.27579340630725707,-3.7084
10,400,0,2.0,0.008,446.2526691507221,892.5053383014442,3570,1194,0.33500837520938026,-0.026113572815775702,-0.004560795570961633,-0.061712627344522625,-0.030870580990443958,-0.009279754200439475,-0.12556537645903343,-0.04462579788699545,-0.02292494821544608,-0.310200000000001,-0.06241631697762338,-0.040573167537975095,-0.5490000000000006,-0.0743375388476367,-0.05239903597288532,-0.7090171286771998,-0.24921676742921695,-0.22587947042452988,-3.056399999999999
10,400,0,3.0,0.008,446.2526691507221,1338.7580074521663,3059,988,0.2408906882591093,-0.00947641268609715,-0.028002875016597227,-0.37878398309580263,-0.01334156340375699,-0.031908973900750946,-0.4316202612575586,-0.024517913014083292,-0.04320372795583706,-0.5844000000000008,-0.03897301485663519,-0.05781196998881684,-0.7820000000000006,-0.04865921205756332,-0.06760078466695334,-0.9144094833610329,-0.1907515842034301,-0.21119851133510453,-2.856799999999999
10,400,0,0.75,0.015,836.7237546576039,627.5428159932029,2814,976,0.5655737704918032,-0.01924521508907867,-0.018863829166739773,-0.23968134362500315,-0.02335429474091851,-0.022971737227666437,-0.2918758856147539,-0.03523598167121373,-0.03485003642211309,-0.4427999999999995,-0.050603342269887955,-0.05021301544107546,-0.6380000000000011,-0.06090083355274793,-0.060507570677852604,-0.7688012710125185,-0.2119606285559667,-0.2115242951401789,-2.6875999999999993
10,400,0,1.0,0.015,836.7237546576039,836.7237546576039,2441,827,0.4957678355501814,-0.021281581982332813,-0.014581802331554788,-0.18099023686258012,-0.024846462139232816,-0.018144974776538515,-0.22521655471659952,-0.035154558734377395,-0.028448133405015293,-0.35309999999999997,-0.048486692327264096,-0.04177388040356964,-0.5185000000000004,-0.057420401442316645,-0.050703309935342895,-0.6293326343517951,-0.18847409505257423,-0.1816942238883899,-2.2551999999999994
10,400,0,1.3333333333333333,0.015,836.7237546576039,1115.6316728768052,2117,698,0.42120343839541546,-0.005576699780025525,-0.020225051898112464,-0.244136862551489,-0.008663646693656978,-0.023317390071033752,-0.2814645165564542,-0.017589766386125635,-0.03225909896119857,-0.38940000000000125,-0.02913449912195813,-0.043823994223097136,-0.529000000000001,-0.03687049151615226,-0.05157349729370655,-0.6225443516052634,-0.15035419284819934,-0.16525539447303209,-1.9947999999999997
10,400,0,2.0,0.015,836.7237546576039,1673.4475093152078,1686,551,0.3248638838475499,0.02064976138695014,-0.022424288146226334,-0.2606295290341978,0.01815088100078575,-0.024959544724600297,-0.29009591493209996,0.010925196190473914,-0.03229041380101826,-0.3753000000000003,0.0015797467855327369,-0.0417719048771499,-0.48550000000000015,-0.004682531187569069,-0.04812534280671883,-0.55934375033596,-0.09654747196634943,-0.14132756117653217,-1.6425999999999992
10,400,0,3.0,0.015,836.7237546576039,2510.1712639728116,1307,411,0.22627737226277372,-0.05229021210078795,-0.060282216144978584,-0.622765401874874,-0.05440885636949935,-0.0624097762005784,-0.6447448657660487,-0.06053506224779696,-0.06856176269096464,-0.7083,-0.06845848384489982,-0.07651852803502411,-0.7905000000000004,-0.07376787736779468,-0.08185026481858616,-0.8455812729366234,-0.1516544106144798,-0.16006456414764808,-1.6536
10,400,0,0.75,0.025,1394.5395910960067,1045.904693322005,1585,518,0.525096525096525,-0.0076982914283985505,-0.09689321069339546,-1.0975972704894994,-0.010166338141351596,-0.09933864140327808,-1.1252988819143885,-0.017302865261121972,-0.10640977279191977,-1.2054000000000005,-0.026533001210260566,-0.11555532817705567,-1.309,-0.032718008965207615,-0.12168365947055543,-1.3784211663775447,-0.12344942867621647,-0.21158365972098317,-2.396799999999999
10,400,0,1.0,0.025,1394.5395910960067,1394.5395910960067,1341,428,0.45093457943925236,-0.0029286609820074927,-0.10218047573519493,-1.089327474458506,-0.0050669844170507065,-0.10432745823928485,-1.112216064593356,-0.01125009396069752,-0.11053560607769312,-1.1784000000000003,-0.019247112779300884,-0.11856500855584187,-1.264,-0.024605822952376386,-0.12394541864607202,-1.321359573763686,-0.10321581037463647,-0.20287373457640412,-2.1628
10,400,0,1.3333333333333333,0.025,1394.5395910960067,1859.386121461342,1112,350,0.38,-0.0060384435107720975,-0.10316509485058342,-1.0238269845649781,-0.007890914355218642,-0.1050511288939502,-1.042544289581794,-0.013247461437813695,-0.11050472627873922,-1.0966666666666671,-0.020175433119354047,-0.11755821944546722,-1.166666666666667,-0.024817787122859217,-0.12228468395000684,-1.2135728601650082,-0.09291913577552818,-0.19161989769611154,-1.9016666666666666
10,400,0,2.0,0.025,1394.5395910960067,2789.0791821920134,817,251,0.3107569721115538,-0.04303022364303624,-0.0513264391260014,-0.4480635422642174,-0.044564874345077686,-0.05286406444670048,-0.4614865238619914,-0.04900242258799137,-0.057310214004414946,-0.5003000000000004,-0.054741793135534726,-0.0630607091933448,-0.5505,-0.05858767921355977,-0.06691404976539092,-0.5841384416230965,-0.11500518388474033,-0.12344090867710873,-1.0776000000000001
10,400,0,3.0,0.025,1394.5395910960067,4183.61877328802,627,195,0.2153846153846154,-0.008593109907728142,-0.08621741028579548,-0.6929178914004873,-0.009831790582245861,-0.08751495724231019,-0.7033461041955708,-0.01341352109813786,-0.09126690366850362,-0.7334999999999993,-0.018046006765189665,-0.09611954067337297,-0.7724999999999995,-0.02115018203771861,-0.09937123682091031,-0.7986334506633614,-0.06668710626923334,-0.1470722292245009,-1.1820000000000002
10,400,0,0.75,0.04,2231.2633457536103,1673.4475093152078,834,252,0.5833333333333334,-0.01369952410643247,0.021442021003823097,0.18684457111321645,-0.015240009109523531,0.01989548139425154,0.1733681115011082,-0.019694427635907362,0.015423555556064929,0.13439999999999974,-0.025455617621297322,0.009639722222540545,0.08399999999999952,-0.029316124653231645,0.005764042143905551,0.05022754068119384,-0.08594811246789154,-0.05109052777946512,-0.4451999999999995
10,400,0,1.0,0.04,2231.2633457536103,2231.2633457536103,653,205,0.5024390243902439,-0.0375137551518752,0.0025746113158820563,0.021163242373846702,-0.03885051086159335,0.0012409099304046623,0.010200249435425912,-0.04271583209917146,-0.002615579518187191,-0.021500000000000186,-0.04771510414160515,-0.007603428831939446,-0.06250000000000003,-0.05106505873836575,-0.010945729189817056,-0.08997362762045705,-0.10020746058715915,-0.059975846626338286,-0.49299999999999977
10,400,0,1.3333333333333333,0.04,2231.2633457536103,2975.0177943381473,528,152,0.39473684210526316,-0.04546554884393609,-0.0709999585846662,-0.49396676663012384,-0.04663066538201011,-0.07216832543245247,-0.5020954248088548,-0.049999680128781344,-0.07554673867370422,-0.5256000000000006,-0.05435704661887756,-0.07991626084965667,-0.5560000000000007,-0.057276867700701006,-0.08284422731652112,-0.576370689747851,-0.10010939476488818,-0.12579624369715725,-0.8752000000000001
10,400,0,2.0,0.04,2231.2633457536103,4462.526691507221,392,109,0.3394495412844037,0.02162511704907115,0.011247377099513633,0.06998435814024073,0.02068843543948355,0.01031056596541952,0.06415525457786062,0.017979956027676214,0.007601712024577325,0.047299999999999925,0.01447690296462995,0.004098174558704497,0.025500000000000085,0.012129547467341335,0.001750494468662761,0.010892071167659403,-0.022305154197355802,-0.03268896883296046,-0.20339999999999994
10,400,0,3.0,0.04,2231.2633457536103,6693.790037260831,287,72,0.2361111111111111,0.0006834172223598164,-0.03381842804348068,-0.16661583682479536,-8.623367029437389e-05,-0.03459995670136,-0.17046625385682604,-0.002311732255615059,-0.036859800663211297,-0.18160000000000018,-0.005190114717053319,-0.03978260424002982,-0.19600000000000023,-0.00711888564131691,-0.041741141241913964,-0.20564927409108735,-0.03541313056215476,-0.07047204179662422,-0.3472000000000001
10,400,1,0.75,0.001,55.781583643840264,41.8361877328802,8658,3484,0.5556831228473019,-0.1311938071234702,-0.13733891460519573,-0.416132993022038,-0.1927348867169645,-0.19883038532110503,-0.6024503949608638,-0.3706851585630857,-0.3766372096796205,-1.1412,-0.6008398505806694,-0.6066063717062236,-1.8379999999999996,-0.7550638579853548,-0.7607060576015278,-2.3049176518520618,-3.0174641167652982,-3.021282572985557,-9.154399999999999
10,400,1,1.0,0.001,55.781583643840264,55.781583643840264,8474,3378,0.49437537004144466,-0.08268062057625292,-0.10312714089559703,-0.348393011029978,-0.13615774487586482,-0.15660062254138216,-0.5290417434494252,-0.29079053438043395,-0.31122287906143115,-1.0513999999999997,-0.4907872057820896,-0.5112059274672738,-1.7269999999999994,-0.6248026710362364,-0.6452122641088831,-2.17971177610685,-2.5907522554994733,-2.6110279357286212,-8.820799999999998
10,400,1,1.3333333333333333,0.001,55.781583643840264,74.37544485845368,8271,3305,0.4366111951588502,-0.059799960755496685,-0.06318074056095796,-0.2416852875826163,-0.1059887571116573,-0.10938491718772189,-0.418430124955699,-0.23954684419943714,-0.2429874773876572,-0.9294999999999999,-0.4122862285299457,-0.41578438169453336,-1.5904999999999996,-0.5280368997612489,-0.5315735963992869,-2.033428484320053,-2.226049764000285,-2.2301518769167332,-8.530999999999999
10,400,1,2.0,0.001,55.781583643840264,111.56316728768053,8030,3170,0.3438485804416404,-0.032832060223490805,-0.04233857414716277,-0.19128059353612495,-0.07024492115620244,-0.07986177282310535,-0.36080589897414983,-0.17842678630211295,-0.18836268715587665,-0.8509999999999996,-0.3183454478261333,-0.32869399580079545,-1.4849999999999999,-0.4121033308471995,-0.4227283889032816,-1.909836095399264,-1.7874913938283459,-1.802172736572442,-8.142
10,400,1,3.0,0.001,55.781583643840264,167.3447509315208,7825,3091,0.2604335166612747,-0.0071986938101083605,-0.02856444357269269,-0.15502155035336346,-0.03731887924741102,-0.05902290565401341,-0.32032209265902156,-0.12441347073049852,-0.14709564736065622,-0.7982999999999997,-0.23705858597101362,-0.26100586807762693,-1.4164999999999996,-0.31254077985836476,-0.3373357945688987,-1.83074869743821,-1.4198322959964214,-1.457063185605819,-7.907599999999998
10,400,1,0.75,0.002,111.56316728768053,83.6723754657604,7218,2850,0.5694736842105264,-0.035387491120597366,-0.05695903330373088,-0.28137687431481256,-0.0663452397628155,-0.08781181614021756,-0.4337892151660342,-0.1558617029613088,-0.1770247634792582,-0.8744999999999999,-0.2716391828393295,-0.2924096865017593,-1.4445000000000001,-0.3492203381808834,-0.3697277940172546,-1.826450432772209,-1.487302721558547,-1.5039513782380205,-7.429500000000001
10,400,1,1.0,0.002,111.56316728768053,111.56316728768053,6911,2701,0.5005553498704184,-0.024965956190559743,-0.044824339161354886,-0.24218576755238902,-0.05170891559221123,-0.07155841252558313,-0.38662988426788,-0.12903802530117908,-0.14886182764509068,-0.8042999999999998,-0.2290528060847208,-0.24884337594035122,-1.3445000000000003,-0.29607155837224947,-0.3158398595203692,-1.7064817961114866,-1.2792080043119076,-1.2986496330405861,-7.0165999999999995
10,400,1,1.3333333333333333,0.002,111.56316728768053,148.75088971690735,6638,2587,0.4317742558948589,-0.015340620575243873,-0.03327922149784393,-0.1990440259131299,-0.038421248258503,-0.056410290974086084,-0.3373916489945724,-0.10516047346782526,-0.1232953721032756,-0.7374333333333335,-0.19147866598413835,-0.20980220959308452,-1.2548333333333335,-0.24931949227838504,-0.26776944471060676,-1.6015371121339317,-1.0978196874054256,-1.1181240032360784,-6.687533333333333
10,400,1,2.0,0.002,111.56316728768053,223.12633457536106,6310,2457,0.33455433455433453,-0.012342114817662016,-0.02986337280832457,-0.2077654316461383,-0.031119005975635904,-0.048749634155337576,-0.33916091286419164,-0.08541368049317045,-0.10336056011012235,-0.7190999999999999,-0.15563652399960773,-0.17399243222542501,-1.2105000000000001,-0.20269204236413188,-0.2213220359481464,-1.5397814783583572,-0.8929763808171984,-0.9156270894361027,-6.3702000000000005
10,400,1,3.0,0.002,111.56316728768053,334.6895018630416,6011,2342,0.2514944491887276,-0.017888112983626286,-0.023023479795703614,-0.18719847005097906,-0.033249531794468,-0.03842738485056137,-0.3124439796206497,-0.07766813269305156,-0.0829688376510341,-0.6745999999999998,-0.13511760609709184,-0.14057720343185898,-1.1430000000000007,-0.17361383632377375,-0.1791799056095532,-1.4568694433517593,-0.7383370768395141,-0.745465044130519,-6.0611999999999995
10,400,1,0.75,0.004,223.12633457536106,167.3447509315208,5454,2118,0.5717658168083097,-0.01934587045927472,-0.02584034877938194,-0.18961586659606083,-0.0347986926052546,-0.041275998872241565,-0.3028823009549685,-0.07948159254511142,-0.08590924463734083,-0.6303999999999998,-0.13727290113610438,-0.14363633224580782,-1.0540000000000003,-0.17599819118312537,-0.18231858855235725,-1.3378494795128204,-0.7440816413415297,-0.7497707521347108,-5.501799999999999
10,400,1,1.0,0.004,223.12633457536106,223.12633457536106,5084,1963,0.49617931737137033,-0.028083343981421996,-0.030606115962137262,-0.2403734400982379,-0.04145170745772365,-0.04397260397984096,-0.34535078223541216,-0.08010725153428735,-0.08262272503864893,-0.6488999999999996,-0.1301029876993154,-0.13261144726113877,-1.0415000000000005,-0.16360455448001274,-0.16610831407975218,-1.3045767366778405,-0.6550582174321082,-0.6574930305972809,-5.1638
10,400,1,1.3333333333333333,0.004,223.12633457536106,297.5017794338147,4780,1840,0.42717391304347824,-0.02098220858374745,-0.022721212906629394,-0.19307138552254585,-0.032561150901996405,-0.034301163177515546,-0.29147093189666745,-0.0660424604083181,-0.06778538724833591,-0.5759999999999997,-0.1093460215539643,-0.11109271799032837,-0.9440000000000004,-0.1383632389577491,-0.14011246135719357,-1.1905925601055665,-0.564033413583249,-0.5658196907812486,-4.808000000000001
10,400,1,2.0,0.004,223.12633457536106,446.2526691507221,4382,1671,0.3327348892878516,-0.028794345574840785,-0.01751554141545906,-0.1655425463087909,-0.03828947353862443,-0.026970631223634512,-0.25490430826050614,-0.06574529026348468,-0.05431067486291098,-0.5132999999999995,-0.10125568862840408,-0.08967133634583507,-0.8475000000000008,-0.12505079744137668,-0.11336610819936896,-1.0714435695306528,-0.4741148714600563,-0.4609582819165365,-4.3566
10,400,1,3.0,0.004,223.12633457536106,669.3790037260832,4079,1500,0.23733333333333334,-0.01597491705867409,-0.04325659485039707,-0.441829933849902,-0.02370489674137195,-0.05111010348192783,-0.5220469553505442,-0.046056665592149194,-0.07381906479944261,-0.7539999999999996,-0.07496566596921744,-0.10319004548887618,-1.0540000000000007,-0.09433725404822287,-0.1228712012525135,-1.2550265435643206,-0.3785101699284323,-0.4115853427279272,-4.204000000000001
10,400,1,0.75,0.008,446.2526691507221,334.6895018630416,3636,1388,0.5489913544668588,-0.03081031503271013,-0.05826053964419771,-0.5635386321224426,-0.03850977039787994,-0.06593442927955682,-0.637766116017703,-0.06077327608138934,-0.08812400989383101,-0.8524,-0.08956811994794289,-0.11682324164714818,-1.1300000000000008,-0.10886321306450127,-0.13605426618821725,-1.3160165616448518,-0.3919139805467546,-0.4181651750569776,-4.0448
10,400,1,1.0,0.008,446.2526691507221,446.2526691507221,3302,1249,0.4851881505204163,-0.021780473653601015,-0.041111109272930546,-0.4107663915856856,-0.028464567487138864,-0.04779611839119585,-0.47756043148855254,-0.0477920853431762,-0.06712628285608603,-0.6707000000000003,-0.0727896246752161,-0.09212724521996003,-0.9205000000000005,-0.08954018777365984,-0.10888010205259753,-1.0878881019412245,-0.33526378766163467,-0.3546373500406368,-3.543399999999999
10,400,1,1.3333333333333333,0.008,446.2526691507221,595.0035588676294,3055,1128,0.4157801418439716,-0.008810227847472178,-0.03592516179866771,-0.3729814435884606,-0.014597501766117502,-0.04173542599148177,-0.43330464375694233,-0.03133180304704275,-0.05853620523420363,-0.6077333333333337,-0.05297536625986711,-0.08026574873053376,-0.8333333333333341,-0.06747846860350028,-0.09482646547152641,-0.9845052940937034,-0.2802327799945221,-0.30842595544199947,-3.2021333333333333
10,400,1,2.0,0.008,446.2526691507221,892.5053383014442,2678,955,0.32356020942408376,-0.012628265178284257,-0.029058595913436035,-0.31175172455110484,-0.017361781736917097,-0.03381900643087465,-0.3628232282398466,-0.031049071007121776,-0.04758406143596921,-0.510500000000001,-0.04875173486853793,-0.06538730479399092,-0.7015000000000006,-0.06061408596167629,-0.07731705304898277,-0.8294868994026179,-0.23462970541340797,-0.25232136005321915,-2.7069999999999994
10,400,1,3.0,0.008,446.2526691507221,1338.7580074521663,2313,822,0.24330900243309003,0.012941078785499889,-0.022272382675065622,-0.2515308037497467,0.00912493814324238,-0.02616482863778042,-0.29548973153209834,-0.0019096954572470166,-0.0374201043298349,-0.42260000000000075,-0.01618150674193915,-0.05197728642123301,-0.5870000000000006,-0.025744883051818875,-0.061731886420800276,-0.6971625458732478,-0.16603552523120665,-0.2048276983809132,-2.3131999999999993
10,400,1,0.75,0.015,836.7237546576039,627.5428159932029,2270,815,0.5496932515337424,0.010629632012016185,-0.05069153027915712,-0.5398875973917805,0.0065026098188968005,-0.05478380643573454,-0.5834721790737954,-0.005430959205755538,-0.06661690490171189,-0.7094999999999997,-0.02086542230067274,-0.08192142287067469,-0.8725000000000007,-0.03120787819314691,-0.09217680403140337,-0.9817244220032812,-0.18292728479730264,-0.24261886154478304,-2.583999999999999
10,400,1,1.0,0.015,836.7237546576039,836.7237546576039,2011,699,0.4663805436337625,0.008293711155931862,-0.07347847935959297,-0.7692287491740549,0.004729026067035539,-0.07704921009536883,-0.8066098811933531,-0.005578506475536194,-0.08737422404243989,-0.9147,-0.018909910542444463,-0.10072823794987747,-1.0545000000000004,-0.027843130810544042,-0.1096766088116175,-1.148178369300973,-0.1588896532449809,-0.24094538397797133,-2.5223999999999993
10,400,1,1.3333333333333333,0.015,836.7237546576039,1115.6316728768052,1778,616,0.400974025974026,0.015106566496585235,-0.061616923821539514,-0.6516021595010273,0.012028313937499417,-0.06473203451196138,-0.6845446163306242,0.0031273345702435007,-0.07373959170551339,-0.7798000000000009,-0.008384882543406849,-0.08538965287263219,-0.9030000000000009,-0.016099086593803918,-0.09319622463509478,-0.9855549005570807,-0.12926316223673556,-0.2077152951273795,-2.1966
10,400,1,2.0,0.015,836.7237546576039,1673.4475093152078,1427,500,0.306,0.010967555624775497,-0.06368050751838476,-0.6609433112833011,0.008460744793492294,-0.06625675500868551,-0.6876823184501814,0.0012121285547090242,-0.07370615213122769,-0.7650000000000002,-0.008162979562200454,-0.08334094325949273,-0.8650000000000002,-0.014445131496480778,-0.08979710578775703,-0.9320088478547733,-0.10660161478974976,-0.18450625010627572,-1.9149999999999996
10,400,1,3.0,0.015,836.7237546576039,2510.1712639728116,1152,393,0.22137404580152673,0.018279939058259045,-0.07254589373914044,-0.7111114426686751,0.01624768586541177,-0.0746899836443124,-0.7321283023018422,0.010371285735350172,-0.08088976733364882,-0.7929000000000002,0.002770954204101169,-0.08890835191231547,-0.8715000000000003,-0.002321940388131786,-0.09428151305274048,-0.9241689544138516,-0.07703252687401324,-0.1731034899883154,-1.6968
10,400,1,0.75,0.025,1394.5395910960067,1045.904693322005,1381,457,0.5098468271334792,-0.005912767389325333,-0.1272492742247582,-1.2732421865129369,-0.008381324294434857,-0.12969178094692582,-1.2976816390634662,-0.015519326669978063,-0.13675445742362602,-1.3683500000000004,-0.024751370663619893,-0.14588907751974128,-1.4597499999999997,-0.030937656977205113,-0.15201008120205875,-1.5209960869392625,-0.12168783259685967,-0.24180258852895223,-2.4194499999999994
10,400,1,1.0,0.025,1394.5395910960067,1394.5395910960067,1177,387,0.45478036175710596,-0.00622169342181022,-0.09437983871221144,-0.9105601229332749,-0.00835991203038431,-0.0965249846449353,-0.9312561144804412,-0.014542718461073032,-0.10272782191069807,-0.9911000000000005,-0.02253934524391947,-0.11075035587890308,-1.0685000000000002,-0.027897792718351095,-0.11612616345975506,-1.1203648482395943,-0.10650392646380744,-0.19498696254505607,-1.8811999999999998
10,400,1,1.3333333333333333,0.025,1394.5395910960067,1859.386121461342,986,318,0.3710691823899371,0.016090031729083874,-0.1220980975979187,-1.0958866126428464,0.014243238403604365,-0.12399282034453103,-1.1128926212009824,0.008903108258285426,-0.12947154171340902,-1.1620666666666672,0.001996369672392862,-0.1365575293672781,-1.2256666666666671,-0.0026317562783548386,-0.14130576805326722,-1.2682842939023027,-0.07052438547947953,-0.21096039973290348,-1.8934666666666662
10,400,1,2.0,0.025,1394.5395910960067,2789.0791821920134,752,231,0.2857142857142857,-0.015827901108703604,-0.10788696895751154,-0.8462258098128855,-0.01734669935410004,-0.10946193058838433,-0.8585792311239839,-0.02173840912638493,-0.11401604065945074,-0.8943000000000001,-0.027418493790402065,-0.1199061682211936,-0.9405000000000002,-0.031224653080935673,-0.12385307483749396,-0.9714580877089056,-0.08705938276258243,-0.18175250761949346,-1.4256000000000002
10,400,1,3.0,0.025,1394.5395910960067,4183.61877328802,566,174,0.20114942528735633,0.05906280545412586,-0.1237995356515596,-0.8659882723265888,0.05786937742764156,-0.1251297803192249,-0.875293446820663,0.054418498061461235,-0.12897627443009388,-0.9021999999999993,0.049955250720092284,-0.1339511961217003,-0.9369999999999998,0.046964480099732156,-0.13728483382892295,-0.960319079053461,0.003091153635718441,-0.18618787388356717,-1.3023999999999996
10,400,1,0.75,0.04,2231.2633457536103,1673.4475093152078,749,221,0.5248868778280543,-0.024150033056501645,-0.09561044558660088,-0.7403069435872189,-0.025688351853878136,-0.09713681996153566,-0.7521255847549804,-0.030136506647186118,-0.1015504366343785,-0.7863000000000002,-0.03588959533808517,-0.10725885492159656,-0.8305000000000005,-0.0397446737859198,-0.1110840002465925,-0.86011791075181,-0.09629702659252493,-0.16719724693738566,-1.2945999999999995
10,400,1,1.0,0.04,2231.2633457536103,2231.2633457536103,600,193,0.40932642487046633,-0.04897637091468661,-0.18625622324972932,-1.4177341181553544,-0.05031366363998,-0.18761218857488104,-1.4280553749217697,-0.05418053769509448,-0.1915330557390345,-1.4579000000000002,-0.059181818097718566,-0.19660416895086433,-1.4965,-0.06253311847350351,-0.20000226348752267,-1.5223654152719424,-0.11169526232527159,-0.24985085767507764,-1.9017999999999997
10,400,1,1.3333333333333333,0.04,2231.2633457536103,2975.0177943381473,500,144,0.3402777777777778,-0.019341916407876813,-0.18777363172228972,-1.1998983403162577,-0.020501668395103794,-0.1889787451314127,-1.207599174380319,-0.023855171173481453,-0.19246341358662,-1.229866666666667,-0.02819247502320528,-0.19697036256046102,-1.258666666666667,-0.03109885236086594,-0.19999041714123444,-1.2779652148488416,-0.073734165445306,-0.24429332678579208,-1.5610666666666668
10,400,1,2.0,0.04,2231.2633457536103,4462.526691507221,381,111,0.2702702702702703,0.003930581120519462,-0.1430774766428321,-0.8501994151048922,0.0029882944059182463,-0.14407643807752538,-0.8561354746959398,0.00026360744677028555,-0.14696500389472725,-0.8733000000000002,-0.0032604078942642905,-0.15070097445062203,-0.8955,-0.005621809972517003,-0.15320440527632065,-0.9103759642237593,-0.040262568975127505,-0.1899286652875176,-1.1285999999999998
10,400,1,3.0,0.04,2231.2633457536103,6693.790037260831,276,76,0.21052631578947367,0.031499429941483574,-0.09758484552860155,-0.48698338331506175,0.030743003451159257,-0.09839928179060142,-0.4910477124044275,0.02855574413634128,-0.10075428035711242,-0.5028000000000001,0.025726819017306723,-0.10380015358986525,-0.5180000000000002,0.02383118888836745,-0.10584115815024979,-0.5281853448739255,-0.003976894732555796,-0.1357818225337696,-0.6776
20,50,0,0.75,0.001,55.781583643840264,41.8361877328802,39778,15997,0.5747952741138963,-0.12888329544006646,-0.09939519741908563,-1.3756603011979165,-0.19044447731828215,-0.16120651684811718,-2.2311480964951027,-0.3684528763057297,-0.3399382057983118,-4.704849999999999,-0.5986827479460866,-0.5711035555185194,-7.904249999999998,-0.7529571323498143,-0.7260047930054889,-10.048131078265627,-3.0160964001698356,-2.9983397275806998,-41.497949999999996
20,50,0,1.0,0.001,55.781583643840264,55.781583643840264,39014,15574,0.5152176704764351,-0.09214176293473658,-0.06147778904323723,-0.9570422598522432,-0.14561909365127293,-0.1149788714832756,-1.7899088550862492,-0.30025248002460125,-0.269680937601612,-4.198199999999999,-0.5002499233955494,-0.46976720896588736,-7.312999999999998,-0.6342659059374249,-0.6038427141226641,-9.400191592980486,-2.6002230787905036,-2.5706730582907786,-40.01839999999999
20,50,0,1.3333333333333333,0.001,55.781583643840264,74.37544485845368,38061,15065,0.4496515101228012,-0.06467752811736467,-0.036785560148007775,-0.6432719689658439,-0.11089685840402978,-0.08285650889001557,-1.4489182549039652,-0.24454323645566176,-0.21607383148173148,-3.7784999999999993,-0.41739681324781996,-0.3883724828657349,-6.791499999999998,-0.5332240035320114,-0.5038278240274686,-8.810476585864329,-2.23235936956548,-2.1975083223977707,-38.428
20,50,0,2.0,0.001,55.781583643840264,111.56316728768053,36442,14211,0.3584547181760608,-0.03752203840426799,-0.011484380595085377,-0.23480079329396575,-0.07499242355021474,-0.048655695960942616,-0.9947768549910548,-0.18334062392213263,-0.15613911545772113,-3.1922999999999986,-0.32347441764188517,-0.2951544316729689,-6.0344999999999995,-0.4173764582686763,-0.3883069934104766,-7.939025473728373,-1.794879251699286,-1.7548152519330698,-35.8776
20,50,0,3.0,0.001,55.781583643840264,167.3447509315208,34410,13223,0.2760341828631929,-0.01717530498027461,0.006850512629943119,0.16198318980183596,-0.047454152279277934,-0.0230554919633134,-0.545156593733498,-0.13500752546732983,-0.10953076477870778,-2.5898999999999983,-0.24824601300738644,-0.22137487479599446,-5.234499999999999,-0.32412581883614966,-0.29632032431200367,-7.00661599036734,-1.4372501321779803,-1.3957380299775044,-33.00279999999999
20,50,0,0.75,0.002,111.56316728768053,83.6723754657604,32736,12354,0.5793265339161405,-0.05778145435964057,-0.037180139707778434,-0.7936673351877875,-0.08863564105632941,-0.06812976398648139,-1.4543347242670832,-0.1778526477538712,-0.15762273502809904,-3.3646999999999996,-0.2932428210094622,-0.2733698309675371,-5.835500000000001,-0.37056444664566074,-0.35093062638191386,-7.491154612795745,-1.5048396401931674,-1.4887143383316364,-31.7789
20,50,0,1.0,0.002,111.56316728768053,111.56316728768053,30969,11512,0.5112056984016679,-0.04339181384694669,-0.023536804063561744,-0.5417987989867095,-0.07013047630251565,-0.05028136720044053,-1.1574376999969769,-0.14744716109582476,-0.12761511422031602,-2.937599999999999,-0.24744587192562548,-0.2276358927404876,-5.240000000000002,-0.31445385592230146,-0.2946586640422292,-6.782811713008305,-1.2974323356385316,-1.2778540672022878,-29.4152
20,50,0,1.3333333333333333,0.002,111.56316728768053,148.75088971690735,29092,10708,0.442099364960777,-0.02730743661755243,-0.012407002160144998,-0.3079219544431626,-0.050424033986097405,-0.035480308864458895,-0.880564531929087,-0.11726726801874732,-0.10219836495874303,-2.5364000000000004,-0.2037199819294463,-0.1884891780779845,-4.678000000000001,-0.2616509494601892,-0.24631165775370395,-6.1130614856578305,-1.1114734779917856,-1.0945427158300196,-27.1648
20,50,0,2.0,0.002,111.56316728768053,223.12633457536106,26302,9454,0.3549820181933573,-0.023325683023900808,0.013236799443848134,0.3593038702553554,-0.042172979085114096,-0.005388873158683688,-0.14627727725603104,-0.09667123423128736,-0.05924628880414704,-1.6081999999999994,-0.16715738184172518,-0.12890359689448488,-3.4990000000000006,-0.21438933725269446,-0.17558015649247016,-4.7660032952380575,-0.9072619317513215,-0.8603053318430319,-23.352400000000003
20,50,0,3.0,0.002,111.56316728768053,334.6895018630416,23378,8177,0.2661122661122661,-0.012941724623697236,0.010468222747852586,0.3026430872729057,-0.02826174239033673,-0.004657337426438214,-0.13464663593426612,-0.07256062931706339,-0.04839393682669371,-1.3990999999999993,-0.12985526883387735,-0.10496133321463956,-3.0345000000000013,-0.16824774665664008,-0.14286649379564478,-4.130362697816968,-0.731448983760423,-0.6989189952880701,-20.2062
20,50,0,0.75,0.004,223.12633457536106,167.3447509315208,21692,7590,0.5836627140974967,-0.028976470620269548,-0.0018104419177920133,-0.047419465280501005,-0.04440845167549969,-0.01730734772163753,-0.4533175940737542,-0.08903108816549522,-0.06211771859559194,-1.626999999999999,-0.14674445410656226,-0.1200738936589655,-3.1450000000000014,-0.18541751568188042,-0.15890965882962751,-4.162194310435461,-0.7527347964877652,-0.7286137318243868,-19.084
20,50,0,1.0,0.004,223.12633457536106,223.12633457536106,19561,6637,0.5174024408618352,-0.02844142213426976,0.011839507832795452,0.3141484860254685,-0.041810783992725406,-0.0015370930450699894,-0.040785095107707836,-0.08046921496007625,-0.04021645613581518,-1.0670999999999984,-0.13046868492923452,-0.0902429989852963,-2.3945000000000016,-0.16397275368906072,-0.12376520897030797,-3.283975446424262,-0.6554631196053952,-0.615521698904847,-16.332200000000007
20,50,0,1.3333333333333333,0.004,223.12633457536106,297.5017794338147,17463,5793,0.4457103400655964,-0.017358067217784184,0.01467332509363133,0.3943674621383467,-0.028931878110153172,0.0031465912361401203,0.08456932510286552,-0.062398349744986016,-0.030183753908719673,-0.8112333333333328,-0.10568272010374949,-0.07329206300019683,-1.9698333333333342,-0.13468707798234997,-0.10217844425207023,-2.746197844578739,-0.5601686088707658,-0.5259293084607068,-14.135133333333334
20,50,0,2.0,0.004,223.12633457536106,446.2526691507221,14538,4667,0.3494750374973216,-0.028181594651593308,0.01779257975860971,0.4751651324816714,-0.037675356929673776,0.008446974552987473,0.2255832395860074,-0.06512722468022704,-0.01857648681447968,-0.4960999999999991,-0.10063251557913373,-0.05352769179862686,-1.4295000000000018,-0.12442420193797667,-0.0769480915698639,-2.0549605858764552,-0.47343807001765265,-0.4205153441321712,-11.2302
20,50,0,3.0,0.004,223.12633457536106,669.3790037260832,11984,3690,0.25718157181571816,-0.022241292501734778,0.0032910722997528037,0.08493836272924143,-0.029999973917540335,-0.004354943257983411,-0.11239551016233923,-0.052434735807157885,-0.026463924056277066,-0.6829999999999985,-0.0814510764939414,-0.05505891081108324,-1.421000000000002,-0.10089459207777077,-0.0742200819797038,-1.9155252971682293,-0.38612265370516674,-0.3553062717365465,-9.170000000000002
20,50,0,0.75,0.008,446.2526691507221,334.6895018630416,11312,3735,0.5919678714859438,-0.014153424983652177,0.02843331922280989,0.7308034647137445,-0.021870978489366835,0.02066203410854576,0.5310630811771464,-0.0441868161932297,-0.0018091722435642158,-0.04650000000000026,-0.07304934447466034,-0.030872648930498965,-0.7935000000000026,-0.09238979213780509,-0.05034774980495453,-1.2940560934751595,-0.37610589142968104,-0.3360391541433127,-8.636999999999999
20,50,0,1.0,0.008,446.2526691507221,446.2526691507221,9572,3079,0.510880155894771,-0.03447683710720099,0.010275248366282103,0.2530810891174332,-0.04116300592675321,0.0035899992446708807,0.08842228298378485,-0.060496523747818394,-0.015740859206430403,-0.38770000000000104,-0.08550182322593039,-0.040742719147931095,-1.0035000000000012,-0.1022575863088489,-0.05749617743699482,-1.4161404850896955,-0.34805746774610613,-0.3032622485336882,-7.4693999999999985
20,50,0,1.3333333333333333,0.008,446.2526691507221,595.0035588676294,8064,2508,0.4393939393939394,-0.03311810689116867,0.01188530846442883,0.2762150172696283,-0.03892782643517362,0.006114110437675571,0.1420921573205573,-0.05572703078833755,-0.010573706294209265,-0.24573333333333436,-0.07745453737729228,-0.03215714800816217,-0.7473333333333356,-0.0920138892101208,-0.04661996362808854,-1.0834497141728794,-0.3055933565613164,-0.25878328600466693,-6.0141333333333336
20,50,0,2.0,0.008,446.2526691507221,892.5053383014442,6341,1885,0.3442970822281167,-0.02624469550677016,0.015012983890239213,0.3227937164619554,-0.031002223069297022,0.010324541603769718,0.22198765944281595,-0.044758941811627664,-0.0032324123028417994,-0.06950000000000178,-0.06255140333734811,-0.02076650493840041,-0.4465000000000007,-0.07447392681073726,-0.03251589839527698,-0.6991233564124971,-0.24937224935741326,-0.20487447761176633,-4.404999999999999
20,50,0,3.0,0.008,446.2526691507221,1338.7580074521663,4891,1432,0.2814245810055866,-0.027137750020747038,0.06347237479203403,1.3084183564846263,-0.031043388808215944,0.059757395387616354,1.23183783995868,-0.04233681246203709,0.04901527647638491,1.0103999999999986,-0.05694333380029567,0.03512179351633283,0.7239999999999993,-0.06673099546072436,0.025811930657902642,0.5320866597439284,-0.21031180785201092,-0.11075977756421428,-2.2831999999999986
20,50,0,0.75,0.015,836.7237546576039,627.5428159932029,5076,1587,0.5664776307498425,-0.02237937424946802,-0.017048799219006518,-0.352074070013197,-0.026487097465792135,-0.021158516584106918,-0.4369436787608755,-0.038364862169334775,-0.03304204750623366,-0.6823499999999996,-0.05372714989635281,-0.04841179305980386,-0.9997500000000012,-0.06402124190636281,-0.05871088247346145,-1.2124360830910519,-0.21503117103004146,-0.20979412137228998,-4.332449999999999
20,50,0,1.0,0.015,836.7237546576039,836.7237546576039,4164,1264,0.5,-0.011888233329367209,-0.00612335118789116,-0.11614469092418507,-0.01545306537369308,-0.00968714157924366,-0.1837409010420578,-0.02576102284801466,-0.019992087042222426,-0.37920000000000015,-0.0390929765068679,-0.033320145070370726,-0.6320000000000006,-0.048026565050197714,-0.042251123196448484,-0.801398367376867,-0.17907848992482664,-0.17326475436592756,-3.2863999999999987
20,50,0,1.3333333333333333,0.015,836.7237546576039,1115.6316728768052,3364,1005,0.41492537313432837,0.013451908369928798,-0.033007891637771555,-0.5723460556794362,0.010372611799200637,-0.03610745433596589,-0.6260914600848659,0.001468613600348099,-0.045070053438729996,-0.7815000000000015,-0.010047507965086258,-0.056661967374986806,-0.9825000000000014,-0.01776432834363882,-0.06442957534798936,-1.1171877841880946,-0.13096678440214696,-0.17837706370568343,-3.093
20,50,0,2.0,0.015,836.7237546576039,1673.4475093152078,2481,732,0.3333333333333333,0.0033539685100850833,-0.004328617189216681,-0.06726100771875265,0.0008402543463125087,-0.00684787239334071,-0.10640691421106546,-0.006428323354005742,-0.014132472393614808,-0.21960000000000027,-0.01582924893095131,-0.023554120656024666,-0.36600000000000027,-0.022128700847747207,-0.02986745860559475,-0.4641009532593879,-0.11453896748887982,-0.12248142741132811,-1.9031999999999991
20,50,0,3.0,0.015,836.7237546576039,2510.1712639728116,1804,522,0.2777777777777778,-0.011264943509633123,0.05854207196427472,0.822035183020233,-0.013331990830501995,0.05655403955596307,0.7941196595380113,-0.01930900057906547,0.05080550687121334,0.7133999999999996,-0.02703945709141215,0.0433705546461577,0.6089999999999993,-0.032219546934249894,0.038388478821595164,0.5390427628396168,-0.10820925047105209,-0.03469644371692619,-0.4871999999999999
20,50,0,0.75,0.025,1394.5395910960067,1045.904693322005,2377,696,0.5790229885057471,-0.009578383051478994,0.0111201670975266,0.16729691069364566,-0.012046039784930783,0.008646120330811672,0.1300762127173471,-0.019181439252103485,0.0014922436421830943,0.022449999999999415,-0.02841011673459505,-0.0077603316358521275,-0.11674999999999963,-0.034594147187845564,-0.01396037572655914,-0.21002631621384377,-0.12531123030075703,-0.10491237205522252,-1.5783499999999981
20,50,0,1.0,0.025,1394.5395910960067,1394.5395910960067,1900,558,0.4946236559139785,0.02053567610956229,-0.014416052242872028,-0.20127273539216398,0.018396491503786052,-0.016553378744715335,-0.23111346739040375,0.012210891825629778,-0.022733605587325532,-0.3174000000000008,0.004210652353665441,-0.030726896020676225,-0.42900000000000027,-0.0011502159421206445,-0.03608310784575035,-0.5037818742059269,-0.07979186210196036,-0.11465644557085884,-1.6007999999999991
20,50,0,1.3333333333333333,0.025,1394.5395910960067,1859.386121461342,1496,433,0.42725173210161665,0.014145745725590544,-0.005845303159315446,-0.07312024090467267,0.012298179763782321,-0.007696414733669648,-0.09627622111119094,0.006955815487284039,-0.013049031393138578,-0.16323333333333412,4.618735383318696e-05,-0.019971919602118304,-0.2498333333333338,-0.004583874849441523,-0.024610867229229585,-0.3078629955755674,-0.0725049080474012,-0.0926622457964057,-1.1591333333333333
20,50,0,2.0,0.025,1394.5395910960067,2789.0791821920134,1046,290,0.33448275862068966,-0.02235242400149853,-0.00016023209886987185,-0.0016471205443149284,-0.023875173416778136,-0.0016689130559519017,-0.017155744701105313,-0.028278308269017262,-0.006031367991991145,-0.06200000000000022,-0.03397316973405226,-0.011673615468369905,-0.11999999999999988,-0.03778923078869777,-0.015454420495406365,-0.1588651317557685,-0.09376921511692027,-0.07091721397034721,-0.7289999999999998
20,50,0,3.0,0.025,1394.5395910960067,4183.61877328802,751,201,0.23880597014925373,-0.010623892764865294,-0.028339663135194548,-0.24346921113588665,-0.011864207187265292,-0.029590849393045134,-0.2542182920169729,-0.015450661797724684,-0.033208740664783125,-0.2852999999999994,-0.020089257444373232,-0.03788799539567794,-0.3254999999999996,-0.023197526943834104,-0.04102351007904055,-0.3524375568376188,-0.06879451173418281,-0.08702017007007332,-0.7476
20,50,0,0.75,0.04,2231.2633457536103,1673.4475093152078,1090,296,0.5574324324324325,-0.00053374124789139,-0.030769506842499624,-0.3171984402797142,-0.0020772857989278305,-0.03230503037612237,-0.33302793252250773,-0.00654055121899972,-0.03674510247169168,-0.3788000000000005,-0.01231318346896706,-0.04248773728247349,-0.4380000000000006,-0.01618135783056319,-0.04633581070568548,-0.47766923793002614,-0.07292582209362383,-0.10278540279568225,-1.0595999999999997
20,50,0,1.0,0.04,2231.2633457536103,2231.2633457536103,858,230,0.5260869565217391,-0.018605808310128744,0.049836077699600655,0.45886607680968156,-0.01994215724269474,0.04850021749807941,0.4465661335129169,-0.023806302256110246,0.04463748568415356,0.411,-0.028804053011124323,0.0396415627122045,0.365,-0.032152988210712476,0.03629385228898949,0.3341759299868043,-0.08128043593877218,-0.012815628493260603,-0.11799999999999972
20,50,0,1.3333333333333333,0.04,2231.2633457536103,2975.0177943381473,661,173,0.41040462427745666,-0.08669523908921498,-0.038820074174729255,-0.30922971903735597,-0.08787057958533571,-0.03998151345910217,-0.31848141551709586,-0.09126915761123328,-0.04333989517343274,-0.34523333333333417,-0.09566476021826126,-0.04768350926921556,-0.3798333333333339,-0.09861020288150507,-0.05059411503005711,-0.40301839469108497,-0.14181858759205548,-0.0932914572749355,-0.7431333333333334
20,50,0,2.0,0.04,2231.2633457536103,4462.526691507221,452,115,0.3739130434782609,-0.08232432912228471,0.08192879252370283,0.5494330384048413,-0.08329906186843337,0.08101173854990133,0.5432830667564587,-0.08611756876334348,0.0783600137993203,0.5255,-0.08976292754598361,0.07493036524102463,0.5025,-0.09220564046640349,0.0726321972566429,0.4870879649934023,-0.1280391947637049,0.03891905537892025,0.2609999999999999
20,50,0,3.0,0.04,2231.2633457536103,6693.790037260831,323,73,0.273972602739726,-0.0066991628417861415,0.052102583856420685,0.2732922765526381,-0.007472264059578677,0.05135831467477517,0.2693883815062736,-0.009707739497765495,0.049206209055644684,0.2580999999999999,-0.012599025673679078,0.046422750503872415,0.2434999999999997,-0.014536443228343025,0.044557586997814744,0.23371670821320306,-0.04295753052077132,0.017196435710264045,0.09019999999999995
20,50,1,0.75,0.001,55.781583643840264,41.8361877328802,29618,11503,0.5711553507780579,-0.11808407962246913,-0.10664051907388081,-1.0624718193836116,-0.1797303863327669,-0.1683840161343467,-1.677629418264873,-0.35798492963730977,-0.34691959203284917,-3.4563999999999995,-0.588533155775838,-0.5778312959533367,-5.757,-0.7430208658608839,-0.7325625683122814,-7.2986055537469205,-3.009289530230384,-3.0024041871184552,-29.9133
20,50,1,1.0,0.001,55.781583643840264,55.781583643840264,28910,11141,0.513508661700027,-0.08178906875979233,-0.06489007493062383,-0.7227088620145012,-0.1352688861562493,-0.11838521672873875,-1.3185074197069415,-0.28990946293590125,-0.2730701050716412,-3.041299999999999,-0.4899162061282866,-0.4731341592986597,-5.269499999999999,-0.6239384203733598,-0.6071947770077342,-6.762591147900063,-2.5899870096483326,-2.5738067286823534,-28.665599999999998
20,50,1,1.3333333333333333,0.001,55.781583643840264,74.37544485845368,28021,10713,0.44917390086810416,-0.0546616865745966,-0.03774880362501935,-0.46938138755599634,-0.1008237365444253,-0.08382362983991196,-1.0422913551135866,-0.23430448461329118,-0.21705216441163339,-2.6989,-0.4069438413467951,-0.38936531698059323,-4.8415,-0.5226274852378087,-0.5048303752192913,-6.277231574136378,-2.2196570870485868,-2.198653418954671,-27.338799999999996
20,50,1,2.0,0.001,55.781583643840264,111.56316728768053,26656,10097,0.3568386649499851,-0.030272649978255812,-0.014868891760546926,-0.21577922805496955,-0.0676570814839037,-0.05207691471807267,-0.7557467387829626,-0.17575674098266214,-0.15966647674532636,-2.317099999999999,-0.31556908058198907,-0.2988190740175685,-4.336499999999999,-0.4092557185063012,-0.39206362620969093,-5.689676673579296,-1.783598646374921,-1.7599213453761104,-25.5402
20,50,1,3.0,0.001,55.781583643840264,167.3447509315208,25193,9423,0.2815451554706569,-0.012281997330113799,0.019061686811783145,0.3231523555549195,-0.04248312157542605,-0.010663080811625241,-0.18077097351211902,-0.12981175319858507,-0.09661429444141433,-1.6378999999999992,-0.2427595678157242,-0.20778060453622446,-3.522499999999999,-0.31844459706781475,-0.2822718681334216,-4.785348746671062,-1.428711621295685,-1.3750268605317304,-23.310799999999993
20,50,1,0.75,0.002,111.56316728768053,83.6723754657604,24351,9050,0.585414364640884,-0.04916583439493871,-0.02489970677832479,-0.38857393422773845,-0.0800584316164335,-0.05591275260119907,-0.8725499639482842,-0.16938650499294994,-0.14558911140755434,-2.2719999999999994,-0.2849203280279296,-0.2615733947031853,-4.082000000000001,-0.3623382117262423,-0.3392931266322041,-5.2948601461714,-1.4980254698952153,-1.4794083693073106,-23.087000000000003
20,50,1,1.0,0.002,111.56316728768053,111.56316728768053,22931,8464,0.5138232514177694,-0.036829738578054924,-0.01830272354456863,-0.3097283734037099,-0.0635692733624315,-0.04505037505050824,-0.762366286724671,-0.1408884805545916,-0.12239305230231276,-2.0711999999999993,-0.24089045376733037,-0.22242538087384392,-3.7640000000000007,-0.30790062384922573,-0.2894558917319283,-4.898325776485606,-1.290911172501086,-1.2727648308749198,-21.538399999999996
20,50,1,1.3333333333333333,0.002,111.56316728768053,148.75088971690735,21524,7880,0.4517766497461929,-0.022702127282706753,0.007062941510066148,0.12926674750851835,-0.045804863827231194,-0.015962092424797337,-0.29214000544152696,-0.11260801833221021,-0.0825405644802052,-1.5106666666666673,-0.19900889477589326,-0.16865084445867168,-3.086666666666667,-0.25690512661723164,-0.2263523509567618,-4.142726108857898,-1.1062180974345648,-1.0728087842325698,-19.634666666666668
20,50,1,2.0,0.002,111.56316728768053,223.12633457536106,19493,7010,0.36034236804564906,-0.011148469171347054,0.02435694678662583,0.491874775808128,-0.029918983306176847,0.005793373075888048,0.11699389532845614,-0.08419521822191113,-0.04788447934531786,-0.9669999999999993,-0.1543942125887588,-0.11730954660709217,-2.3690000000000007,-0.20143374991962076,-0.16383048430160865,-3.308464046923925,-0.8914836534406588,-0.8462727528557219,-17.090000000000003
20,50,1,3.0,0.002,111.56316728768053,334.6895018630416,17559,6132,0.270221787345075,-0.004733255726859391,0.019670688918154922,0.4285512304216039,-0.019983964469360203,0.0046186877470187765,0.10062404652697551,-0.06408243957737432,-0.03890521072737445,-0.8475999999999995,-0.12111787341872655,-0.09519750713611927,-2.074000000000001,-0.15933666050478815,-0.13291832639061313,-2.8957965100909426,-0.7199899287529239,-0.686266619427939,-14.951199999999998
20,50,1,0.75,0.004,223.12633457536106,167.3447509315208,16966,6015,0.5870324189526185,-0.027693922854539966,0.005030761087114082,0.10430196526189545,-0.04312863621494744,-0.010484250579234662,-0.21736829095568277,-0.08775917335362005,-0.05534697580211729,-1.1474999999999993,-0.14548275771888014,-0.11337086415936976,-2.3505000000000007,-0.18416266654251906,-0.1522520032281046,-3.1566164396929244,-0.7515803935541109,-0.72262169191052,-14.982
20,50,1,1.0,0.004,223.12633457536106,223.12633457536106,15310,5333,0.5105944121507594,-0.025452940636774727,-0.0017830644942590046,-0.03803135814768349,-0.03882204876691947,-0.015154316507219392,-0.3232296085896345,-0.07747974606137742,-0.05381821298655305,-1.1478999999999993,-0.12747826712353513,-0.10382475185880471,-2.214500000000002,-0.16098170003171308,-0.13733355740914976,-2.929216371219013,-0.65246273827619,-0.6288934100174457,-13.413800000000002
20,50,1,1.3333333333333333,0.004,223.12633457536106,297.5017794338147,13768,4723,0.4387042134236714,-0.020860680735839136,0.0005798922250994182,0.012686148284609844,-0.0324402074921258,-0.010965553963491094,-0.23989051341374634,-0.06592320694130155,-0.044350007103010576,-0.9702333333333331,-0.10922895380025446,-0.0875282975927593,-1.9148333333333345,-0.1382476358253435,-0.11646157257332707,-2.547798910169524,-0.5639392958192596,-0.5409003477351201,-11.833133333333333
20,50,1,2.0,0.004,223.12633457536106,446.2526691507221,11660,3889,0.3353047055798406,-0.018378997859754956,-0.01204226405739652,-0.2653470751615128,-0.027839382444449993,-0.021480852671607816,-0.4733230729055106,-0.055194736294844796,-0.04877318197159903,-1.074699999999999,-0.09057519947229904,-0.08407213138772435,-1.8525000000000018,-0.11428324021319332,-0.10772555069630904,-2.3736948186144278,-0.4620700628355673,-0.45471110025703887,-10.019400000000001
20,50,1,3.0,0.004,223.12633457536106,669.3790037260832,9767,3180,0.24245283018867925,-0.023990943165222912,-0.031005657956663376,-0.676199459761792,-0.03175746349753992,-0.03880339391976825,-0.8462595453431541,-0.05421489215435442,-0.061351084723773486,-1.3379999999999987,-0.08326054924941942,-0.09051348374045522,-1.9740000000000018,-0.1027237094206706,-0.11005487132834531,-2.40017627235636,-0.3882399487476005,-0.3967186734156119,-8.652000000000001
20,50,1,0.75,0.008,446.2526691507221,334.6895018630416,9641,3223,0.5764815389388768,-0.01580122731642634,-0.0030562226095116425,-0.06815058453215572,-0.023516904593630972,-0.010785715070298863,-0.24051022472986794,-0.045827317053484286,-0.03313607508535218,-0.7389,-0.07468282851301754,-0.06204325332329789,-1.3835000000000022,-0.09401857428465281,-0.08141362040787103,-1.8154390332718715,-0.3776656988381156,-0.3655686248217267,-8.1518
20,50,1,1.0,0.008,446.2526691507221,446.2526691507221,8202,2707,0.4920576283708903,-0.021727047273144867,-0.027368968250924317,-0.5927370872877911,-0.028411742120889635,-0.034053328581753105,-0.7375020720892806,-0.047740997850916435,-0.05338161703306894,-1.1561000000000008,-0.07274078488872633,-0.07838015302623869,-1.6975000000000013,-0.08949285414890971,-0.09513138397582253,-2.0602859022857443,-0.33523854878573,-0.3408647809545206,-7.382199999999999
20,50,1,1.3333333333333333,0.008,446.2526691507221,595.0035588676294,6979,2251,0.4291426032874278,-0.033812832295638036,-0.00878941952171847,-0.1828367873974216,-0.03962317190815509,-0.014576338215116212,-0.3032157976627161,-0.05642416923214471,-0.03130961233776291,-0.6513000000000007,-0.07815399478720102,-0.05295184705979713,-1.101500000000002,-0.09271490053249637,-0.06745405919705798,-1.4031738330421923,-0.3063171631152919,-0.28019531164115574,-5.828600000000001
20,50,1,2.0,0.008,446.2526691507221,892.5053383014442,5551,1745,0.335243553008596,-0.031441121981775656,-0.004062569832783584,-0.08034215637872033,-0.0362078234620369,-0.008781331685973037,-0.1736612913911333,-0.04999106921958261,-0.02242595670878388,-0.4435000000000018,-0.06781783986410139,-0.0400734401165979,-0.7925000000000008,-0.07976335348270645,-0.05189881542353644,-1.0263608790131604,-0.25499893163154913,-0.22537201589864558,-4.456999999999999
20,50,1,3.0,0.008,446.2526691507221,1338.7580074521663,4353,1348,0.24629080118694363,-0.033273554121703214,-0.015267995446052148,-0.2838631672197792,-0.03719349977640203,-0.019145373457761954,-0.35595153054168926,-0.04852829272256652,-0.03035707913129847,-0.564400000000001,-0.06318831966460695,-0.044857909276227674,-0.8340000000000007,-0.07301183481366762,-0.054574748485722406,-1.0146558538164696,-0.21711860255603152,-0.1971166257979844,-3.6647999999999987
20,50,1,0.75,0.015,836.7237546576039,627.5428159932029,4594,1459,0.5723098012337218,-0.01722681896326689,-0.0052922662636797685,-0.10031258232467186,-0.021337287900084267,-0.009408659357707076,-0.17833700523762883,-0.03322299204361425,-0.02131149360998602,-0.4039499999999997,-0.0485955483661569,-0.03670620541935341,-0.6957500000000012,-0.058896521243718795,-0.047022024433373166,-0.8912818180402295,-0.21000738975285382,-0.19835067941771006,-3.7596499999999993
20,50,1,1.0,0.015,836.7237546576039,836.7237546576039,3799,1170,0.49145299145299143,-0.008493725050981296,-0.023213258590366437,-0.4075073484029244,-0.012058466750154475,-0.02677745640711282,-0.47007662517342386,-0.022366162985242237,-0.03708357996868973,-0.6510000000000002,-0.0356977787663571,-0.05041316170858742,-0.8850000000000005,-0.04463114090170724,-0.059345160856353094,-1.0418007039801696,-0.17567974446806262,-0.19037376997751304,-3.3419999999999987
20,50,1,1.3333333333333333,0.015,836.7237546576039,1115.6316728768052,3103,955,0.42408376963350786,-0.01173344331205701,-0.014385311702420115,-0.237751724551106,-0.01482342834839488,-0.017475423881673415,-0.28882322823984774,-0.023758332981996835,-0.026410696157775537,-0.4365000000000015,-0.03531442785512729,-0.037967266526928126,-0.6275000000000013,-0.04305803388661647,-0.04571119118282334,-0.7554868994026173,-0.15665342402299717,-0.15931125540303034,-2.633
20,50,1,2.0,0.015,836.7237546576039,1673.4475093152078,2312,695,0.31798561151079136,-0.015090885402036886,-0.03731449687290769,-0.5438612026837887,-0.01762105732051499,-0.03986455211899172,-0.5810284226457522,-0.024937223752509226,-0.04723821256272662,-0.6885000000000001,-0.03439969893974068,-0.056775048504947405,-0.8275000000000003,-0.04074039454124823,-0.06316557239162941,-0.9206422985181346,-0.1337556884056709,-0.1569118258982654,-2.2869999999999995
20,50,1,3.0,0.015,836.7237546576039,2510.1712639728116,1706,502,0.2410358565737052,-0.009659729163390427,-0.02451445751260295,-0.31612708452843463,-0.01172480968656696,-0.02659626023167033,-0.3429730477239815,-0.017696132304090083,-0.032615936230776785,-0.4206000000000002,-0.02541923327896289,-0.04040157578752902,-0.5210000000000004,-0.030594394260885834,-0.045618643152634135,-0.5882768832461922,-0.10651179351512696,-0.12215079113342739,-1.5751999999999997
20,50,1,0.75,0.025,1394.5395910960067,1045.904693322005,2231,659,0.5629742033383915,-0.0320690394530846,-0.021262563473215458,-0.3043032842713901,-0.03452958079317111,-0.02372502623331172,-0.3395452957173395,-0.041644405610175086,-0.03084540696866037,-0.4414500000000004,-0.050846472555779995,-0.04005465974580254,-0.5732499999999997,-0.057012671594854784,-0.04622567392779925,-0.6615676614725908,-0.147468175484632,-0.13675181390579574,-1.9571499999999982
20,50,1,1.0,0.025,1394.5395910960067,1394.5395910960067,1805,526,0.49809885931558934,-0.03526223181477031,-0.007470688769404551,-0.09833236347003271,-0.03740182685204445,-0.009607790439284756,-0.12646179900959192,-0.04358861332115579,-0.01578736716478269,-0.20780000000000076,-0.05159038774726163,-0.023779816759273178,-0.31300000000000017,-0.05695228459813305,-0.029135465147914767,-0.3834933079432214,-0.13560901922137333,-0.10770053750142371,-1.417599999999999
20,50,1,1.3333333333333333,0.025,1394.5395910960067,1859.386121461342,1436,406,0.39408866995073893,-0.0051930274404098364,-0.07369942684856132,-0.8539726354287077,-0.007045456372950912,-0.07557321920420045,-0.8756847092482145,-0.012401882264383617,-0.08099141890546832,-0.9384666666666674,-0.01932969720148994,-0.08799912993955654,-1.0196666666666672,-0.023971946172355787,-0.09269491636449088,-1.0740778511247429,-0.09207175404110671,-0.16158009579748314,-1.8722666666666665
20,50,1,2.0,0.025,1394.5395910960067,2789.0791821920134,1030,297,0.3164983164983165,-0.07319111524436621,-0.03876448439240736,-0.4022903269022811,-0.07474490843737176,-0.04029495905576417,-0.4181732971594081,-0.07923780851183246,-0.04472043199509071,-0.46410000000000046,-0.08504876919301345,-0.05044418476498591,-0.5235,-0.0889426269947668,-0.054279605550148415,-0.5633032556257356,-0.1460638563454142,-0.110543588848886,-1.1471999999999996
20,50,1,3.0,0.025,1394.5395910960067,4183.61877328802,749,208,0.25,-0.04729059323335943,-0.002116923469896975,-0.019112417493852882,-0.04855863245771195,-0.003348972929377008,-0.030235844475275206,-0.05222525524326541,-0.0069115288300946555,-0.06239999999999925,-0.0569675376191163,-0.011519214716824513,-0.10399999999999954,-0.06014528640119396,-0.014606771942289187,-0.13187568070758543,-0.10676150256555042,-0.05989991652748773,-0.5408
20,50,1,0.75,0.04,2231.2633457536103,1673.4475093152078,1043,300,0.5633333333333334,0.020661644456063166,-0.01893695314468717,-0.19756598676998055,0.019112981789895064,-0.02047473401719396,-0.213609391070109,0.014634916987280098,-0.024921333363677946,-0.2600000000000004,0.008843143730693765,-0.030672410293757488,-0.32000000000000073,0.004962143201094468,-0.0345261406838454,-0.3602053087128642,-0.05197047546346221,-0.0910587180595923,-0.9499999999999995
20,50,1,1.0,0.04,2231.2633457536103,2231.2633457536103,831,227,0.4977973568281938,0.02778292167679192,-0.006687737396267656,-0.060858263322618705,0.026446170925610694,-0.00802175262404949,-0.07299777257638199,0.02258086402598382,-0.011879149569288542,-0.10810000000000017,0.017581610527757488,-0.016868172607639127,-0.1535000000000001,0.014231668357256588,-0.020211259464847045,-0.18392201692606702,-0.03491055120361904,-0.0692529145103203,-0.6301999999999996
20,50,1,1.3333333333333333,0.04,2231.2633457536103,2975.0177943381473,639,184,0.41847826086956524,0.01108297226298858,-0.02239471396604902,-0.1902404718855884,0.009928128412149174,-0.02355305302692066,-0.200080426523,0.006588817848308453,-0.026902470231390658,-0.22853333333333414,0.002269869715223342,-0.031234489941929584,-0.26533333333333375,-0.0006242076682021929,-0.0341373264388034,-0.28999258934389005,-0.04307908568217059,-0.07672069690258874,-0.6517333333333335
20,50,1,2.0,0.04,2231.2633457536103,4462.526691507221,442,117,0.39316239316239315,-0.07229129039231234,0.12040147929053396,0.8292492651597082,-0.07326184370547786,0.11949301499664565,0.822992337482658,-0.07606826548195278,0.11686612789736547,0.8049,-0.07969799379276171,0.11346860349334219,0.7815000000000001,-0.08213023291409326,0.11119196153462145,0.7658199296019833,-0.11781014105625548,0.07779459725109761,0.5358000000000003
20,50,1,3.0,0.04,2231.2633457536103,6693.790037260831,297,71,0.2676056338028169,0.0999619839419256,0.038198701715613625,0.19347604979777117,0.09923124055846679,0.037449057813327136,0.18967911078007432,0.0971182457167255,0.035281410819143086,0.17869999999999986,0.09438537168405056,0.032477851593447286,0.16449999999999967,0.0925541042814328,0.030599218857382423,0.1549847436046222,0.0656901943409639,0.003040479723641869,0.015399999999999942
20,100,0,0.75,0.001,55.781583643840264,41.8361877328802,24700,10244,0.5745802420929325,-0.12815620971262165,-0.0998218303134153,-0.8847865615722608,-0.18972242102753956,-0.16162800343668585,-1.4326153404073163,-0.3677453629777412,-0.3403448114891902,-3.0166999999999993,-0.5979940439802813,-0.5714909147739227,-5.065499999999998,-0.7522810323208964,-0.7263792554462273,-6.438377274848601,-3.015605194506952,-2.998524999263616,-26.5779
20,100,0,1.0,0.001,55.781583643840264,55.781583643840264,24395,10080,0.5178571428571429,-0.08905670499161882,-0.056205407179717184,-0.5662171554713378,-0.1425338371407729,-0.1097149056129828,-1.1052755399556564,-0.29716664934283415,-0.26444130715560066,-2.663999999999999,-0.49716335010063656,-0.4645590531111905,-4.68,-0.631178835025999,-0.598655649028974,-6.030898372752234,-2.597128708057561,-2.5657953856448827,-25.848
20,100,0,1.3333333333333333,0.001,55.781583643840264,74.37544485845368,24043,9912,0.4556093623890234,-0.06212763727383337,-0.02478070475976278,-0.2854468695468157,-0.10833165201247738,-0.0707984076354868,-0.8155209476230625,-0.24193374410175983,-0.20386176613618462,-2.348266666666666,-0.4147300429705995,-0.3759612857201498,-4.330666666666667,-0.5305188519783003,-0.49128319095696515,-5.659050066539697,-2.2290911810934175,-2.183006241351783,-25.145866666666663
20,100,0,2.0,0.001,55.781583643840264,111.56316728768053,23473,9561,0.3616776487815082,-0.034920816596421766,-0.004754433254788789,-0.06552799835927145,-0.07235990472102731,-0.04185242876988512,-0.5768312934043682,-0.18061760759936166,-0.14912383886642555,-2.055299999999999,-0.320634355008659,-0.28786494949766145,-3.9675,-0.4144579642513576,-0.3808337692325693,-5.248843188678979,-1.7908102028062804,-1.7446466111256378,-24.045599999999997
20,100,0,3.0,0.001,55.781583643840264,167.3447509315208,22661,9145,0.27741935483870966,-0.009637253364028492,0.009933450239497115,0.1626968366284346,-0.039796766107633566,-0.019925875377821443,-0.32635960445381806,-0.12700507520655951,-0.1062661727180938,-1.740499999999999,-0.23979726885599598,-0.21793571015066698,-3.5694999999999992,-0.3153780182906084,-0.29276418058898934,-4.795091827263807,-1.4241153021750792,-1.390465853192685,-22.773999999999994
20,100,0,0.75,0.002,111.56316728768053,83.6723754657604,21433,8578,0.5871998134763348,-0.050656461494271304,-0.021289193172871364,-0.3147034483763027,-0.08154212654542847,-0.05232185409570347,-0.7734378553313129,-0.17085015507378473,-0.14205493131507388,-2.0999,-0.28635805279936766,-0.2581125722332799,-3.8155,-0.36375856424655095,-0.3358814602599999,-4.965103793796494,-1.4991909789179882,-1.4767178018744425,-21.8293
20,100,0,1.0,0.002,111.56316728768053,111.56316728768053,20715,8127,0.5211024978466839,-0.03141533626655235,-0.0037414192978717942,-0.06076258159876523,-0.058156521191396485,-0.030502626321033562,-0.49537840408924844,-0.13548049987841387,-0.10788450028486578,-1.7520999999999993,-0.23548864437663553,-0.20796752452036665,-3.377500000000001,-0.3025029497658309,-0.2750320059587895,-4.4666618130314895,-1.285574161607962,-1.2588392789931249,-20.4442
20,100,0,1.3333333333333333,0.002,111.56316728768053,148.75088971690735,19884,7703,0.4467090743866026,-0.016435595927877782,-0.0031222726158374845,-0.05580265363052661,-0.039520409912134,-0.026171222277861488,-0.4677437980434961,-0.10627174009922687,-0.09281884830615579,-1.6589000000000005,-0.19260558877274492,-0.17901856962779275,-3.1995000000000005,-0.250456906077553,-0.23678000973944727,-4.231838310050641,-1.099110999844684,-1.084115643504981,-19.3758
20,100,0,2.0,0.002,111.56316728768053,223.12633457536106,18513,7015,0.3563791874554526,-0.004371801064408185,0.01614198488327453,0.32541534269529493,-0.023100951428729016,-0.002466964719622857,-0.0497329278560458,-0.07725758015205862,-0.05627602465942284,-1.1344999999999996,-0.14730188002987457,-0.12587079116199693,-2.5375000000000005,-0.19423775836594154,-0.17250544236259166,-3.4776341354024733,-0.8827670287469418,-0.8566158394390244,-17.269
20,100,0,3.0,0.002,111.56316728768053,334.6895018630416,16937,6301,0.2656721155372163,-0.0041454706447989365,0.009477125053337905,0.2110223912078485,-0.01939125908304347,-0.005656146468493876,-0.1259425771091858,-0.06347550679228987,-0.0494150437614786,-1.1002999999999994,-0.12049253941094311,-0.1060112794682999,-2.360500000000001,-0.1586989960496829,-0.14393576494461266,-3.2049455006658563,-0.7191713819068006,-0.7002717543899225,-15.5926
20,100,0,0.75,0.004,223.12633457536106,167.3447509315208,15390,5735,0.5823888404533566,-0.02381423723353662,-0.004392446439030747,-0.08696978041945647,-0.039257629619220344,-0.019882281611112385,-0.39366619262358116,-0.08391326275746701,-0.06467220726615261,-1.2804999999999995,-0.14166930541567002,-0.12260193919452209,-2.4275000000000007,-0.18037096416744328,-0.1614199851250813,-3.196091484894252,-0.7481077533268009,-0.7308641244424011,-14.471
20,100,0,1.0,0.004,223.12633457536106,223.12633457536106,14192,5169,0.5175082220932482,-0.0178979746613879,0.012051013839638726,0.24903804795323914,-0.03126717926458362,-0.0013253997116045662,-0.02738980813797509,-0.06992515551751546,-0.040004221134514975,-0.8266999999999992,-0.11992403737486043,-0.09003006340965919,-1.8605000000000016,-0.15342771204773648,-0.12355180394787936,-2.5532374691226476,-0.6449122968769814,-0.6153014072986722,-12.715400000000002
20,100,0,1.3333333333333333,0.004,223.12633457536106,297.5017794338147,12964,4575,0.4389071038251366,-0.015987749238815605,0.0009886604895570817,0.020952035091133525,-0.027559213621444676,-0.010556164067015561,-0.22370988048582585,-0.06101890016168919,-0.043938819714724756,-0.9311666666666667,-0.10429449491511603,-0.08711478539108758,-1.8461666666666676,-0.1332929723616881,-0.1160465025409907,-2.459297624537844,-0.558688239826097,-0.5404624249928969,-11.453666666666667
20,100,0,2.0,0.004,223.12633457536106,446.2526691507221,11181,3839,0.3534774680906486,-0.024663997796761462,0.02611715859935857,0.5752472559668174,-0.034145598790245923,0.0167961103488434,0.3699451589395076,-0.061562301348473174,-0.010156342890948975,-0.22369999999999923,-0.09702211081076517,-0.045015708432614925,-0.9915000000000016,-0.12078332058294483,-0.06837456765156903,-1.5059939338289503,-0.46935011016483,-0.4110390466201062,-9.0534
20,100,0,3.0,0.004,223.12633457536106,669.3790037260832,9547,3152,0.25317258883248733,-0.033426584469113986,-0.00591017968261509,-0.12962663432992705,-0.041236291491987466,-0.013595605265950253,-0.2981893355099438,-0.06381859744012382,-0.03581854286862761,-0.7855999999999989,-0.09302576648021707,-0.06456091739050004,-1.4160000000000017,-0.11259715394497956,-0.0838208514037106,-1.8384237768764928,-0.3997010414011948,-0.3663558498701592,-8.035200000000001
20,100,0,0.75,0.008,446.2526691507221,334.6895018630416,8751,3025,0.5824793388429752,-0.009243113149387163,0.00909802953691859,0.19004296673603144,-0.01696610866408996,0.0013534794434290922,0.028271973376403747,-0.0392976823118983,-0.02104042075405889,-0.4394999999999999,-0.0681805629158897,-0.05000391234952118,-1.044500000000002,-0.08753464843589404,-0.06941201436615452,-1.449903529521381,-0.3714508092577979,-0.3541205741018741,-7.396999999999999
20,100,0,1.0,0.008,446.2526691507221,446.2526691507221,7578,2565,0.5033138401559454,-0.015443757948639343,-0.00485730709186636,-0.09968918688333359,-0.02212812104269005,-0.011540902479938537,-0.23686029364942918,-0.04145641748405252,-0.03086697904656884,-0.6335000000000006,-0.06645496381127063,-0.05586265426502158,-1.1465000000000012,-0.08320620168558121,-0.07261196824242784,-1.4902553894949886,-0.3289397002470605,-0.31831724405877504,-6.5329999999999995
20,100,0,1.3333333333333333,0.008,446.2526691507221,595.0035588676294,6514,2173,0.42797975149562817,-0.011100239114234687,-0.011142002648758744,-0.22366963083722657,-0.016889926401455868,-0.016930838515972577,-0.3398773559844879,-0.033631206103900156,-0.03366965627880241,-0.6759000000000007,-0.055283794964388976,-0.05531906095222681,-1.1105000000000018,-0.06979294529053354,-0.06982607759130596,-1.4017204527768476,-0.28263597799952106,-0.2826378100231823,-5.6738
20,100,0,2.0,0.008,446.2526691507221,892.5053383014442,5275,1696,0.330188679245283,-0.017968700683677962,-0.014823496791470226,-0.28383971187295687,-0.022711751922900335,-0.01956022676504209,-0.37453842418301553,-0.036426611378972344,-0.03325680784594834,-0.6368000000000017,-0.05416493355982424,-0.050971489412131775,-0.9760000000000008,-0.06605117888198088,-0.06284189343077329,-1.2032940119233926,-0.24041731645876963,-0.2369756458570583,-4.537599999999999
20,100,0,3.0,0.008,446.2526691507221,1338.7580074521663,4190,1300,0.27307692307692305,-0.01301623252866255,0.045333060989352435,0.8405473906634177,-0.01688949354216388,0.04158357732429824,0.7710259720295282,-0.028089294631717995,0.030741686966080834,0.569999999999999,-0.04257472780179777,0.01671916308681589,0.3099999999999994,-0.05228124967584138,0.007322831395159965,0.13577699557758866,-0.19467177608763522,-0.1305173376454662,-2.419999999999999
20,100,0,0.75,0.015,836.7237546576039,627.5428159932029,4282,1371,0.5579868708971554,-0.019241044607039064,-0.03410203784119817,-0.609726559538811,-0.023350377549481827,-0.038202737356371134,-0.683044917190397,-0.03523279688700724,-0.05006019254409981,-0.8950499999999999,-0.05060110475571795,-0.06539621264978354,-1.169250000000001,-0.06089923079331541,-0.07567270302937858,-1.3529882608177897,-0.21196833737717946,-0.226424423759462,-4.048349999999999
20,100,0,1.0,0.015,836.7237546576039,836.7237546576039,3550,1131,0.4986737400530504,-0.03825279350362585,-0.008774443974515739,-0.14892377012282698,-0.0418193317070311,-0.012338080990460524,-0.20940740433430968,-0.05213222265788563,-0.022642582957880252,-0.3843000000000001,-0.065470557103687,-0.035970067384298476,-0.6105000000000005,-0.07440842133883484,-0.04490066114646563,-0.7620740138474973,-0.20552306878460128,-0.17590865386168944,-2.985599999999999
20,100,0,1.3333333333333333,0.015,836.7237546576039,1115.6316728768052,2940,920,0.4282608695652174,-0.005991975061304433,-0.00592994445980683,-0.09453569276127508,-0.009079311547353362,-0.009016100745466061,-0.14373546594833503,-0.0180065577153088,-0.017939934282678528,-0.2860000000000016,-0.029552747395354063,-0.029481710184821278,-0.4700000000000014,-0.03728971607107905,-0.03721572123882694,-0.5932962800527831,-0.15078773903582934,-0.15067035715732022,-2.402
20,100,0,2.0,0.015,836.7237546576039,1673.4475093152078,2228,680,0.3426470588235294,0.012100320964661767,0.015310859798510181,0.22251709665471053,0.00959415032759745,0.012808669240516825,0.18615204690775322,0.0023473852545077005,0.005573412840289573,0.08099999999999968,-0.007025328629082268,-0.0037844161261225908,-0.05500000000000038,-0.013305876215200244,-0.01005498950073558,-0.1461320330824915,-0.10543882440677683,-0.1020416202734502,-1.4829999999999994
20,100,0,3.0,0.015,836.7237546576039,2510.1712639728116,1650,502,0.26294820717131473,-0.011281905871254959,0.02590752328090483,0.3438729154715652,-0.013348920517523717,0.023884937653498955,0.3170269522760184,-0.019325835785229662,0.018036491955009698,0.23939999999999995,-0.02705617009932156,0.010472315713226142,0.13899999999999946,-0.032236178058516654,0.005403648363902574,0.07172311675380783,-0.10822468039728608,-0.06895153482550075,-0.9151999999999999
20,100,0,0.75,0.025,1394.5395910960067,1045.904693322005,2137,659,0.5553869499241275,0.02027924558290814,-0.03648075036563763,-0.5230532842713903,0.0178002721575281,-0.03893873134119642,-0.5582952957173396,0.01063214969592089,-0.04604615268775849,-0.6602000000000006,0.0013611494306213388,-0.055238644242206425,-0.7919999999999997,-0.0048512410317688845,-0.06139842692198936,-0.8803176614725907,-0.09598435335502457,-0.15175980556391025,-2.1758999999999986
20,100,0,1.0,0.025,1394.5395910960067,1394.5395910960067,1723,517,0.4912959381044487,0.031738589598979766,-0.021066380755507767,-0.27250538386693307,0.029598748413216924,-0.023203755428039926,-0.3001535172774885,0.023411250188790728,-0.029384121559515933,-0.3801000000000005,0.015408555203117407,-0.03737759214424082,-0.4835000000000001,0.010046041495886024,-0.04273392468667519,-0.5527871486818354,-0.06861974214645264,-0.12130903328385244,-1.569199999999999
20,100,0,1.3333333333333333,0.025,1394.5395910960067,1859.386121461342,1371,399,0.41854636591478694,0.02534936288433121,-0.023485161461469024,-0.26999609573740796,0.023504362480757858,-0.025341188228585547,-0.29133382345657854,0.01816941669266355,-0.030708017506585177,-0.35303333333333436,0.011269383374079458,-0.03764928782201943,-0.4328333333333337,0.006645750545700756,-0.04230055308687733,-0.4863063939214427,-0.061180966471053956,-0.11053262613407955,-1.270733333333333
20,100,0,2.0,0.025,1394.5395910960067,2789.0791821920134,955,291,0.3161512027491409,-0.005563591084496962,-0.039519804829173846,-0.4017390071668814,-0.007076977783201779,-0.04105067743442979,-0.4173011093380058,-0.011453039695370464,-0.04547730105017601,-0.46230000000000027,-0.017112885961387884,-0.05120254206492882,-0.5205,-0.020905483734597642,-0.05503896010582367,-0.5594991494514783,-0.07654127175457132,-0.11131757271983372,-1.1316
20,100,0,3.0,0.025,1394.5395910960067,4183.61877328802,709,201,0.23383084577114427,-0.0029356569563443002,-0.04027128544561207,-0.34346921113588685,-0.004170388577395391,-0.04153160017079111,-0.3542182920169729,-0.00774070013309751,-0.045175887034763926,-0.38529999999999937,-0.012358416914221803,-0.04988928090654572,-0.42549999999999966,-0.015452695726449741,-0.05304767183488418,-0.4524375568376186,-0.060844443116026686,-0.09937991656025429,-0.8476000000000001
20,100,0,0.75,0.04,2231.2633457536103,1673.4475093152078,1010,276,0.5217391304347826,-0.016901891375158035,-0.10191563027167636,-0.9853607078283821,-0.018441887887303315,-0.10344224662254557,-1.0001206397845004,-0.02289489390846031,-0.10785656298547505,-1.0428000000000006,-0.028654257008720575,-0.11356588622751397,-1.0980000000000005,-0.03251353986597785,-0.11739163795230903,-1.134988884015835,-0.089127569561453,-0.1735137802689229,-1.6775999999999995
20,100,0,1.0,0.04,2231.2633457536103,2231.2633457536103,802,228,0.5043859649122807,-0.017250926445662795,0.006460798186103734,0.05904985005481485,-0.01858719262330135,0.005126731631289764,0.046856862786717635,-0.022451098345142348,0.0012691862704008732,0.01159999999999968,-0.02744853960875714,-0.0037200287235888627,-0.03399999999999995,-0.03079726742172443,-0.007063244208059015,-0.06455603462177663,-0.07992167287671255,-0.05610678616048146,-0.5127999999999995
20,100,0,1.3333333333333333,0.04,2231.2633457536103,2975.0177943381473,621,181,0.39779005524861877,-0.061612532101675235,-0.06472273126833138,-0.5366314786845554,-0.06278149273333872,-0.06589017118775987,-0.5463109992789655,-0.06616162294158334,-0.06926590415179934,-0.5743000000000008,-0.07053336578292363,-0.07363195975043266,-0.6105000000000006,-0.07346282029207923,-0.07655760330377565,-0.6347572029234281,-0.1164366656169969,-0.11947554353608278,-0.9906000000000001
20,100,0,2.0,0.04,2231.2633457536103,4462.526691507221,444,120,0.3333333333333333,-0.05026085144452855,-0.0016175590997356492,-0.011026394707991563,-0.05122265664061711,-0.0025589784957818717,-0.01744375642804316,-0.05400378263381572,-0.00528115754356942,-0.03600000000000013,-0.05760079425839028,-0.008801929239282337,-0.06,-0.06001111030521995,-0.01116115778817651,-0.0760821234851454,-0.09536941631642339,-0.045770032044268126,-0.31199999999999983
20,100,0,3.0,0.04,2231.2633457536103,6693.790037260831,314,79,0.22784810126582278,0.009629873680856446,-0.053837676996578154,-0.28725904318276146,0.008864031361333263,-0.05462947603060449,-0.2914838063151287,0.006649545527632895,-0.05691901749271713,-0.3037000000000001,0.0037854065760872745,-0.05988023078341499,-0.31950000000000023,0.0018661800636968326,-0.06186450569203403,-0.33008739796105435,-0.026288052415141407,-0.09097297033574214,-0.4853999999999999
20,100,1,0.75,0.001,55.781583643840264,41.8361877328802,15773,6170,0.566288492706645,-0.11305006316160054,-0.11631080603615436,-0.6224404612359282,-0.1747378658981931,-0.17796784822126033,-0.9523998096752382,-0.3531123978218577,-0.3562534338908891,-1.9064999999999999,-0.5838158130668317,-0.5868418091446824,-3.1404999999999994,-0.7384075135841032,-0.7413564226892914,-3.9673891825279055,-3.0062016731390586,-3.0080197493095135,-16.0975
20,100,1,1.0,0.001,55.781583643840264,55.781583643840264,15536,6049,0.5086791205157878,-0.07348785397972957,-0.07453345052000918,-0.45082217990536916,-0.12697321067346337,-0.1280151021157916,-0.7743106886102944,-0.2816298047128508,-0.2826609826091699,-1.7096999999999993,-0.4816572640718547,-0.48267458544041153,-2.9194999999999993,-0.6156933599814987,-0.6167013962504495,-3.73017304134705,-2.5819455873413957,-2.582817415168449,-15.622399999999997
20,100,1,1.3333333333333333,0.001,55.781583643840264,74.37544485845368,15247,5915,0.44902789518174135,-0.04603764637242585,-0.038042024073198816,-0.2611760391481115,-0.09215356569142055,-0.0841164897058205,-0.5774984939323125,-0.2255009238049823,-0.2173439816290614,-1.4921666666666666,-0.39796775860995653,-0.3896557856727426,-2.6751666666666667,-0.5135357975443655,-0.5051199402801886,-3.467881336788638,-2.2088695240621865,-2.198929728131395,-15.096666666666664
20,100,1,2.0,0.001,55.781583643840264,111.56316728768053,14840,5692,0.3627898805340829,-0.012255516043126856,-0.002438044878751419,-0.02001865564909247,-0.04943533090464971,-0.03951012468065047,-0.32441551323686474,-0.1569433272787635,-0.1467065977068794,-1.2045999999999994,-0.29599043037230693,-0.28535078733788694,-2.343,-0.38916429213072956,-0.3782546614272124,-3.1058287239787417,-1.7559850128545125,-1.7411147784634653,-14.296199999999997
20,100,1,3.0,0.001,55.781583643840264,167.3447509315208,14368,5480,0.28193430656934304,0.011330770033171685,0.019917774048163406,0.19646130833502692,-0.018508342804362518,-0.009793385480352,-0.09659821021398832,-0.1047901934992209,-0.09570525036615564,-0.9439999999999996,-0.21638413807354692,-0.2068206681641499,-2.0399999999999996,-0.29116195460849736,-0.2812778294196039,-2.774416972488318,-1.3881205561039696,-1.3735325550430897,-13.547999999999998
20,100,1,0.75,0.002,111.56316728768053,83.6723754657604,13647,5169,0.5784484426388082,-0.04131921287523421,-0.03894551860214452,-0.34796195204676017,-0.0722485242304135,-0.06988460877630427,-0.6243898081379757,-0.1616827590540951,-0.15934711972883184,-1.4236999999999997,-0.277353887612258,-0.2750548196485246,-2.4575000000000005,-0.3548637781596969,-0.3525892162439692,-3.1502374691226485,-1.4919007374729678,-1.489985668805297,-13.3124
20,100,1,1.0,0.002,111.56316728768053,111.56316728768053,13137,4933,0.5181431177782283,-0.018317729222963215,-0.009662460185401196,-0.0952767091210422,-0.04506593202607182,-0.03641637611762945,-0.35908375382948987,-0.12241020339162503,-0.11377716738966874,-1.1218999999999997,-0.22244459373443118,-0.21383292400491724,-2.1085000000000003,-0.28947648616169236,-0.2808791337251715,-2.7696092929351956,-1.2728056923338946,-1.2644183684650256,-12.4678
20,100,1,1.3333333333333333,0.002,111.56316728768053,148.75088971690735,12577,4694,0.4486578610992757,0.0011535221416863152,0.0007970125032242673,0.008684193672375329,-0.021885658876468848,-0.022241476527322272,-0.24234160561030393,-0.08850503819795347,-0.0888588549189584,-0.9682000000000002,-0.17466822621149913,-0.17501945499943564,-1.9070000000000005,-0.2324051857743184,-0.2327546804181225,-2.5360790636606136,-1.0793817003537283,-1.0797057558444474,-11.764400000000002
20,100,1,2.0,0.002,111.56316728768053,223.12633457536106,11823,4319,0.36397314193100255,0.013421352209372548,0.031848452243303,0.3971416771348508,-0.005203472932676029,0.013325878035603379,0.16617013322733254,-0.05905843808776176,-0.04023342149768782,-0.5016999999999996,-0.12871257679907985,-0.10950515657782096,-1.3655000000000004,-0.17538701263269982,-0.15592334814402908,-1.9443224277695337,-0.8600810332679191,-0.8368583749192182,-10.4354
20,100,1,3.0,0.002,111.56316728768053,334.6895018630416,11011,3965,0.27364438839848676,0.019992770504000387,0.027268388236104467,0.385669541523428,0.004942753309658474,0.012276284034763291,0.17362921469006176,-0.03857540835913757,-0.03107441822454598,-0.4394999999999996,-0.0948602849830645,-0.08714270867293054,-1.2325000000000006,-0.13257613232523857,-0.124713424114261,-1.7638801634883547,-0.6858514895342964,-0.6758597583809676,-9.559000000000001
20,100,1,0.75,0.004,223.12633457536106,167.3447509315208,10194,3791,0.5813769453969929,-0.016468136579886137,-0.006441622468368638,-0.08434218614998415,-0.03192845190592586,-0.02192549088641729,-0.28707733848927575,-0.07663301889220839,-0.06669816326105966,-0.8732999999999994,-0.13445235088741028,-0.12460558039667805,-1.6315000000000006,-0.17319641909472147,-0.16340867344171353,-2.1395610844348925,-0.7415553368370298,-0.7326334603206702,-9.592600000000001
20,100,1,1.0,0.004,223.12633457536106,223.12633457536106,9490,3451,0.5215879455230368,-0.012855724597619246,0.02022016346767949,0.27889926552265965,-0.02622520784118845,0.006840120000174268,0.09434663805684801,-0.06488398980195864,-0.031849197575709975,-0.4392999999999992,-0.11488391373379696,-0.08188861521002622,-1.129500000000001,-0.14838828668878484,-0.11541945244001971,-1.5919950678936463,-0.6398831150180985,-0.6073025003703453,-8.376600000000002
20,100,1,1.3333333333333333,0.004,223.12633457536106,297.5017794338147,8790,3104,0.43427835051546393,-0.012326752854547693,-0.008347236621543576,-0.11988274311339636,-0.023892151190180743,-0.019905245903164566,-0.2858784996053925,-0.057334297337583544,-0.053326026091783094,-0.7658666666666665,-0.10058720595701076,-0.09655130072328423,-1.3866666666666674,-0.1295704816865669,-0.12551605923591475,-1.8026575941491005,-0.5547427464609964,-0.5504166843540454,-7.905066666666667
20,100,1,2.0,0.004,223.12633457536106,446.2526691507221,7769,2696,0.34940652818991097,-0.015601783112498602,0.01764832882874008,0.27227366556044275,-0.025052714610768797,0.008303031787162398,0.12809693891662216,-0.052380734210445215,-0.018719538502737304,-0.2887999999999995,-0.08772584421877898,-0.05366959099815281,-0.8280000000000012,-0.11141019520836548,-0.0770892184999691,-1.1893117076329383,-0.458849499306282,-0.4206451422000145,-6.489599999999999
20,100,1,3.0,0.004,223.12633457536106,669.3790037260832,6836,2286,0.2589676290463692,-0.02387980777329008,0.007359613628271235,0.11794718081274935,-0.0316456565615852,-0.00026853154328047857,-0.00430355995422943,-0.05410114340259074,-0.02232583888864601,-0.35779999999999923,-0.08314428902063008,-0.05085399299677628,-0.815000000000001,-0.10260576628006222,-0.06997038037886853,-1.121364452392025,-0.3880973180100414,-0.3503996111321431,-5.615600000000001
20,100,1,0.75,0.008,446.2526691507221,334.6895018630416,6529,2296,0.5679442508710801,-0.008890499824995636,-0.02027903036348701,-0.3229716854129163,-0.01661375027372615,-0.027988595688241278,-0.4457572063232321,-0.0389460610808407,-0.05028133501646873,-0.8007999999999998,-0.06782989510103833,-0.07911398866227608,-1.2600000000000011,-0.08718461949425776,-0.09843441767628884,-1.5677046293491208,-0.37111015231311223,-0.38185685194325214,-6.0816
20,100,1,1.0,0.008,446.2526691507221,446.2526691507221,5765,2001,0.496751624187906,-0.009576948621418608,-0.017978464904880927,-0.2878651317557702,-0.01626113278529213,-0.02466168717856909,-0.3948746384376247,-0.03558891183771883,-0.04398668485925037,-0.7043000000000008,-0.060586788992083626,-0.06898096468414315,-1.104500000000001,-0.07733757846137508,-0.08572934362440182,-1.3726694091148037,-0.3230644991129138,-0.3314209028455172,-5.3065999999999995
20,100,1,1.3333333333333333,0.008,446.2526691507221,595.0035588676294,5082,1711,0.418468731735827,-0.007557949148846023,-0.03044914555811525,-0.47988467787812317,-0.01334456858285266,-0.036254964787478666,-0.5713855604031869,-0.030076977376350914,-0.05304289111212355,-0.8359666666666675,-0.051718092911763006,-0.07475581109127187,-1.1781666666666681,-0.06621955509496301,-0.0893053886049281,-1.407470944025703,-0.2789498060335892,-0.30274147087232883,-4.7712666666666665
20,100,1,2.0,0.008,446.2526691507221,892.5053383014442,4241,1393,0.3280689160086145,-0.025112151607799865,-0.01936010074361276,-0.3039980652352763,-0.029867503107119105,-0.024104302861367326,-0.3784929392022056,-0.04361792961275336,-0.03782249016201108,-0.5939000000000011,-0.06140225297839162,-0.05556511646128073,-0.8725000000000005,-0.07331932316447312,-0.06745424592359942,-1.0591866501234,-0.2481376483175936,-0.2418626926036124,-3.7977999999999996
20,100,1,3.0,0.008,446.2526691507221,1338.7580074521663,3488,1143,0.2510936132983377,-0.026124613024261438,-0.004097999518253689,-0.06502640959362582,-0.030027741810221102,-0.007950153434639853,-0.1261517799771149,-0.04131390762173829,-0.019088921898599214,-0.3029000000000009,-0.05591104191920818,-0.03349541759361328,-0.5315000000000006,-0.0656924134317567,-0.043149044375089735,-0.6846822261960124,-0.2091809520426421,-0.1847636223912611,-2.931799999999999
20,100,1,0.75,0.015,836.7237546576039,627.5428159932029,3566,1190,0.5714285714285714,-0.0018126983257878396,-0.007070462846804165,-0.10934508085425614,-0.005932047382261274,-0.01118547222364407,-0.17298391791143136,-0.017843429003619994,-0.023084305362337073,-0.35699999999999976,-0.03324919568285477,-0.03847384227056188,-0.5950000000000011,-0.04357242243780448,-0.04878619364294836,-0.7544810578943615,-0.19500974581481864,-0.20006397980692137,-3.0939999999999994
20,100,1,1.0,0.015,836.7237546576039,836.7237546576039,3013,990,0.501010101010101,0.004162503348623827,-0.004103507145723699,-0.06096775634093615,0.0005977053917295622,-0.007666914311361002,-0.11391099053135839,-0.009710153516434852,-0.017970751650779954,-0.2670000000000001,-0.023041979693248834,-0.03129737647045948,-0.4650000000000004,-0.03197548281233291,-0.04022739422005495,-0.5976775187524511,-0.16302615454979524,-0.17122693707709424,-2.543999999999999
20,100,1,1.3333333333333333,0.015,836.7237546576039,1115.6316728768052,2534,835,0.437125748502994,0.007439490734467919,0.011945696121682186,0.17327467015688625,0.004357964830275739,0.008867203402293612,0.1286205281881958,-0.004552479639889816,-3.447040502487219e-05,-0.0005000000000014992,-0.01607693858842179,-0.01154758568329765,-0.16750000000000134,-0.023799345751329314,-0.019262391583460044,-0.2794047759174716,-0.1370837575480075,-0.1324352961051618,-1.9209999999999996
20,100,1,2.0,0.015,836.7237546576039,1673.4475093152078,1967,626,0.3562300319488818,-0.005050548016433577,0.04351386916828387,0.5874789742733071,-0.007571526440320301,0.041034250026921716,0.5540017373003728,-0.014861109249268678,0.03386426043306194,0.4571999999999996,-0.024289202103102422,0.024590845283850752,0.3319999999999997,-0.030606858499134585,0.018376836635574365,0.24810492248582405,-0.1232841770683565,-0.07278001378286672,-0.9825999999999991
20,100,1,3.0,0.015,836.7237546576039,2510.1712639728116,1496,464,0.2607758620689655,-0.044744858917599745,0.02103242418076577,0.2573646071290964,-0.04685372911800404,0.019004583816145233,0.23255080847823228,-0.05295167260435499,0.01314094368294659,0.16079999999999975,-0.06083854060675595,0.005557115487813219,0.0679999999999997,-0.06612343998699154,0.0004752795909689419,0.005815789190770582,-0.14365065463196577,-0.07407308056108707,-0.9063999999999994
20,100,1,0.75,0.025,1394.5395910960067,1045.904693322005,1932,601,0.5457570715474209,-0.011550647968974455,-0.055731162988139224,-0.7302238601625273,-0.014017512850383242,-0.058184130700539946,-0.7623641467771186,-0.021150622622814804,-0.06527705585126484,-0.8553000000000004,-0.030376338693769895,-0.07445079853023362,-0.9754999999999998,-0.03655838473926958,-0.08059801780457222,-1.056044635121437,-0.12724635743879892,-0.17077509665940616,-2.2375999999999987
20,100,1,1.0,0.025,1394.5395910960067,1394.5395910960067,1582,491,0.48676171079429736,0.002644864149383206,-0.03013188615225237,-0.37011633168020164,0.0005063770403797828,-0.03226957668654735,-0.3963740367180791,-0.005677205777800183,-0.03845085615407355,-0.4723000000000005,-0.013674836713222976,-0.04644550801587752,-0.5705000000000002,-0.019033957058726698,-0.051802632118472504,-0.6363026885933872,-0.09764996153516245,-0.1303893525648192,-1.6015999999999992
20,100,1,1.3333333333333333,0.025,1394.5395910960067,1859.386121461342,1276,379,0.39577836411609496,-0.03799528748127385,-0.07018749232849507,-0.7598250299527428,-0.03985754308041376,-0.07205972842246708,-0.780093197385238,-0.0452423834553777,-0.0774734280858977,-0.838700000000001,-0.05220694869715131,-0.08447531892757051,-0.9145000000000004,-0.05687382362375785,-0.08916720530862438,-0.9652927066739184,-0.12533488373577467,-0.1579951727651356,-1.7103999999999997
20,100,1,2.0,0.025,1394.5395910960067,2789.0791821920134,920,283,0.31802120141342755,-0.053551477628421836,-0.03544721531439639,-0.3510039141863487,-0.055092668353076774,-0.03697559716774022,-0.36613819224280286,-0.059549127521987225,-0.041395018602719,-0.4099000000000002,-0.06531295680344203,-0.04711094456737839,-0.4664999999999999,-0.06917523239726099,-0.05094112070052853,-0.504427007885802,-0.1258331642587178,-0.10712816719630223,-1.0608
20,100,1,3.0,0.025,1394.5395910960067,4183.61877328802,689,189,0.24867724867724866,-0.033728037506996045,-0.005172234935535856,-0.042366571665087505,-0.034985492440423364,-0.006406169128348828,-0.052473916374168594,-0.038621510019505395,-0.009974174865357332,-0.08169999999999933,-0.04332420868583734,-0.014588909380785879,-0.11949999999999952,-0.0464754328802282,-0.01768118981113112,-0.14482934448910412,-0.09270254468232272,-0.06304362179278541,-0.5164
20,100,1,0.75,0.04,2231.2633457536103,1673.4475093152078,951,284,0.5809859154929577,-0.014157329728218808,0.01668056032571654,0.16390419919108498,-0.01569783479387214,0.01513489961292602,0.1487164431202967,-0.020152311332537153,0.010665515165337926,0.1047999999999995,-0.02591357634899376,0.0048849687780173415,0.04799999999999949,-0.029774133658381365,0.001011491244163134,0.009938974418488608,-0.08640685902178764,-0.055810768288848685,-0.5483999999999996
20,100,1,1.0,0.04,2231.2633457536103,2231.2633457536103,760,229,0.5414847161572053,-0.06818956159012625,0.08077443649175323,0.7389579634322481,-0.06952853293325083,0.0794357929136942,0.7267114981498173,-0.07340026082748159,0.07556501277473367,0.6912999999999999,-0.0784078190167891,0.07055868037912713,0.6455,-0.08176332606510141,0.06720399472105093,0.6148099476825138,-0.1309871800045182,0.017992190225258473,0.16460000000000025
20,100,1,1.3333333333333333,0.04,2231.2633457536103,2975.0177943381473,610,169,0.44970414201183434,-0.0636687284694626,0.04038185600697603,0.31780449411957723,-0.0648381629414129,0.0392334691341638,0.3087667096971721,-0.06821966329149463,0.03591282936717671,0.2826333333333325,-0.07259317822662983,0.03161802939332165,0.24883333333333277,-0.07552382019542031,0.028740133413174312,0.22618434275841984,-0.11851508504554967,-0.013477370332156725,-0.10606666666666688
20,100,1,2.0,0.04,2231.2633457536103,4462.526691507221,431,121,0.35537190082644626,-0.03482205916339837,0.0442616263687431,0.3088817186694417,-0.035778004241216396,0.043334378580013044,0.3024108789350564,-0.03854218529867173,0.0406531777112088,0.28369999999999995,-0.0421172809327463,0.03718540576686177,0.25949999999999995,-0.044512911326845914,0.03486169174072379,0.24328385881914502,-0.07965578509052929,0.0007738003512179431,0.005400000000000071
20,100,1,3.0,0.04,2231.2633457536103,6693.790037260831,308,73,0.2465753424657534,-0.04754006479466541,-0.00921416400988839,-0.04670772344736193,-0.04833237726111027,-0.009984296368729039,-0.05061161849372645,-0.05062340334843687,-0.012211187146701044,-0.06190000000000018,-0.05358653680174715,-0.015091370221690303,-0.0765000000000002,-0.055572098389209665,-0.017021347716348757,-0.08628329178679697,-0.08469943806150478,-0.045333292509077416,-0.2298
20,200,0,0.75,0.001,55.781583643840264,41.8361877328802,16370,6960,0.5798850574712644,-0.13366597262187505,-0.0892403408152965,-0.5365308930635431,-0.1951906536521056,-0.1511489432039138,-0.9087378728265247,-0.373093507922683,-0.33016193253458015,-1.9849999999999997,-0.603186871697369,-0.5616911063825072,-3.3769999999999993,-0.7573697837530791,-0.7168361382256793,-4.309763162138449,-3.0191671913315705,-2.9927474317857423,-17.992999999999995
20,200,0,1.0,0.001,55.781583643840264,55.781583643840264,16192,6865,0.5163874726875455,-0.09176027184236771,-0.05913914382281226,-0.4058016639197156,-0.14523663518707686,-0.1126420070692132,-0.7729282323209902,-0.29986722433811464,-0.2673492225118451,-1.8344999999999994,-0.4998610498790467,-0.4674421538330572,-3.2074999999999996,-0.6338746081547114,-0.6015221217502447,-4.12753148104604,-2.599796218058835,-2.5684179327057834,-17.624
20,200,0,1.3333333333333333,0.001,55.781583643840264,74.37544485845368,16013,6767,0.45529776858282844,-0.06781892039787119,-0.02540715764106303,-0.19979677490818892,-0.11405626718288371,-0.07142635698223805,-0.561682497904755,-0.24775474118082996,-0.20449404261589443,-1.6080999999999999,-0.4206756970579143,-0.3765991587631187,-2.961499999999999,-0.53654803729061,-0.4919248141924938,-3.8683977468665054,-2.236345733767299,-2.1837028783089747,-17.172199999999997
20,200,0,2.0,0.001,55.781583643840264,111.56316728768053,15712,6585,0.35671981776765377,-0.03902592628006198,-0.01511768213584472,-0.1430734096010671,-0.07651369650443342,-0.05232748209385951,-0.4952261339888887,-0.18491216702845423,-0.1599221824404632,-1.5134999999999992,-0.32511097841440584,-0.2990814254362281,-2.8305,-0.41905658663021905,-0.3923304308511148,-3.713006526247367,-1.797198497966897,-1.7602534768917593,-16.659
20,200,0,3.0,0.001,55.781583643840264,167.3447509315208,15364,6406,0.26912269747112083,-0.013970585402957907,-0.008677845028434458,-0.09862570416164557,-0.04419799210091545,-0.03882067201276559,-0.44120586398372436,-0.13160262124676825,-0.12598073308909635,-1.431799999999999,-0.24464872841636176,-0.23871052442430404,-2.712999999999999,-0.3203996223753789,-0.314249458787117,-3.571517358715358,-1.4316328536970928,-1.4223733334439845,-16.165599999999998
20,200,0,0.75,0.002,111.56316728768053,83.6723754657604,14318,5896,0.5870081411126187,-0.051888370448600535,-0.02167641359684434,-0.22026352665267904,-0.08276807178733483,-0.05270611444724898,-0.5355698991645396,-0.17205885583031852,-0.14243063241324538,-1.4472999999999998,-0.28754445013833,-0.25847720309085126,-2.6265,-0.3649300163223664,-0.3362386730768905,-3.4166683339034893,-1.5001431903724503,-1.476966195205713,-15.0081
20,200,0,1.0,0.002,111.56316728768053,111.56316728768053,13950,5673,0.5120747399964746,-0.030318686821847542,-0.021798267640753707,-0.2472728098203269,-0.05706000104023209,-0.048542717797608395,-0.5506535851357583,-0.13438435358842987,-0.12587613812795984,-1.4278999999999997,-0.2343929816256984,-0.2258964941192641,-2.5625000000000004,-0.30140761102883795,-0.2929189822892799,-3.3227823877602605,-1.284483576017017,-1.276110232027958,-14.4758
20,200,0,1.3333333333333333,0.002,111.56316728768053,148.75088971690735,13469,5450,0.438348623853211,-0.016696437136304167,-0.01997620803084892,-0.2521154263213083,-0.039781701125126565,-0.043069476676589294,-0.5435706044403117,-0.10653433253142804,-0.10984525409989271,-1.3863333333333336,-0.1928698641566105,-0.196210721978385,-2.4763333333333337,-0.2507223091879389,-0.2540832269481471,-3.2067297749503654,-1.099392946221027,-1.103048134702553,-13.921333333333333
20,200,0,2.0,0.002,111.56316728768053,223.12633457536106,12817,5071,0.3403667915598501,-0.011604956474658928,-0.01747487205096366,-0.251957063035233,-0.030378039341306572,-0.03628346688272412,-0.5231440737217403,-0.08466170192207868,-0.09066981475740656,-1.3072999999999997,-0.15487030297253213,-0.16101122539533344,-2.3215000000000003,-0.20191627763139539,-0.20814619422860328,-3.001103734943113,-0.8920606140022929,-0.8995960370935651,-12.9706
20,200,0,3.0,0.002,111.56316728768053,334.6895018630416,12061,4706,0.2547811304717382,-0.0007135439121828259,-0.015385353503936923,-0.2524184457984235,-0.015930651116413702,-0.030724937686017608,-0.5040859812531073,-0.059931965061362766,-0.07508040225112524,-1.2317999999999996,-0.11684173403393272,-0.13244821731749903,-2.173000000000001,-0.15497631453926516,-0.17088972923293314,-2.8036872760091285,-0.7143943082459165,-0.7348102755144226,-12.055599999999998
20,200,0,0.75,0.004,223.12633457536106,167.3447509315208,10677,4116,0.5794460641399417,-0.006131458706036796,-0.010348562604443978,-0.1472053384841295,-0.021617439812541755,-0.025822723581431038,-0.3673208454818936,-0.06639622117142058,-0.07056732622139786,-1.0037999999999994,-0.12431153945476343,-0.1284384389385276,-1.8270000000000006,-0.1631199269678564,-0.16721720481101343,-2.378616835540495,-0.732422381429863,-0.736085122468389,-10.4706
20,200,0,1.0,0.004,223.12633457536106,223.12633457536106,9992,3782,0.5097831835007932,-0.0017549893136748563,-0.0034054903594910053,-0.051515206546885406,-0.015126833943354338,-0.01677578591356585,-0.2537690567571721,-0.053792444014762755,-0.05543691672613157,-0.8385999999999991,-0.10380119918740055,-0.10543987858118292,-1.595000000000001,-0.1373114898550994,-0.13894628721351454,-2.101854925173506,-0.6288931285000963,-0.6304709780592209,-9.537200000000002
20,200,0,1.3333333333333333,0.004,223.12633457536106,297.5017794338147,9311,3441,0.43621040395233945,0.010571450965451966,-0.004447743883745417,-0.07084853491834092,-0.0009609311292388118,-0.016000054116721747,-0.25486638224081476,-0.03430760854112668,-0.04940435511351784,-0.7869666666666663,-0.07743704121869782,-0.09260831613150636,-1.4751666666666674,-0.1063375771422384,-0.12155879263728586,-1.9363215576032178,-0.5302960843331945,-0.5462499068203852,-8.701266666666667
20,200,0,2.0,0.004,223.12633457536106,446.2526691507221,8272,2997,0.339673006339673,0.010501837619194753,-0.0027815260100776925,-0.04738420783210434,0.001133881381088399,-0.012189833808027977,-0.207657816790387,-0.025954209536800374,-0.03939460404144182,-0.6710999999999994,-0.060989004133473634,-0.07458030760639538,-1.2705000000000013,-0.08446541634099064,-0.09815784217486652,-1.6721510340415118,-0.4288543473985415,-0.44403019503840646,-7.5642
20,200,0,3.0,0.004,223.12633457536106,669.3790037260832,7303,2575,0.2551456310679612,0.001977973527087098,-0.001369827690851577,-0.024608053108998253,-0.005674152978014373,-0.009035340124780975,-0.16231394001843424,-0.02780080400166102,-0.031200697483928782,-0.5604999999999991,-0.0564186448113209,-0.05986859972161552,-1.0755000000000012,-0.07559513021878703,-0.07907863071522211,-1.4205955664520842,-0.356905973312748,-0.36088157321732495,-6.4830000000000005
20,200,0,0.75,0.008,446.2526691507221,334.6895018630416,6453,2314,0.5665514261019879,0.005721235048594376,-0.02308137925883726,-0.3706256446191151,-0.0020196714859033273,-0.030788016538390542,-0.49437376978743863,-0.02440303608152407,-0.053072289222176036,-0.8522,-0.05335290129598778,-0.08189399240455476,-1.3150000000000013,-0.07275187243170966,-0.10120708363918925,-1.6251169478718928,-0.3573264860478556,-0.38452187581953023,-6.174399999999999
20,200,0,1.0,0.008,446.2526691507221,446.2526691507221,5736,2019,0.4868746904408123,0.010831127501041643,-0.037740105950776114,-0.6095190909619691,0.0041452935624319035,-0.04442550591120755,-0.7174912019018314,-0.015187255927314677,-0.06375680052315034,-1.0297000000000005,-0.04019130299938037,-0.08875922457991262,-1.4335000000000009,-0.05694622685943676,-0.10551306087611366,-1.7040817276375755,-0.3027337972560698,-0.35128467717591616,-5.673399999999999
20,200,0,1.3333333333333333,0.008,446.2526691507221,595.0035588676294,5064,1761,0.4179443498012493,0.0003134673869886475,-0.03151764320262367,-0.51114567567312,-0.005466875107687356,-0.037324534189208315,-0.6053204589148717,-0.022181133698627807,-0.05411555957370283,-0.8776333333333339,-0.04379877439336438,-0.07583248776906706,-1.2298333333333349,-0.05828450635629199,-0.09038475114222905,-1.465838495477847,-0.27078400168809785,-0.30386023382039096,-4.927933333333334
20,200,0,2.0,0.008,446.2526691507221,892.5053383014442,4237,1405,0.3195729537366548,-0.010297969717531826,-0.03770600089287925,-0.5931007047060756,-0.015027885828036111,-0.042482763197335786,-0.66823731484501,-0.028704764154404927,-0.05629510052123632,-0.8855000000000011,-0.046393962863184354,-0.07415949718579572,-1.1665000000000005,-0.05824729111267896,-0.08613022356692361,-1.3547948624719144,-0.23213054930536878,-0.2617356621636697,-4.116999999999999
20,200,0,3.0,0.008,446.2526691507221,1338.7580074521663,3464,1099,0.2656960873521383,0.011908523970361117,0.029021287854927618,0.4510166017993046,0.008089915237894103,0.02523950038850941,0.39224426404650103,-0.002951855015488356,0.01430420136290498,0.22229999999999916,-0.017232896598800413,0.0001608659622458573,0.0024999999999994055,-0.026802458025438916,-0.00931642013797212,-0.14478544758479236,-0.16718383322357716,-0.14834415574467497,-2.305399999999999
20,200,0,0.75,0.015,836.7237546576039,627.5428159932029,3430,1148,0.5609756097560976,0.009444715268189482,-0.02810442041378031,-0.42048584270645895,0.005318176325812199,-0.032207787935237514,-0.4818786031616162,-0.006613995346023116,-0.044072957846963606,-0.6594,-0.02204665115341053,-0.05941895590832679,-0.8890000000000009,-0.03238789600333355,-0.06970213240106206,-1.0428523146745603,-0.18408953713097734,-0.22055193555263952,-3.2997999999999994
20,200,0,1.0,0.015,836.7237546576039,836.7237546576039,2936,944,0.4936440677966102,0.00545404335662676,-0.018829180416815867,-0.2667409717028725,0.0018892105661178628,-0.0223927804594436,-0.31722421723394184,-0.008418749065843318,-0.03269717551596961,-0.4631999999999997,-0.021750705515312576,-0.04602452166755659,-0.6520000000000005,-0.030684295928602032,-0.054955022773352444,-0.778512704749812,-0.16173624823473948,-0.1859616562592193,-2.6343999999999994
20,200,0,1.3333333333333333,0.015,836.7237546576039,1115.6316728768052,2461,787,0.4243964421855146,0.012141399481250606,-0.013750090480911909,-0.1873147719599168,0.009061762210216694,-0.01683955728933338,-0.2294019692405867,0.00015677885295571525,-0.02577296343120901,-0.3511000000000014,-0.01136061688209764,-0.03732712020726222,-0.5085000000000014,-0.019078291067031617,-0.045069427542229604,-0.6139719265234134,-0.1322932721001579,-0.15864576635582078,-2.1611999999999996
20,200,0,2.0,0.015,836.7237546576039,1673.4475093152078,1902,602,0.3338870431893688,0.04294184833706148,-0.003153050818248537,-0.040315746785094586,0.04046044880738117,-0.00567089022345234,-0.07250951141401857,0.03328531109802998,-0.012951396343599538,-0.1656000000000003,0.024005237555307434,-0.02236774972384942,-0.2860000000000003,0.01778676719425348,-0.028677539633888822,-0.36667865281714673,-0.07343553464327895,-0.12123946021647315,-1.5501999999999994
20,200,0,3.0,0.015,836.7237546576039,2510.1712639728116,1443,442,0.26018099547511314,0.009591359988448109,0.01969251727308893,0.22938611282556132,0.007549036675053766,0.017663285490277802,0.20574883049004028,0.0016435180975954658,0.011795621975511773,0.13739999999999974,-0.005994474220698603,0.004206590078603145,0.048999999999999516,-0.011112604872423505,-0.0008787327588465006,-0.010235821503619402,-0.08619339356278635,-0.07547824483893718,-0.8792
20,200,0,0.75,0.025,1394.5395910960067,1045.904693322005,1853,560,0.5625,0.010107682663870736,-0.022212186943283387,-0.27020650863729667,0.007632925972640736,-0.02467402122080518,-0.3001541966642036,0.0004769964883627603,-0.031792584655487115,-0.3867500000000007,-0.008778233804163633,-0.040999486999157495,-0.4987499999999997,-0.014980056989491553,-0.04716892618276517,-0.5737999095973455,-0.10595815187569137,-0.1376719616076972,-1.6747499999999982
20,200,0,1.0,0.025,1394.5395910960067,1394.5395910960067,1536,470,0.5234042553191489,0.043232993764351565,0.043134415538760205,0.506813287393697,0.0410922164110656,0.040995227032018966,0.4816786206568284,0.03490201119374407,0.03480961607395359,0.40899999999999925,0.02689581507761643,0.026809362012947167,0.3149999999999998,0.0215309553032057,0.021448483941212074,0.25201168301651344,-0.05716924414172418,-0.05719330562762059,-0.671999999999999
20,200,0,1.3333333333333333,0.025,1394.5395910960067,1859.386121461342,1220,365,0.4328767123287671,0.011930979717145044,0.005502493006491679,0.05812804942985651,0.010083029734621902,0.0036547486385493295,0.03860857419803383,0.004739555035767321,-0.001688131511578025,-0.017833333333334103,-0.0021715092793357,-0.008598426858037266,-0.09083333333333367,-0.006802533851388638,-0.013228936153061643,-0.13974979226731815,-0.07473768458791791,-0.08115652799585968,-0.8573333333333332
20,200,0,2.0,0.025,1394.5395910960067,2789.0791821920134,882,264,0.3181818181818182,-0.00019354719186412801,-0.03509373102064933,-0.3242580683575833,-0.0017039966512500877,-0.036621712013856694,-0.3383762641416961,-0.006071565333551476,-0.04103997433413138,-0.3792000000000003,-0.011720426751475914,-0.04675440114014962,-0.4319999999999999,-0.015505663704539915,-0.05058357270436684,-0.46738067166732056,-0.0710334716396827,-0.10675588260334168,-0.9864
20,200,0,3.0,0.025,1394.5395910960067,4183.61877328802,650,198,0.22727272727272727,0.03444599006736938,-0.05628257687789343,-0.46819355126818685,0.033236862678132674,-0.05755546141054692,-0.4787821981062718,0.02974058752286219,-0.06123609473889607,-0.5093999999999994,0.025218626846871452,-0.06599649786347458,-0.5489999999999996,0.022188513097444115,-0.06918638915049731,-0.5755355037504901,-0.02226196025103127,-0.11598073067154889,-0.9648000000000001
20,200,0,0.75,0.04,2231.2633457536103,1673.4475093152078,908,266,0.5639097744360902,0.019979412754502074,-0.017775498390427056,-0.1644418416027162,0.01843103700763723,-0.019313179802208844,-0.1786669934154968,0.013953801851956457,-0.0237594915511536,-0.21980000000000038,0.008163101631857487,-0.029510196512579315,-0.2730000000000005,0.0042828201316454095,-0.03336367765075793,-0.3086487070587396,-0.05263925067918137,-0.08989259860754908,-0.8315999999999996
20,200,0,1.0,0.04,2231.2633457536103,2231.2633457536103,708,203,0.5123152709359606,0.011819951851497328,0.022285060873208445,0.1813470156189799,0.010483812717128735,0.02095100283784519,0.17049097870922675,0.0066202743496561875,0.017093482111535004,0.13909999999999986,0.0016233082094039687,0.012104298979052472,0.09849999999999996,-0.0017251012288721792,0.00876110484461125,0.07129440777096215,-0.050844836263244424,-0.04028212391201418,-0.3277999999999996
20,200,0,1.3333333333333333,0.04,2231.2633457536103,2975.0177943381473,563,161,0.453416149068323,-0.0030126614947093597,0.04777983267980578,0.3585395871001099,-0.004169637613543264,0.04663244902208859,0.34992962679237516,-0.007515113777204114,0.043314710120670535,0.3250333333333325,-0.01184203628264047,0.03902366202544261,0.2928333333333327,-0.01474145720110219,0.03614828013593622,0.2712564843240962,-0.057274722589722285,-0.006032342974450933,-0.0452666666666669
20,200,0,2.0,0.04,2231.2633457536103,4462.526691507221,414,108,0.3888888888888889,-0.001622378396942773,0.11186832510774744,0.7100762447628074,-0.0025666026239634814,0.11095840936098805,0.7043006192147612,-0.005296892033767659,0.10832732528572558,0.6876,-0.008828153389612795,0.10492437265894886,0.6659999999999999,-0.011194410938905395,0.10264409331070207,0.6515260888633692,-0.04590639762598637,0.06919337007779332,0.43920000000000003
20,200,0,3.0,0.04,2231.2633457536103,6693.790037260831,298,71,0.28169014084507044,-0.03691275197643684,0.06868466273992836,0.35347604979777125,-0.03769984344287055,0.06794687166179508,0.34967911078007424,-0.039975772648936196,0.06581349792531377,0.3386999999999999,-0.04291938032113367,0.06305426653901479,0.3244999999999997,-0.04489185790763783,0.06120533737740862,0.3149847436046221,-0.0738272608792066,0.03408233698287581,0.17539999999999994
20,200,1,0.75,0.001,55.781583643840264,41.8361877328802,9885,4057,0.5753019472516638,-0.12088663801233783,-0.09837660823132185,-0.34528402775270034,-0.18250793838966553,-0.16019185923564475,-0.5622443319047717,-0.36069017415948046,-0.3389349166066812,-1.1896,-0.5911448802476416,-0.5701149698469813,-2.0009999999999994,-0.7455699236244232,-0.7250260599933587,-2.5447097914936325,-3.010919294173334,-2.997505528870133,-10.520699999999998
20,200,1,1.0,0.001,55.781583643840264,55.781583643840264,9730,3980,0.5092964824120603,-0.08571735188371095,-0.07329711985958241,-0.2917087578150718,-0.1391936347927407,-0.1267776602938788,-0.5045512548634437,-0.2938239913584694,-0.2814203277872611,-1.1199999999999997,-0.493817516081653,-0.48142977503606454,-1.9159999999999995,-0.6278308727828099,-0.6154538012381888,-2.449390428923997,-2.59374952567508,-2.5815289711485003,-10.273999999999997
20,200,1,1.3333333333333333,0.001,55.781583643840264,74.37544485845368,9579,3925,0.45452229299363056,-0.06261388683183337,-0.026966589144186523,-0.12298832690724225,-0.1088192926295587,-0.0729898153512719,-0.33288953316725717,-0.2424254070620191,-0.2060691449451606,-0.9398333333333333,-0.4152269082896174,-0.37818932098554126,-1.7248333333333332,-0.5310192033379836,-0.49352506787580835,-2.250852788993306,-2.2296426711794006,-2.1854511694095375,-9.96733333333333
20,200,1,2.0,0.001,55.781583643840264,111.56316728768053,9352,3803,0.3539311070207731,-0.03566452134620489,-0.02097455195166149,-0.1144448256207833,-0.07311125878400512,-0.058247876374227486,-0.3178217141320795,-0.18139108017848213,-0.1660262620869384,-0.9058999999999995,-0.3214364349072171,-0.30542307734615637,-1.6665,-0.41527921358507286,-0.3988312771976053,-2.1761692967834074,-1.7919126595589332,-1.7690896375679435,-9.6528
20,200,1,3.0,0.001,55.781583643840264,167.3447509315208,9151,3708,0.26941747572815533,-0.014074361643484141,-0.008010014776382917,-0.05271559647695623,-0.044302747477419184,-0.038140712676523573,-0.25101207362654543,-0.1317102078624138,-0.1252657016702195,-0.8243999999999995,-0.24475997685823517,-0.2379501319936485,-1.5659999999999996,-0.32051332456481807,-0.31345867046509335,-2.062937615691,-1.4317825513143592,-1.4211366503896528,-9.352799999999998
20,200,1,0.75,0.002,111.56316728768053,83.6723754657604,8567,3461,0.5868246171626698,-0.049870023247586694,-0.02204635044650086,-0.13151960070300567,-0.0807582004993635,-0.05307215823160936,-0.31660700831215594,-0.17007349322890294,-0.1427854191310685,-0.8518,-0.28559078621962775,-0.25881743031036597,-1.544,-0.3629975933257355,-0.33656914414433525,-2.0078352448507424,-1.4985223626222381,-1.477153547692989,-8.8121
20,200,1,1.0,0.002,111.56316728768053,111.56316728768053,8298,3332,0.514405762304922,-0.024737455648781746,-0.01713632962831532,-0.11416622639191404,-0.05148086768284321,-0.043882427363439086,-0.29235497015200884,-0.12881128620961105,-0.12122061177987424,-0.8075999999999997,-0.22882775977257105,-0.22124712947441155,-1.4740000000000004,-0.2958476463720847,-0.2882737465307721,-1.920546962104211,-1.2790007321836503,-1.2715255652670518,-8.471199999999998
20,200,1,1.3333333333333333,0.002,111.56316728768053,148.75088971690735,8010,3194,0.4364433312460864,-0.020020295705256885,-0.02382574507222375,-0.17615253914438994,-0.043114366133266226,-0.046928712621258466,-0.34696131692642607,-0.10989246196524344,-0.11373253509169524,-0.8408666666666669,-0.1962609283928738,-0.2001342754586677,-1.479666666666667,-0.25413544265586574,-0.25803108620504867,-1.90771918676296,-1.1031298258829927,-1.1073525493118785,-8.187066666666668
20,200,1,2.0,0.002,111.56316728768053,223.12633457536106,7631,2994,0.33400133600534404,0.0009535524984466046,-0.031049069600381642,-0.2631085479644029,-0.0177430557548329,-0.04994380012261202,-0.4232217228796865,-0.07180558672192389,-0.10457921528106688,-0.8861999999999998,-0.14172818383479338,-0.17524276088059626,-1.4850000000000003,-0.1885825105502623,-0.22259358864017334,-1.886248980954384,-0.8759154535199225,-0.9172099896756539,-7.7724
20,200,1,3.0,0.002,111.56316728768053,334.6895018630416,7249,2822,0.2469879518072289,-0.005197407019022531,-0.03361155250820352,-0.3273040488829474,-0.020451377289606183,-0.0491093320202508,-0.4782190053328237,-0.06455928333079221,-0.09392222928166946,-0.9145999999999999,-0.12160691481307578,-0.15188167188671461,-1.4790000000000003,-0.15983387539779104,-0.19071962659940406,-1.8571979372923422,-0.7206070453770527,-0.7604558192396882,-7.4052
20,200,1,0.75,0.004,223.12633457536106,167.3447509315208,6602,2584,0.5727554179566563,0.0011577919590303903,-0.023848892665966844,-0.21343503271209685,-0.014346840993683972,-0.0392897104048003,-0.3516222217505377,-0.059179555450995895,-0.08393789877428544,-0.7511999999999998,-0.11716462892791418,-0.14168431262752126,-1.2680000000000002,-0.15601975859254089,-0.18037951922802384,-1.614301725713469,-0.7260079004355556,-0.7480216580864971,-6.6944
20,200,1,1.0,0.004,223.12633457536106,223.12633457536106,6210,2386,0.5004191114836547,0.014718772472781498,-0.022128801774402136,-0.2112414814439102,0.0013408445508039683,-0.035495508103831494,-0.3388400236442656,-0.03734235577942518,-0.07414626042603602,-0.7077999999999997,-0.08737386158098531,-0.12413579910264591,-1.1850000000000007,-0.12089939718300471,-0.15763321301775843,-1.5047662219629787,-0.6127046724973655,-0.6490259552070488,-6.195600000000001
20,200,1,1.3333333333333333,0.004,223.12633457536106,297.5017794338147,5824,2204,0.42740471869328495,0.012321805327769355,-0.022254225742027796,-0.22651811613678874,0.0007920681611191089,-0.0338339018360606,-0.34438365972839935,-0.032546961259103085,-0.06731733310561876,-0.6851999999999999,-0.0756665022902716,-0.11062363846603437,-1.1260000000000003,-0.10456040993552386,-0.13964269473651886,-1.4213750013438418,-0.5284216831175403,-0.5653398447503978,-5.7544
20,200,1,2.0,0.004,223.12633457536106,446.2526691507221,5299,1967,0.33706151499745807,0.010350356820910601,-0.008309683497041956,-0.09274098658850477,0.0009822582369096288,-0.01773492320137782,-0.19793224078301355,-0.02610624428394113,-0.04498865320871967,-0.5020999999999995,-0.06114157123356877,-0.08023767964231933,-0.8955000000000009,-0.084618340164667,-0.10385764613549883,-1.1591128074606787,-0.42901250420465753,-0.45035245719511446,-5.0262
20,200,1,3.0,0.004,223.12633457536106,669.3790037260832,4811,1744,0.24254587155963303,-0.006396602205558868,-0.030780590826253503,-0.36825026975615255,-0.014084563386899372,-0.0385763000543841,-0.46151592675423303,-0.03631483284591281,-0.06111813041456843,-0.7311999999999992,-0.06506669013574864,-0.09027294973705421,-1.0800000000000012,-0.08433297844251622,-0.10980925825919267,-1.3137268613174504,-0.36696119167902364,-0.3963985526231532,-4.7424
20,200,1,0.75,0.008,446.2526691507221,334.6895018630416,4459,1664,0.5528846153846154,-0.004657730666523118,-0.050482653882509915,-0.5848993399508245,-0.012385648672316093,-0.05816315650489586,-0.673886755802203,-0.034731456042273005,-0.08037185902679521,-0.9312,-0.06363274604740426,-0.1090958223903235,-1.2640000000000013,-0.08299916749500945,-0.1283434192984509,-1.4870054456606867,-0.3670962911012814,-0.41069743770736933,-4.7584
20,200,1,1.0,0.008,446.2526691507221,446.2526691507221,4053,1492,0.4792225201072386,0.003071236878540764,-0.0530688493960252,-0.63309484086937,-0.003613398502202202,-0.05975713782638297,-0.7128840382553405,-0.022942482279296003,-0.07909678464813429,-0.9436000000000004,-0.04794204691916334,-0.10411001116255066,-1.2420000000000009,-0.06469396715304775,-0.12087108606116571,-1.4419544019986443,-0.31043747563777013,-0.366748889563922,-4.375199999999999
20,200,1,1.3333333333333333,0.008,446.2526691507221,595.0035588676294,3630,1338,0.40433482810164423,-0.012016621699295202,-0.05939365530599292,-0.7282776343274472,-0.017806729740489864,-0.06522910686306484,-0.7998312175060184,-0.03454922608203858,-0.08210271710495642,-1.006733333333334,-0.0562033885012271,-0.10392645768235499,-1.2743333333333347,-0.07071359325092666,-0.11855029480208443,-1.4536490101927084,-0.2835720939027059,-0.3330757337450393,-4.084133333333334
20,200,1,2.0,0.008,446.2526691507221,892.5053383014442,3141,1117,0.3160250671441361,-0.006766675012196952,-0.04544283740411819,-0.5666373574068942,-0.011490504791377403,-0.050233423872974074,-0.6263722994177054,-0.02514978407137305,-0.06408573472072505,-0.7991000000000009,-0.04281622078571551,-0.08200183175064611,-1.0225000000000004,-0.05465429648498911,-0.09400720195093956,-1.1721977661075647,-0.22831380628631165,-0.27012085056481766,-3.3681999999999994
20,200,1,3.0,0.008,446.2526691507221,1338.7580074521663,2677,899,0.25361512791991103,-0.006846590164625679,0.0017083236613843677,0.02139392631262496,-0.010705793149376485,-0.0021306455192974336,-0.02668280857342631,-0.02186494448019546,-0.013231289411534827,-0.16570000000000074,-0.036297802666234925,-0.027588476111558676,-0.3455000000000008,-0.045969094649213296,-0.0372090615036034,-0.46598190844288306,-0.1878428136196493,-0.17833893646180896,-2.233399999999999
20,200,1,0.75,0.015,836.7237546576039,627.5428159932029,2671,943,0.559915164369035,0.014697043937435147,-0.030229596871933183,-0.3716490850803056,0.010567127672865584,-0.034331508066055574,-0.4220788525970419,-0.0013748097587874086,-0.04619246690695157,-0.5678999999999997,-0.016820096260243635,-0.06153301851577553,-0.7565000000000008,-0.02716980479273823,-0.07181254540341529,-0.8828786870541034,-0.1789956045255331,-0.22260881040842598,-2.7367999999999992
20,200,1,1.0,0.015,836.7237546576039,836.7237546576039,2331,815,0.5067484662576687,0.025198212055397125,0.0073673051781098136,0.09011240260821923,0.02163202670958555,0.003803967557341877,0.0465278209262049,0.011320156070775167,-0.006499668688295613,-0.07950000000000004,-0.0020168587389175203,-0.0198260334202728,-0.24250000000000035,-0.010953838701113045,-0.028755876888095527,-0.3517244220032806,-0.14205551424069052,-0.15975286310603293,-1.9539999999999993
20,200,1,1.3333333333333333,0.015,836.7237546576039,1115.6316728768052,2029,697,0.4433285509325681,0.0387238800804429,0.02440342597105269,0.29595502407107743,0.03565364452899289,0.021329926552435267,0.2586808480804461,0.02677584689169049,0.012442691218336705,0.1508999999999989,0.015293612221239225,0.0009482501591176881,0.011499999999998872,0.007599499060588585,-0.0067540423620108935,-0.08191033390955413,-0.10526985181849909,-0.11974338096268188,-1.4522
20,200,1,2.0,0.015,836.7237546576039,1673.4475093152078,1630,534,0.350187265917603,0.04397137912032357,0.031021487573444313,0.3559325435494343,0.04149086734175145,0.028532564625682953,0.3273752838952063,0.034318296625896055,0.021335672434584355,0.24479999999999974,0.02504154314327407,0.012027462401849012,0.13799999999999976,0.018825297516241547,0.005790138103010675,0.06643455049110222,-0.07236436842425677,-0.08570874294187195,-0.9833999999999992
20,200,1,3.0,0.015,836.7237546576039,2510.1712639728116,1256,394,0.2918781725888325,0.012885577354111671,0.0886342745069517,0.9537966707087584,0.010847134117045232,0.08667625331820612,0.9327263330612576,0.004952835047627722,0.08101450014261506,0.8717999999999998,-0.0026706463492110603,0.07369178551628094,0.7929999999999996,-0.007779053399655649,0.06878491881348155,0.7401970278904388,-0.08271720101601804,-0.0031967180602270467,-0.034399999999999764
20,200,1,0.75,0.025,1394.5395910960067,1045.904693322005,1607,513,0.5672514619883041,0.014294695197227217,-0.012657524061263857,-0.14088783737666652,0.011818372976799336,-0.01512224580975689,-0.1683220587298864,0.004657916656980203,-0.02224915856569995,-0.24765000000000056,-0.004603168487179649,-0.03146685963107766,-0.35024999999999973,-0.010808914941130761,-0.037643534913684475,-0.41900107789899704,-0.10184456250085865,-0.12825272081754438,-1.4275499999999988
20,200,1,1.0,0.025,1394.5395910960067,1394.5395910960067,1355,430,0.5395348837209303,0.02215400852577471,0.07554310277867687,0.8104887522963613,0.020014963734689414,0.07339976037896984,0.7874932061328432,0.013829768340345262,0.06720213815318915,0.7209999999999992,0.0058300517550014825,0.05918634913630394,0.6349999999999998,0.00046953383951540864,0.0538150612696197,0.5773723908448951,-0.07816697239110866,-0.02497943554099121,-0.2679999999999993
20,200,1,1.3333333333333333,0.025,1394.5395910960067,1859.386121461342,1108,333,0.45645645645645644,0.01527006661379164,0.052740968021231335,0.5110684213519878,0.01342297993005182,0.05090320902859775,0.49326024257884565,0.00808200151911075,0.04558920227917142,0.44176666666666575,0.0011741658159674572,0.03871625078488456,0.37516666666666654,-0.0034546953004095365,0.03411076517494547,0.3305387739953875,-0.07135810906703745,-0.03344973990512818,-0.32413333333333333
20,200,1,2.0,0.025,1394.5395910960067,2789.0791821920134,836,241,0.36929460580912865,-0.004290595320340418,0.07182549374735887,0.6278553239614488,-0.0058031841503801505,0.07035110721649437,0.6149671225070124,-0.010176938970330342,0.06608781697676097,0.5776999999999997,-0.015833801323519206,0.06057382566936984,0.5295000000000001,-0.01962439961112156,0.05687896362347463,0.49720173533399903,-0.07523085603200286,0.0026769169417625435,0.023400000000000212
20,200,1,3.0,0.025,1394.5395910960067,4183.61877328802,624,160,0.33125,-0.020837746808918457,0.17014242812227,1.2852981403893442,-0.022085396166938248,0.1690097565437181,1.2767416580959423,-0.025693060249121862,0.1657345586328743,1.2520000000000007,-0.030359087488776144,0.16149853157516508,1.2200000000000004,-0.0334857385826584,0.1586600186489777,1.198557168686473,-0.07935237350514608,0.11702024746921799,0.8840000000000003
20,200,1,0.75,0.04,2231.2633457536103,1673.4475093152078,827,250,0.596,-0.006484760243140597,0.04730450054982589,0.40702834435834956,-0.008026760901659876,0.04575070780202412,0.393658840774909,-0.012485562050143659,0.04125780901490108,0.35499999999999965,-0.01825242036651831,0.03544684999871781,0.30499999999999955,-0.022116725681738083,0.03155299331266038,0.2714955760726132,-0.07880443268845179,-0.025568219671206285,-0.21999999999999964
20,200,1,1.0,0.04,2231.2633457536103,2231.2633457536103,660,205,0.551219512195122,-0.026527272555238474,0.10042562231641756,0.8211632423738467,-0.02786360242344951,0.09908488355525641,0.8102002494354259,-0.03172769231096913,0.09520804504999732,0.7784999999999999,-0.036725371768066874,0.09019387697414648,0.7374999999999999,-0.04007425919174275,0.08683394071701697,0.710026372379543,-0.08920100606759329,0.037545112177712545,0.3070000000000004
20,200,1,1.3333333333333333,0.04,2231.2633457536103,2975.0177943381473,539,156,0.4807692307692308,-0.05874326997038846,0.10217338714027129,0.7456656868796097,-0.059911412619442814,0.10103026271672233,0.7373231166435434,-0.06328917757461391,0.09772483968436452,0.7131999999999993,-0.06765786127989874,0.0934497205058001,0.6819999999999995,-0.07058526589722929,0.09058501239982564,0.6610932394693105,-0.11352904018538974,0.04856096913087325,0.35439999999999977
20,200,1,2.0,0.04,2231.2633457536103,4462.526691507221,393,101,0.44554455445544555,-0.06803554953733294,0.22311201098227257,1.350719451120774,-0.06900423899624429,0.22221982695511874,1.3453181716730633,-0.0718052713097232,0.21964001536881778,1.3297000000000003,-0.07542802907655305,0.2163033767958689,1.3095000000000003,-0.07785559731667502,0.2140675337310578,1.2959642127333355,-0.11346698562826657,0.18126867177990577,1.0974000000000006
20,200,1,3.0,0.04,2231.2633457536103,6693.790037260831,294,68,0.3088235294117647,-0.0709327498359005,0.1251478894706709,0.6337517096654712,-0.07173680963034147,0.12442978344319681,0.6301152046907753,-0.07406180392596383,0.12235333038700345,0.6196,-0.07706887067837834,0.11966771822873482,0.6059999999999999,-0.07908387146339521,0.11786812046363128,0.5968867966917507,-0.10864307157873052,0.09146879056691415,0.4632
20,400,0,0.75,0.001,55.781583643840264,41.8361877328802,11261,4792,0.5770033388981636,-0.14008794378739164,-0.0949871689594848,-0.39357069533915207,-0.20156660748826905,-0.15683639545391354,-0.6498373400265384,-0.37933639948041203,-0.3356776952955139,-1.3908499999999997,-0.6092576651324342,-0.5669848119301046,-2.3492499999999996,-0.7633252562189675,-0.7219810457930413,-2.99146279784015,-3.0234309544786675,-2.9957095365933077,-12.41245
20,400,0,1.0,0.001,55.781583643840264,55.781583643840264,11144,4730,0.5162790697674419,-0.10175779675010795,-0.0593536779438517,-0.28062372474002256,-0.15523601693935488,-0.11285440268252209,-0.5335747325387158,-0.309871975284311,-0.26755543448270724,-1.2649999999999997,-0.5098727451539022,-0.46764036809586224,-2.2109999999999994,-0.6438909567441925,-0.601714976841026,-2.8449037007061575,-2.6098808287846107,-2.56853217103399,-12.143999999999998
20,400,0,1.3333333333333333,0.001,55.781583643840264,74.37544485845368,11023,4668,0.4466580976863753,-0.07959902793700668,-0.04282647294409692,-0.23192675414089342,-0.12591042116010867,-0.08892293343123861,-0.48156212505089346,-0.25982300553561577,-0.2222140249917771,-1.2033999999999998,-0.4330208843277033,-0.39460808659417285,-2.1369999999999996,-0.5490787874151886,-0.5101273610439869,-2.7625946035721656,-2.2515986116446225,-2.204745733419329,-11.939799999999998
20,400,0,2.0,0.001,55.781583643840264,111.56316728768053,10829,4566,0.3519491896627245,-0.05372991927311167,-0.025151277347166177,-0.16455431863909983,-0.0913984441338625,-0.0624730224245479,-0.40873493208705625,-0.20031957914303095,-0.1703914197968583,-1.1147999999999993,-0.34119438659439855,-0.3099693212666207,-2.028,-0.4355929719851906,-0.4034988649013794,-2.639924798609792,-1.8203798648337572,-1.775537286699125,-11.616599999999998
20,400,0,3.0,0.001,55.781583643840264,167.3447509315208,10656,4451,0.2664569759604583,-0.022546457511868907,-0.014733907267525752,-0.11598735704394073,-0.052910512365085705,-0.044971008038568634,-0.354017998843515,-0.14071026906697556,-0.13240366826467279,-1.0422999999999996,-0.2542674204739501,-0.24548602985846707,-1.9324999999999997,-0.3303607592884646,-0.3212612174894375,-2.529012763603194,-1.4466175102471828,-1.4328508265933066,-11.279599999999999
20,400,0,0.75,0.002,111.56316728768053,83.6723754657604,9883,4093,0.5792817004642071,-0.047856672838606396,-0.037267364570365294,-0.2635919461650974,-0.07875440553843997,-0.06821400887589246,-0.48247745883318527,-0.16809732850440928,-0.1576983631197512,-1.1154,-0.28365035748187867,-0.2734343143926832,-1.934,-0.3610811108609735,-0.35098764189443704,-2.4825344285391764,-1.4969571617453072,-1.488661802758469,-10.5293
20,400,0,1.0,0.002,111.56316728768053,111.56316728768053,9642,3955,0.5107458912768648,-0.02997379031293276,-0.024454085600099564,-0.1934115922509064,-0.05671482186400187,-0.05119588883671281,-0.40491713894093484,-0.13403835706018122,-0.12852165541481245,-1.0164999999999997,-0.2340459279627788,-0.22853211230917225,-1.8075000000000006,-0.30105984899215504,-0.2955479672083776,-2.337539986531259,-1.2841254224400525,-1.2786419096999493,-10.113
20,400,0,1.3333333333333333,0.002,111.56316728768053,148.75088971690735,9408,3817,0.4372543882630338,-0.01804134990832572,-0.02218656866232314,-0.19606457167004898,-0.041130012867971515,-0.045285317067640135,-0.4001901523820188,-0.10789247263259907,-0.11207693959331669,-0.9904333333333336,-0.1942407159145839,-0.19846290097608307,-1.7538333333333336,-0.25210167888067875,-0.2563491384069444,-2.2653788778566746,-1.1008972703754243,-1.1055154954951303,-9.769533333333333
20,400,0,2.0,0.002,111.56316728768053,223.12633457536106,9080,3652,0.3422782037239869,-0.01339723606710959,-0.01342269379261393,-0.1395699456132263,-0.03218112668714605,-0.0322052118827148,-0.3348716539601253,-0.08649604063149982,-0.08651615706219205,-0.8995999999999997,-0.15674506110860353,-0.15676004447684871,-1.6300000000000003,-0.20381812035957456,-0.20382966412181433,-2.1194326247312656,-0.8943597761181916,-0.8943208623307431,-9.2992
20,400,0,3.0,0.002,111.56316728768053,334.6895018630416,8750,3450,0.2588405797101449,-0.02184737935877149,-0.006038533279682805,-0.07300884785477257,-0.03724343240459161,-0.021298385842375974,-0.2575079973062515,-0.08176218057992597,-0.0654233009364886,-0.7909999999999997,-0.13934118098832465,-0.12249293133620696,-1.4810000000000005,-0.17792420576828782,-0.16073463314203573,-1.9433610501979377,-0.7439206852765098,-0.7217240505332487,-8.725999999999999
20,400,0,0.75,0.004,223.12633457536106,167.3447509315208,7559,2938,0.5547991831177672,0.0014356724144746313,-0.059862583424650145,-0.6119628971006736,-0.014069854101875503,-0.07523200163288479,-0.7690813032132661,-0.058905152360007096,-0.11967373334019134,-1.2233999999999998,-0.116893567635034,-0.17715312332768232,-1.8110000000000006,-0.155750936600071,-0.215669400312252,-2.2047439899946486,-0.7257719280228162,-0.7806867181963374,-7.9807999999999995
20,400,0,1.0,0.004,223.12633457536106,223.12633457536106,7155,2753,0.4874682164911006,0.00120750888693749,-0.04804158951825782,-0.5289638719258528,-0.012164969860963775,-0.06141286517096215,-0.6761888453866987,-0.05083241352890138,-0.10007683000624416,-1.1018999999999997,-0.10084354021151269,-0.15008345728770175,-1.6525000000000007,-0.1343554200007216,-0.18359232208003726,-2.0214507162883826,-0.6259603703789302,-0.675153043743006,-7.433800000000001
20,400,0,1.3333333333333333,0.004,223.12633457536106,297.5017794338147,6795,2579,0.4241954245831718,0.0026565237401964094,-0.028769038913947585,-0.34230893293259756,-0.008886358459507245,-0.040360381358581214,-0.48022873189936865,-0.04226339764850064,-0.07387754668471723,-0.8790333333333331,-0.08543209919251604,-0.11722748250054961,-1.3948333333333338,-0.11435894873102649,-0.14627577503652267,-1.740464970568255,-0.5387034654046772,-0.5724018085667891,-6.810733333333333
20,400,0,2.0,0.004,223.12633457536106,446.2526691507221,6226,2337,0.33675652545999146,-0.008496834990540266,-0.008957073209196175,-0.11873903693814736,-0.017924316235279486,-0.018384791293808784,-0.24371715643614766,-0.045184527811140594,-0.045645687708482145,-0.6050999999999995,-0.08044193728001671,-0.0809039829240575,-1.0725000000000011,-0.10406752114855022,-0.10453016032124907,-1.3856993548732108,-0.4506447367032146,-0.45111608268759734,-5.9802
20,400,0,3.0,0.004,223.12633457536106,669.3790037260832,5704,2065,0.25181598062953997,-0.012853687272040096,-0.009044873210813632,-0.12974587560003145,-0.020570094216106272,-0.016743340192207433,-0.2401779751992495,-0.04288261655796378,-0.03900398789592808,-0.559499999999999,-0.07174085686549407,-0.06779513535083143,-0.9725000000000014,-0.09107843120673186,-0.08708775154453094,-1.2492465416402152,-0.37475238009456086,-0.3701021836273147,-5.309
20,400,0,0.75,0.008,446.2526691507221,334.6895018630416,4776,1722,0.5563298490127758,-0.02386286985882042,-0.04358902762108378,-0.5222287640596873,-0.031569559424946936,-0.05127546002977987,-0.6143179047424241,-0.05385398329896147,-0.07350130893735926,-0.8806,-0.08267588202552364,-0.10224744883972879,-1.2250000000000012,-0.1019891042920625,-0.12150990599102783,-1.4557784720118407,-0.3853058186544254,-0.4040819178146077,-4.841199999999999
20,400,0,1.0,0.008,446.2526691507221,446.2526691507221,4343,1558,0.4878048780487805,-0.015398517622971558,-0.03587522876054785,-0.44715935795876555,-0.02208255097656956,-0.04255982348388617,-0.5304781042907644,-0.041409893950693714,-0.061888789697293056,-0.7714000000000004,-0.06640720709654997,-0.08688820228437695,-1.0830000000000006,-0.08315761863023802,-0.10364002062944305,-1.2917995699154745,-0.32887899512804036,-0.3493820344487576,-4.354799999999999
20,400,0,1.3333333333333333,0.008,446.2526691507221,595.0035588676294,3958,1384,0.4226878612716763,-0.017256936077943548,-0.021867311194278014,-0.2791710856321775,-0.02305162726733751,-0.027664751872330084,-0.35318465747010186,-0.03980737609768498,-0.04442845103857312,-0.5672000000000005,-0.061478678824928655,-0.06611003645373013,-0.8440000000000012,-0.07600036909757471,-0.08063861703707544,-1.0294804908620143,-0.2890273574609866,-0.29376668331287814,-3.7504
20,400,0,2.0,0.008,446.2526691507221,892.5053383014442,3436,1149,0.3263707571801567,-0.01702237044233615,-0.02300456361486148,-0.2975777293290256,-0.021763558835623902,-0.027754730587882637,-0.3590239677985171,-0.03547303174432528,-0.04149016567851035,-0.536700000000001,-0.05320438715216658,-0.05925509966942079,-0.7665000000000005,-0.06508596411999615,-0.07115917725889094,-0.9204863323702701,-0.2393836189345006,-0.24578690657398086,-3.1794
20,400,0,3.0,0.008,446.2526691507221,1338.7580074521663,2952,949,0.2507903055848261,-0.0240823958485619,-0.004798634425315889,-0.0632004048157051,-0.027980699507714195,-0.008651991817885138,-0.11395104041844428,-0.03925291313261499,-0.019794240216147885,-0.2607000000000009,-0.053832002157209756,-0.034205236737148446,-0.4505000000000005,-0.06360128174031243,-0.04386187947026241,-0.5776827932283602,-0.2069124369154548,-0.1855207002076546,-2.443399999999999
20,400,0,0.75,0.015,836.7237546576039,627.5428159932029,2722,934,0.5513918629550322,-0.011835610412540307,-0.04729960695416689,-0.5770721054772061,-0.015948808090471757,-0.05139362355690991,-0.6270205708649386,-0.0278424025769443,-0.06323175464289242,-0.7714499999999996,-0.04322516399460152,-0.0785427816275219,-0.958250000000001,-0.05353297518882219,-0.08880252440465546,-1.0834225277927176,-0.20474415888000164,-0.23930856496612987,-2.919649999999999
20,400,0,1.0,0.015,836.7237546576039,836.7237546576039,2377,793,0.4791929382093317,-0.0208480912765478,-0.047751152198077504,-0.5678660916953155,-0.02441292868188238,-0.05131719358241934,-0.6102741570619871,-0.034720901657929945,-0.06162864794672103,-0.7329,-0.048052875366176376,-0.07496512436144334,-0.8915000000000004,-0.05698647734437358,-0.08390174355137227,-0.9977760326976703,-0.1880385993027637,-0.2149981267160271,-2.556799999999999
20,400,0,1.3333333333333333,0.015,836.7237546576039,1115.6316728768052,2074,676,0.40088757396449703,-0.01199503328231901,-0.061799841318261356,-0.7171153568550235,-0.01508489352108758,-0.06491528787973413,-0.7532664945446461,-0.024019437293919286,-0.07392381626757141,-0.857800000000001,-0.03557506544228124,-0.08557513354359804,-0.993000000000001,-0.04331835872688039,-0.09338254701016756,-1.0835959622996536,-0.15690916100008173,-0.20791396494187753,-2.4126
20,400,0,2.0,0.015,836.7237546576039,1673.4475093152078,1653,546,0.315018315018315,0.029961717859797378,-0.04378316111220848,-0.5001700959213647,0.02747036033157361,-0.046339140266099504,-0.5293690917475982,0.02026642838332456,-0.05372993009741759,-0.6138000000000003,0.010949113373552475,-0.06328892059373234,-0.7230000000000003,0.004705687934504374,-0.0696942899918601,-0.7961736618574123,-0.08688269422905433,-0.1636583208050372,-1.8695999999999993
20,400,0,3.0,0.015,836.7237546576039,2510.1712639728116,1274,412,0.2354368932038835,-0.022817700080312,-0.03788848386221799,-0.3978572884974405,-0.02489863748794825,-0.03998671050769871,-0.4198902304029489,-0.030915811379431307,-0.04605387742164362,-0.48360000000000025,-0.03869821479721347,-0.053900940075786385,-0.5660000000000004,-0.04391311366287975,-0.05915916635076958,-0.621215290632333,-0.12041345068392599,-0.13629509794428515,-1.4312
20,400,0,0.75,0.025,1394.5395910960067,1045.904693322005,1538,495,0.5393939393939394,-0.015850466839112638,-0.06841347101809098,-0.7392338781704677,-0.01831573666370517,-0.07086332520148877,-0.7657054952656799,-0.02544423421945254,-0.0779472473685786,-0.8422500000000004,-0.03466398500977358,-0.0871093459016617,-0.9412499999999997,-0.040842033789449096,-0.09324876256799977,-1.0075887593762252,-0.13147136830814513,-0.18331138049903467,-1.9807499999999991
20,400,0,1.0,0.025,1394.5395910960067,1394.5395910960067,1311,414,0.49033816425120774,0.0077637283952195916,-0.022975632872127078,-0.23804106174257328,0.005625283835102689,-0.025112567412068503,-0.2601809596767511,-0.0005581759500402144,-0.03129166086983312,-0.32420000000000054,-0.008555647758812268,-0.03928348542264672,-0.40700000000000025,-0.013914661475380698,-0.044638714978061975,-0.4624833260237521,-0.09252910175091913,-0.12319764322718972,-1.2763999999999993
20,400,0,1.3333333333333333,0.025,1394.5395910960067,1859.386121461342,1082,343,0.43440233236151604,0.006676197361856591,0.008573093951858785,0.08514955512632177,0.004827063727803091,0.006726273849125716,0.0668065962098418,-0.0005198335810056012,0.0013860662755332044,0.013766666666665983,-0.007435324580775707,-0.005520772453395286,-0.05483333333333379,-0.012069315423222206,-0.01014896550883753,-0.10080140296170806,-0.08004798007836218,-0.07804257910714461,-0.7751333333333331
20,400,0,2.0,0.025,1394.5395910960067,2789.0791821920134,816,253,0.3201581027667984,-0.047560685901552116,-0.030805475550751228,-0.27324731550935055,-0.049098084117708385,-0.03233081958561428,-0.28677725313579205,-0.05354357698698975,-0.03674145695914907,-0.3259000000000002,-0.05929322283794163,-0.04244602192427007,-0.37649999999999995,-0.06314599427839432,-0.046268585182524746,-0.4104064770145155,-0.11966450427293676,-0.10234395405804084,-0.9077999999999999
20,400,0,3.0,0.025,1394.5395910960067,4183.61877328802,619,182,0.18681318681318682,-0.0354324260600846,-0.16402164853284784,-1.1667233653071214,-0.03669108434000049,-0.1653899441583957,-1.176456363915866,-0.040330581478365185,-0.1693464652357061,-1.2045999999999997,-0.04503778048564494,-0.17446369197867445,-1.2409999999999994,-0.04819202030665446,-0.177892686661254,-1.2653912206191376,-0.09446337006208226,-0.22819457277984245,-1.6232
20,400,0,0.75,0.04,2231.2633457536103,1673.4475093152078,810,247,0.5870445344129555,0.04797925739187979,0.028991327249710708,0.24730400422604942,0.04642312493222502,0.02744283449922122,0.2340949346856102,0.04192346070707207,0.02296526101949824,0.1958999999999998,0.036103751508661006,0.01717412322285084,0.14649999999999933,0.03220403142630757,0.01329354850763523,0.11339762915974194,-0.025003195074654767,-0.043632823641946095,-0.3721999999999994
20,400,0,1.0,0.04,2231.2633457536103,2231.2633457536103,653,201,0.5323383084577115,-0.006886140236743189,0.062354638521576355,0.501530788864113,-0.0082220806028602,0.061018219965305265,0.49078170798302734,-0.012085044218238113,0.05715387363014938,0.45969999999999983,-0.017081266994122542,0.05215586249259879,0.4194999999999999,-0.02042917831250046,0.048806752813672916,0.39256244316238115,-0.0695416061409091,-0.0003232544516823546,-0.0025999999999998247
20,400,0,1.3333333333333333,0.04,2231.2633457536103,2975.0177943381473,518,150,0.44,-0.05311074798186817,0.020969931216908586,0.1462170066150093,-0.05427754756514287,0.019819486776664546,0.1381953044649456,-0.05765142895307424,0.01649289741168129,0.11499999999999932,-0.06201508978757216,0.012190402434720941,0.08499999999999941,-0.06493912863705918,0.009307350121650364,0.0648973456435678,-0.10783352854980052,-0.03298579482336279,-0.2300000000000001
20,400,0,2.0,0.04,2231.2633457536103,4462.526691507221,387,109,0.30275229357798167,-0.046183932842037506,-0.06791317612267184,-0.41001564185975903,-0.04714401778487097,-0.0688786830361974,-0.4158447454221393,-0.04992016954725654,-0.0716705128004147,-0.4327000000000001,-0.05351074767471463,-0.07528136831011895,-0.4545,-0.055916752709249756,-0.07770096098487235,-0.46910792883234037,-0.0912118180130246,-0.11319535116201383,-0.6833999999999998
20,400,0,3.0,0.04,2231.2633457536103,6693.790037260831,282,69,0.2608695652173913,-0.03897601105888345,0.023275314785646234,0.11365982304290448,-0.03976402547277924,0.022519678243867344,0.109969840053875,-0.04204262344502293,0.020334703119696207,0.09929999999999989,-0.04498968280656818,0.017508732293393982,0.08549999999999974,-0.04696447333033585,0.015615081801976903,0.07625277899604122,-0.07593380610279307,-0.012163961382779025,-0.05940000000000005
20,400,1,0.75,0.001,55.781583643840264,41.8361877328802,6654,2723,0.5648182152038194,-0.10408553312378083,-0.11921829545054104,-0.2817072732488546,-0.1658502937925306,-0.18084483228840478,-0.4273279062796878,-0.3444473548794557,-0.3590422096446537,-0.8483999999999999,-0.5754385816040292,-0.5895164993340436,-1.3929999999999998,-0.7302231412777735,-0.7439546654563771,-1.7579301854170968,-3.00084646221205,-3.009496541072638,-7.1113
20,400,1,1.0,0.001,55.781583643840264,55.781583643840264,6565,2683,0.5046589638464406,-0.07011574053432465,-0.08255689008537949,-0.2215318083461904,-0.12360237197614755,-0.13602725870497515,-0.3650133208036732,-0.2782626520374651,-0.2906405136953087,-0.7798999999999998,-0.4782948787690236,-0.4906119198357146,-1.3164999999999998,-0.6123341692400895,-0.6246104551293907,-1.6760694775887146,-2.5786332594503896,-2.5903116843099774,-6.950799999999999
20,400,1,1.3333333333333333,0.001,55.781583643840264,74.37544485845368,6475,2634,0.4392558845861807,-0.0531745893206206,-0.05780834869110734,-0.17636269717376035,-0.09932583560349065,-0.1039799435014943,-0.3172237869288889,-0.23277534406713785,-0.23748829113447717,-0.7245333333333333,-0.40537429658184926,-0.41016334418422307,-1.2513333333333332,-0.5210308660713652,-0.525870907765477,-1.6043359438322806,-2.2176632979863196,-2.2232514012065545,-6.782733333333333
20,400,1,2.0,0.001,55.781583643840264,111.56316728768053,6318,2566,0.34762275915822294,-0.027028442204749877,-0.03430435412663886,-0.12578107350589798,-0.06437293527817783,-0.07172970453890269,-0.2630056582863308,-0.17235711004840062,-0.1799476838754678,-0.6597999999999997,-0.31202008571670853,-0.31991305423753236,-1.173,-0.4056066365917341,-0.4137022363128184,-1.5168894071906978,-1.7784813302339402,-1.7895494430392087,-6.5615999999999985
20,400,1,3.0,0.001,55.781583643840264,167.3447509315208,6190,2510,0.2653386454183267,-0.008630074729402356,-0.017284843929565655,-0.07663542264216831,-0.038772073735253744,-0.04755989611663285,-0.21086523861991074,-0.12592974065476237,-0.13510229547703684,-0.5989999999999998,-0.2386564354708115,-0.24832658985011288,-1.101,-0.31419329489181275,-0.32419688500120825,-1.4373844162309628,-1.4222867310393263,-1.4371816807674103,-6.371999999999999
20,400,1,0.75,0.002,111.56316728768053,83.6723754657604,5788,2339,0.5656263360410432,-0.042441760837185115,-0.06465675493380087,-0.26242281018327956,-0.07336407748052423,-0.0954757034411937,-0.3875078857099488,-0.1627780866129819,-0.1845908164864627,-0.7491999999999999,-0.27842305596561956,-0.299849204036339,-1.217,-0.35591541753082806,-0.3770825215895008,-1.5304673902646306,-1.4926952341683155,-1.5100622733100393,-6.1289
20,400,1,1.0,0.002,111.56316728768053,111.56316728768053,5592,2246,0.5008904719501336,-0.027347598974375397,-0.04415260497193649,-0.1983773542845856,-0.05408884031129615,-0.07088570128766176,-0.3184889744782149,-0.13141298211771982,-0.14818629120410395,-0.6657999999999998,-0.23142133758890787,-0.24816418547998803,-1.1150000000000002,-0.29843578434865725,-0.3151582205437213,-1.4160037445636426,-1.2815090700363818,-1.2979320753767696,-5.8316
20,400,1,1.3333333333333333,0.002,111.56316728768053,148.75088971690735,5404,2163,0.42348589921405455,-0.02328085092712036,-0.050130024602823564,-0.25008409794489106,-0.04638368828711707,-0.07331697501902215,-0.3657570429488185,-0.11318713430698038,-0.14036363973631164,-0.7002333333333335,-0.19958838778587507,-0.2270794638186581,-1.1328333333333336,-0.25748487227416483,-0.28518673844401066,-1.4227136091530839,-1.1068015493142693,-1.1375956166832957,-5.675133333333333
20,400,1,2.0,0.002,111.56316728768053,223.12633457536106,5192,2069,0.3359110681488642,-0.0016898629269396603,-0.026960425440152612,-0.15811342209029716,-0.02040161822550784,-0.04582703086858468,-0.26875943374685085,-0.07450794791768765,-0.10038112038049309,-0.5886999999999998,-0.14448719277814978,-0.1709394822175036,-1.0025000000000002,-0.19137947849661624,-0.21821982754968655,-1.2797826124230531,-0.8792692638130016,-0.9118022815061134,-5.3474
20,400,1,3.0,0.002,111.56316728768053,334.6895018630416,5028,1993,0.2594079277471149,-0.00898206825788545,-0.004739521793363027,-0.033130038775235224,-0.024267351270873965,-0.019986899278416993,-0.13971172134242293,-0.06846580026418235,-0.06407574182599873,-0.4478999999999998,-0.12563053685141407,-0.121098717248734,-0.8465000000000003,-0.16393596821773412,-0.15930915609201957,-1.1135972675491277,-0.7258602710173461,-0.7198399591874537,-5.0318
20,400,1,0.75,0.004,223.12633457536106,167.3447509315208,4519,1798,0.5506117908787542,-0.013263447781618604,-0.06821839071567344,-0.42721214737474855,-0.0287305723922772,-0.08357243673212993,-0.5233656171468525,-0.07345482889419719,-0.1279697186877606,-0.8013999999999999,-0.1312996266240704,-0.18539161891251568,-1.1610000000000003,-0.17006075912678262,-0.22386937266944162,-1.4019638168857653,-0.7386700027877386,-0.7883215712724441,-4.936800000000001
20,400,1,1.0,0.004,223.12633457536106,223.12633457536106,4271,1672,0.4748803827751196,-0.004006793654991339,-0.07328153262292986,-0.48963443293135706,-0.017377136706584147,-0.08666393668575396,-0.5790496728974066,-0.05603840486149568,-0.12536008008564856,-0.8375999999999996,-0.10604154435035996,-0.17540832600331924,-1.1720000000000006,-0.139548072013063,-0.20894507896427392,-1.3960775872263622,-0.6310745089834335,-0.7009149081388605,-4.683200000000001
20,400,1,1.3333333333333333,0.004,223.12633457536106,297.5017794338147,4046,1578,0.4144486692015209,-0.010889125786726421,-0.04863756638189393,-0.3529970904100965,-0.022451497872413073,-0.06026497628562177,-0.4373853970287724,-0.05588489340958616,-0.09388643315478895,-0.6813999999999999,-0.09912648429411208,-0.137371256024838,-0.9970000000000003,-0.12810217613990757,-0.1665099348217469,-1.2084799238296653,-0.5531631885816336,-0.5939618961603527,-4.3108
20,400,1,2.0,0.004,223.12633457536106,446.2526691507221,3749,1471,0.3310673011556764,-0.008674906795596375,-0.021079336582851445,-0.17516522179547062,-0.018102466710431774,-0.030546001415259108,-0.25383138088043355,-0.04536290576629632,-0.0579195150346262,-0.4812999999999996,-0.08062060944989656,-0.0933234654256237,-0.7755000000000006,-0.10424639046832693,-0.11704724467770652,-0.9726400303887435,-0.4508264981276975,-0.4650649445310961,-3.8646
20,400,1,3.0,0.004,223.12633457536106,669.3790037260832,3489,1328,0.22590361445783133,-0.005460174113856537,-0.07132896742216041,-0.6340254347684465,-0.013143761186459843,-0.07931870665069969,-0.7050442378036819,-0.035361382608681984,-0.10242158812579952,-0.9103999999999994,-0.0640968813676647,-0.13230205144545296,-1.1760000000000006,-0.0833522080113816,-0.1523246056496208,-1.3539754999022786,-0.36581961833698173,-0.44604691630181265,-3.9648000000000008
20,400,1,0.75,0.008,446.2526691507221,334.6895018630416,3149,1221,0.547911547911548,-0.02057196912527664,-0.06041406912710613,-0.5141935661538201,-0.028281680324446314,-0.06808595947910973,-0.5794902216553425,-0.050574841458596774,-0.09026975902781005,-0.7683,-0.07940804065351337,-0.11896151375199496,-1.0125000000000006,-0.09872883523369869,-0.13818752802198878,-1.1761356064613575,-0.38215663220013646,-0.4202249383559357,-3.5766
20,400,1,1.0,0.008,446.2526691507221,446.2526691507221,2901,1124,0.4777580071174377,-0.008382044619708418,-0.05600034532078672,-0.5032805637648604,-0.015065676330229283,-0.06268874366867838,-0.5633898518760072,-0.03439185792572255,-0.08202870832455232,-0.7372000000000003,-0.059387668984853495,-0.10704234591456772,-0.9620000000000004,-0.07613707398753315,-0.12380369627020554,-1.112635889977531,-0.32184368510572803,-0.36968554060972936,-3.3223999999999996
20,400,1,1.3333333333333333,0.008,446.2526691507221,595.0035588676294,2698,1022,0.3923679060665362,0.004807819964927795,-0.0841854458791368,-0.7845747949297341,-0.0009686026530951661,-0.09004991675144129,-0.8392293255788372,-0.017671526650612505,-0.1070074383427686,-0.997266666666667,-0.039274507576463225,-0.12893970694086537,-1.2016666666666675,-0.05375041619716225,-0.14363626743686428,-1.3386327516818248,-0.2661058072978952,-0.35922852722088056,-3.3478666666666665
20,400,1,2.0,0.008,446.2526691507221,892.5053383014442,2395,881,0.3030646992054484,0.0004389351818341245,-0.07414958826121194,-0.7209521144811764,-0.004272841729887011,-0.07899525459214216,-0.7680662451092198,-0.017897269313177307,-0.0930068326561025,-0.904300000000001,-0.03551863005523666,-0.1111289203637274,-1.0805000000000005,-0.04732650086482404,-0.12327232254383841,-1.1985695899201114,-0.2205429178468602,-0.3014108412937892,-2.930599999999999
20,400,1,3.0,0.008,446.2526691507221,1338.7580074521663,2114,773,0.2315653298835705,0.008047203033187903,-0.050475795482232924,-0.5270283592439832,0.004220703885928144,-0.0544349636965438,-0.5683668643239805,-0.006843882045479823,-0.06588317137627442,-0.6879000000000006,-0.021154432633159553,-0.08068988498984034,-0.8425000000000005,-0.030743767703638236,-0.09061169318744675,-0.94609567878348,-0.1714152138037968,-0.23616037793228267,-2.4657999999999993
20,400,1,0.75,0.015,836.7237546576039,627.5428159932029,2058,736,0.529891304347826,0.022483366980760224,-0.09017549240170653,-0.8701285542090189,0.018348206722175537,-0.0942545345172509,-0.9094883727586668,0.00639110592051487,-0.10604936584175119,-1.0232999999999999,-0.009073792356286602,-0.12130439042096144,-1.1705000000000005,-0.019436642513483884,-0.13152660663145269,-1.269137024042227,-0.17145522426270085,-0.2814821485026682,-2.716099999999999
20,400,1,1.0,0.015,836.7237546576039,836.7237546576039,1834,650,0.46153846153846156,0.0145931169756238,-0.08323155599898292,-0.8097263046682913,0.011028122805045336,-0.08680460025776217,-0.8444870139852353,0.0007196965314938092,-0.09713630391600012,-0.9450000000000001,-0.012612863455977372,-0.11049897006317476,-1.0750000000000002,-0.021546858293128267,-0.11945313869107628,-1.1621115022112052,-0.15260474332442436,-0.2508069646085082,-2.4399999999999995
20,400,1,1.3333333333333333,0.015,836.7237546576039,1115.6316728768052,1643,585,0.41367521367521365,-0.0017896346276877883,-0.03554692687366906,-0.3587536742014626,-0.004874704153260777,-0.03864674948991125,-0.39003831258671295,-0.013795395248805657,-0.047610100163619135,-0.4805000000000009,-0.025333106826198114,-0.05920298615559294,-0.5975000000000008,-0.03306439442301553,-0.06697124549193195,-0.6759003519900848,-0.14647907838881905,-0.18092828907131805,-1.8259999999999996
20,400,1,2.0,0.015,836.7237546576039,1673.4475093152078,1345,471,0.3205944798301486,0.0014479794667969944,-0.03163684939431495,-0.3132785992288696,-0.0010669660973482754,-0.03418050716084432,-0.3384667439800708,-0.008339104476688066,-0.04153566885165842,-0.4113000000000001,-0.017744635312030133,-0.05104857915028772,-0.5055000000000003,-0.024047173159418258,-0.05742307073885723,-0.5686223346791963,-0.11650270908312181,-0.1509341372858951,-1.4945999999999997
20,400,1,3.0,0.015,836.7237546576039,2510.1712639728116,1071,380,0.2131578947368421,-0.0029953104167062742,-0.09357617011430877,-0.8749169165753092,-0.005052079225445197,-0.0957496584939581,-0.8952385620221375,-0.010999367947991903,-0.1020344498978109,-0.9540000000000003,-0.018691384319065574,-0.11016298049763651,-1.0300000000000005,-0.023845715866122528,-0.11560981520010227,-1.0809267243696274,-0.09945755621533894,-0.1955125517958053,-1.8279999999999998
20,400,1,0.75,0.025,1394.5395910960067,1045.904693322005,1318,434,0.5299539170506913,-0.015166506284599885,-0.08720600873005911,-0.8273787941939051,-0.01763186648370028,-0.08965229358825344,-0.8505882524147579,-0.024760625363563913,-0.09672589480558964,-0.9177000000000003,-0.03398071414140739,-0.10587464458125177,-1.0044999999999997,-0.040158989402627576,-0.11200511639903915,-1.062663679937943,-0.1307916463087644,-0.20193651722570452,-1.915899999999999
20,400,1,1.0,0.025,1394.5395910960067,1394.5395910960067,1131,366,0.48633879781420764,0.0007450792631777092,-0.03096705431767496,-0.2836305038593763,-0.0013931163190128186,-0.03310404839300746,-0.3032034571055334,-0.007575856167326956,-0.03928331400145744,-0.3598000000000005,-0.015572396834846021,-0.04727536120797959,-0.43300000000000016,-0.02093078660438894,-0.052630739961079656,-0.4820504766296939,-0.09953607384379656,-0.13119185687646237,-1.2015999999999993
20,400,1,1.3333333333333333,0.025,1394.5395910960067,1859.386121461342,954,295,0.42033898305084744,0.018239292462920987,-0.019835378979288318,-0.16877322032381453,0.016393022456052057,-0.021689483679096476,-0.18454923455227418,0.011054405522552432,-0.02705075516704278,-0.23016666666666738,0.004149624072193395,-0.03398483723013697,-0.28916666666666707,-0.0004771904245823126,-0.038631285729920875,-0.3287018869009831,-0.0683505811565769,-0.10679269889262615,-0.9086666666666663
20,400,1,2.0,0.025,1394.5395910960067,2789.0791821920134,735,225,0.3288888888888889,-0.04363988732133956,-0.01204102087806254,-0.09567449007748563,-0.045174802748928954,-0.013555366284893997,-0.10770704330258185,-0.04961311646400427,-0.017934200367666152,-0.14250000000000024,-0.055353477046616306,-0.023597632062718584,-0.1875,-0.05920002653573421,-0.027392632390615314,-0.2176539815346481,-0.1156272631640429,-0.08306366486076941,-0.6599999999999998
20,400,1,3.0,0.025,1394.5395910960067,4183.61877328802,569,161,0.19254658385093168,-0.05341969405006937,-0.14757985556433884,-0.9397937462332229,-0.054692322530236044,-0.14893191467701458,-0.9484037065409585,-0.05837221546517743,-0.15284148675865394,-0.9732999999999996,-0.0631316609906752,-0.15789799130363358,-1.0054999999999998,-0.0663209106015868,-0.16128629674094871,-1.027076849009237,-0.1131058390084015,-0.21099128902591954,-1.3436
20,400,1,0.75,0.04,2231.2633457536103,1673.4475093152078,727,222,0.5585585585585585,-0.01769278501425952,-0.028497516533555596,-0.22039883020978548,-0.019232325767468667,-0.030032578731290803,-0.2322709493918807,-0.02368401393025986,-0.034471316842355056,-0.2666000000000003,-0.029441672558348463,-0.040212226323977605,-0.3110000000000005,-0.03329981326844151,-0.04405914362399822,-0.3407519284475194,-0.08989708815327839,-0.10049177588101389,-0.7771999999999996
20,400,1,1.0,0.04,2231.2633457536103,2231.2633457536103,588,188,0.48936170212765956,-0.019290336247788323,-0.023516304982161538,-0.1772746850425212,-0.02062634248121949,-0.02484999679149655,-0.1873285517372677,-0.0244894965564746,-0.02870645855001309,-0.21640000000000015,-0.029485965666539486,-0.03369427205038504,-0.2540000000000001,-0.03283404205061363,-0.0370365484101291,-0.27919532679339465,-0.08194889132222095,-0.08606631380429053,-0.6487999999999997
20,400,1,1.3333333333333333,0.04,2231.2633457536103,2975.0177943381473,479,138,0.37681159420289856,-0.02434709580652537,-0.10844879763191337,-0.679347020580858,-0.025507750687836728,-0.1096269119279039,-0.6867269865589166,-0.028863864246669015,-0.11303351058724073,-0.7080666666666673,-0.03320454478902294,-0.1174394868025799,-0.7356666666666671,-0.036113184809510604,-0.12039188070123398,-0.7541611086745842,-0.07878169048373942,-0.1637022370636414,-1.0254666666666667
20,400,1,2.0,0.04,2231.2633457536103,4462.526691507221,353,98,0.3469387755102041,-0.023817398340754668,0.02683644739095001,0.1509951109884734,-0.024769101115565757,0.025904988941290005,0.1457542655837648,-0.027521015261580344,0.023211612656290723,0.1306,-0.031080245299073637,0.019728093452130696,0.11099999999999993,-0.03346524433969883,0.01739382736862335,0.09786626582046465,-0.0684521606927529,-0.016848858191549465,-0.0948
20,400,1,3.0,0.04,2231.2633457536103,6693.790037260831,252,75,0.26666666666666666,-0.019830144578794097,0.03614683700690534,0.193108503307505,-0.020608917461348575,0.0353960695493103,0.18909765223247288,-0.022860792908974123,0.033225173717538393,0.17749999999999982,-0.025773290286659426,0.03041741255830976,0.16249999999999967,-0.02772492122324678,0.02853596415499691,0.152448672821784,-0.05635451275235476,0.0009359203864095287,0.004999999999999977
40,50,0,0.75,0.001,55.781583643840264,41.8361877328802,39744,15551,0.5719246350716995,-0.12498844949041771,-0.10511100657187619,-1.4154288675332123,-0.18657954719408854,-0.16686908020464855,-2.2470654684375413,-0.3646744498520501,-0.34544680526630606,-4.6518,-0.5950162023310201,-0.576413023448357,-7.761999999999998,-0.7493655567956725,-0.7311808251858922,-9.846109185979168,-3.013604603360206,-3.001558314359893,-40.41909999999999
40,50,0,1.0,0.001,55.781583643840264,55.781583643840264,38553,14914,0.5109293281480488,-0.0901477221854192,-0.0700423536527995,-1.0443970889582865,-0.14362512370562303,-0.12353135514894274,-1.8419681947320097,-0.29825871481263433,-0.2781984883856254,-4.148199999999999,-0.4982564229790065,-0.47823957877582896,-7.130999999999998,-0.6322725829572451,-0.6122848086824308,-9.129739913812184,-2.5982323587259155,-2.5786710278729683,-38.450399999999995
40,50,0,1.3333333333333333,0.001,55.781583643840264,74.37544485845368,37134,14192,0.44849210822998875,-0.06286763208010646,-0.03912538968281161,-0.6443882807985346,-0.10907629498967525,-0.08520724100365493,-1.4033482602232819,-0.24269182758544722,-0.21845608915326517,-3.5979333333333328,-0.4155055099378837,-0.39079551459730555,-6.436333333333332,-0.5313059674176597,-0.5062781779868938,-8.338312470843228,-2.230049174638467,-2.2003594817597296,-36.23953333333333
40,50,0,2.0,0.001,55.781583643840264,111.56316728768053,34840,13099,0.3568211313840751,-0.03535756138633524,-0.014905821592472064,-0.2806228689999056,-0.07280209559925205,-0.052114673842015326,-0.9811313787578515,-0.18107554621717575,-0.15970663382427616,-3.0066999999999986,-0.3211126612051094,-0.2988623325281172,-5.626499999999999,-0.41494991852758795,-0.39210896295382114,-7.3819977960993555,-1.7915023685784115,-1.7599971689184484,-33.1344
40,50,0,3.0,0.001,55.781583643840264,167.3447509315208,32264,11901,0.27846399462230065,-0.006993305034997319,0.012252523900176471,0.2614573048348824,-0.03711174668187066,-0.01757268586322394,-0.37498454375121815,-0.12420129587478405,-0.1038143348612979,-2.215299999999999,-0.23683988959257227,-0.21535628395932588,-4.595499999999999,-0.31231771348268156,-0.2900992589246725,-6.19044459663932,-1.4195451236293484,-1.3865467494886194,-29.587599999999995
40,50,0,0.75,0.002,111.56316728768053,83.6723754657604,31798,11791,0.577728776185226,-0.04745171432399354,-0.04039564680409524,-0.8234351666827914,-0.07835242135172603,-0.07132928975472819,-1.4539944336921788,-0.16770394479174724,-0.16077604968511244,-3.2772999999999994,-0.2832680973232078,-0.2764633777806278,-5.6355,-0.36070630446767266,-0.3539841234514043,-7.21570265011127,-1.496691698903543,-1.491180322783538,-30.3966
40,50,0,1.0,0.002,111.56316728768053,111.56316728768053,29619,10839,0.5129624504105544,-0.03227212819137087,-0.020024217271377657,-0.43395910199938703,-0.059013183960880816,-0.04677098071404979,-1.0136072993630325,-0.13633678918635053,-0.1241110900697286,-2.6896999999999993,-0.23634445066239648,-0.22414009741372903,-4.857500000000001,-0.303358432383997,-0.29116838275551044,-6.31011780379578,-1.286424896160878,-1.2744446745257325,-27.6194
40,50,0,1.3333333333333333,0.002,111.56316728768053,148.75088971690735,27382,9859,0.44963992291307436,-0.013848372280341163,0.002770958648965576,0.06342312144921483,-0.0369262302188641,-0.020264166293461863,-0.4638166218673455,-0.10365744652044527,-0.08687181719251479,-1.9883666666666673,-0.18996528059405732,-0.17301983607243324,-3.960166666666667,-0.24779916581519448,-0.23074663097357945,-5.281447128667091,-1.0961975383669844,-1.0775740343115776,-24.664066666666667
40,50,0,2.0,0.002,111.56316728768053,223.12633457536106,24130,8470,0.35832349468713104,-0.0010326455957951927,0.020177257336878203,0.4917203068608908,-0.01974189209727141,0.0015905409293480374,0.03876152545392619,-0.07384096742980283,-0.0521542301941728,-1.2709999999999995,-0.14381082975382184,-0.12166584777790908,-2.9650000000000007,-0.1906968283427182,-0.16824478184598687,-4.100129882659864,-0.8784943841560209,-0.8515378324071396,-20.752000000000002
40,50,0,3.0,0.002,111.56316728768053,334.6895018630416,21039,7222,0.27734699529216283,0.01028292426749105,0.03542651584925752,0.9163948118240094,-0.004844696580318592,0.02049587056569463,0.5301765923055803,-0.04858725456003494,-0.02267711899831816,-0.5865999999999993,-0.1051623575674001,-0.07851556202793089,-2.031000000000001,-0.14307268226528672,-0.11593225936211843,-2.9988757984143497,-0.6992009391447332,-0.6648192138388638,-17.1972
40,50,0,0.75,0.004,223.12633457536106,167.3447509315208,20765,7191,0.5882352941176471,-0.013483784859385626,0.007476956875011004,0.18524329712357257,-0.028951712361820477,-0.008045016547594161,-0.1993171039505092,-0.07367829048063104,-0.05292787216835968,-1.3112999999999988,-0.13152609090903847,-0.11097779648204466,-2.749500000000001,-0.17028923548544295,-0.14987638194521283,-3.713221249847352,-0.7389279954073158,-0.7205020017757358,-17.8506
40,50,0,1.0,0.004,223.12633457536106,223.12633457536106,18390,6253,0.5176715176715176,-0.004048942688421721,0.012378123785829882,0.3094329490910434,-0.017420477104021344,-0.0009986679953159078,-0.024965074537968326,-0.05608519017004399,-0.03967858309604958,-0.9918999999999989,-0.1060927851871161,-0.08970583989604936,-2.242500000000002,-0.13960229844793706,-0.12322852829107782,-3.080512651271796,-0.6311725328663719,-0.6149920362960456,-15.373800000000003
40,50,0,1.3333333333333333,0.004,223.12633457536106,297.5017794338147,16162,5404,0.44707623982235384,-8.557026832137301e-05,0.01741586524130136,0.4367780249834211,-0.011632833550729766,0.005892617762894862,0.1477828355237735,-0.045022540942222015,-0.027427646276628834,-0.6878666666666664,-0.08820762709871534,-0.0705229168171122,-1.7686666666666677,-0.11714545577727273,-0.09940056108618764,-2.4928982942810585,-0.5416510317418946,-0.5230232574921871,-13.117066666666666
40,50,0,2.0,0.004,223.12633457536106,446.2526691507221,13274,4368,0.34615384615384615,-0.004027383117904588,0.010851875217945499,0.27063923262908524,-0.013440878414849046,0.0014854916048241745,0.037047266019215846,-0.04066064865902499,-0.025598051959566017,-0.6383999999999992,-0.0758657527161576,-0.06062696516739335,-1.5120000000000018,-0.09945628733091609,-0.08409943632400683,-2.0973892948593003,-0.4455193453160487,-0.4284305538495792,-10.6848
40,50,0,3.0,0.004,223.12633457536106,669.3790037260832,10928,3487,0.26498422712933756,-0.018816452975431528,0.020936933158464597,0.5155913471102616,-0.026559706395266947,0.013364513626273165,0.32911351112843457,-0.04894985717154265,-0.0085316591933663,-0.21009999999999845,-0.07790849939602405,-0.036851407510613964,-0.9075000000000022,-0.0973133519050349,-0.05582814457337309,-1.3748197049391915,-0.3819742427530777,-0.33420876484171275,-8.2302
40,50,0,0.75,0.008,446.2526691507221,334.6895018630416,10850,3549,0.5866441251056635,-0.0005993512277070041,0.017567789330476976,0.4298943765111324,-0.00833265241703562,0.009811810350829807,0.24010090364061376,-0.030694025633089043,-0.012615137258437263,-0.30870000000000003,-0.05961544796213959,-0.041621371226816924,-1.0185000000000026,-0.07899535984804949,-0.06105811441508796,-1.4941288020731838,-0.3632903824171694,-0.3461868278948021,-8.4714
40,50,0,1.0,0.008,446.2526691507221,446.2526691507221,9097,2937,0.5100442628532517,-0.002361909312765473,0.00860296925711036,0.20212898952189054,-0.009046571918416594,0.0019180065954175721,0.045064061423636226,-0.02837573441820806,-0.017412023537092362,-0.4091000000000007,-0.05337540087527441,-0.042412812160138195,-0.9965000000000013,-0.0701273893356908,-0.059165552571048434,-1.3901099722989398,-0.3158718986744709,-0.30492109270211903,-7.164199999999999
40,50,0,1.3333333333333333,0.008,446.2526691507221,595.0035588676294,7605,2399,0.44226761150479366,-0.012950561572528394,0.017661842893861114,0.3928973257960545,-0.018741879058607806,0.011894676713806191,0.2646035694093636,-0.03548787259337194,-0.00478148165555481,-0.10636666666666755,-0.0571465581606235,-0.02634984484892851,-0.5861666666666685,-0.07165979381972684,-0.04080255652594125,-0.9076751186738721,-0.2845627566167642,-0.2528176583793519,-5.624066666666667
40,50,0,2.0,0.008,446.2526691507221,892.5053383014442,5993,1796,0.3463251670378619,-0.01298053778066636,0.019253268859143396,0.3949716258703829,-0.017715136875745614,0.01457138988110103,0.29892511212694817,-0.03140555637467221,0.0010334142330207655,0.021199999999998262,-0.04911226876503955,-0.016476132583068313,-0.33800000000000086,-0.06097733273078316,-0.028209078169121816,-0.5786957814943475,-0.23503274886389694,-0.20032637415200405,-4.1095999999999995
40,50,0,3.0,0.008,446.2526691507221,1338.7580074521663,4577,1371,0.2713347921225383,-0.0012033785638169378,0.04150830034040575,0.810023440461189,-0.005050427974965036,0.037751223374664335,0.7367050828096022,-0.016174436410326364,0.02688737646432884,0.5246999999999988,-0.03056184199774516,0.012836454744262189,0.2504999999999993,-0.04020267671806779,0.003421093986669414,0.0667617391822109,-0.18162960066564265,-0.1346982233164378,-2.6285999999999987
40,50,0,0.75,0.015,836.7237546576039,627.5428159932029,4910,1540,0.577922077922078,-0.01024258940615335,0.0060582048278269955,0.12099460124743325,-0.014357045342990217,0.0019346292932992035,0.03863845917344169,-0.026254278171782254,-0.009988973480559509,-0.19949999999999962,-0.0416417452948442,-0.025410546573353256,-0.5075000000000014,-0.05195270972804,-0.03574436502391602,-0.7138872513927033,-0.20321015008699386,-0.1873370640476866,-3.7414999999999994
40,50,0,1.0,0.015,836.7237546576039,836.7237546576039,4058,1234,0.5153970826580226,-0.010067441408187064,0.024670093016357496,0.45661190775281313,-0.013632230765191404,0.021104646001330937,0.39062003806495305,-0.02394006480618162,0.0107949102968567,0.19979999999999984,-0.037271858820657436,-0.00253934326302438,-0.04700000000000054,-0.04620534038812926,-0.011474472943534745,-0.21237783650558056,-0.17725569597265312,-0.1425490056417754,-2.6383999999999985
40,50,0,1.3333333333333333,0.015,836.7237546576039,1115.6316728768052,3253,984,0.44613821138211385,-0.0029076199276329433,0.030042534193133817,0.5145835633944622,-0.005993641704470227,0.02697032329197879,0.4619611972900415,-0.01491708630015625,0.018086813794902033,0.30979999999999824,-0.02645835915885715,0.006597191603692426,0.11299999999999846,-0.0341920331292482,-0.0011018718495034133,-0.01887341257819393,-0.14764172417521657,-0.1140438414040085,-1.9534000000000002
40,50,0,2.0,0.015,836.7237546576039,1673.4475093152078,2407,671,0.33681073025335323,-0.0072753684986326984,0.0030350032061498763,0.043344076257810116,-0.00979845537303467,0.0005223809871093208,0.0074603286398566004,-0.017094134911920817,-0.006743039279780947,-0.09630000000000041,-0.026530113064195397,-0.016139881142154762,-0.23050000000000032,-0.03285305330786268,-0.022436596608866436,-0.32042587382110543,-0.12560788366307846,-0.11480672069707984,-1.6395999999999993
40,50,0,3.0,0.015,836.7237546576039,2510.1712639728116,1755,498,0.28313253012048195,-0.021857302769934094,0.07007308126968345,0.9442404619618316,-0.023937272871850736,0.06809668864623143,0.9176084108236199,-0.029951649732197893,0.06238181320138862,0.8405999999999996,-0.03773043556719714,0.054990392079739416,0.7409999999999993,-0.042942910332320366,0.050037485946027985,0.6742591875366459,-0.11940768683468896,-0.022619529697577023,-0.30479999999999974
40,50,0,0.75,0.025,1394.5395910960067,1045.904693322005,2346,707,0.594059405940594,-0.003013457203096859,0.04177798086694593,0.6350361578454131,-0.005483414979102563,0.039290592036483905,0.5972272017114432,-0.012625468069362532,0.03209813585125785,0.48789999999999945,-0.021862751116524293,0.02279566319422191,0.34650000000000036,-0.028052548059511708,0.016562183444736783,0.25174948913335116,-0.11885422311172338,-0.07488029970465601,-1.138199999999998
40,50,0,1.0,0.025,1394.5395910960067,1394.5395910960067,1886,545,0.5211009174311927,0.0016263535638885375,0.038525330434338666,0.524921790701202,-0.0005122298909953511,0.036386267579120814,0.4957762728893013,-0.006696091299926875,0.03020101995109273,0.41149999999999914,-0.0146940825549376,0.022201235808518998,0.3024999999999999,-0.020053444346445792,0.016840672623711472,0.22946035583829735,-0.09867299073255047,-0.061796497688505724,-0.841999999999999
40,50,0,1.3333333333333333,0.025,1394.5395910960067,1859.386121461342,1461,400,0.435,-0.001996497878022653,0.009777575915145355,0.11324535097335864,-0.003848081026146905,0.007930664442152232,0.09185414523985452,-0.009202061273663487,0.0025901926651572425,0.029999999999999027,-0.016126713099994753,-0.004316987775262258,-0.050000000000000544,-0.020766842506773867,-0.008945409807637625,-0.10360707828381893,-0.08883555727647342,-0.07684238239966734,-0.8899999999999999
40,50,0,2.0,0.025,1394.5395910960067,2789.0791821920134,1029,289,0.3460207612456747,0.02397171550817715,0.024053872744421986,0.24844476607825172,0.02247346055017308,0.022557539678423683,0.23298961993579492,0.018141153108822722,0.018230789520227053,0.18829999999999975,0.012537897353463705,0.0126347213616019,0.13050000000000023,0.008783220229441323,0.008884860563339285,0.09176888593994081,-0.04629628807780607,-0.04612399430396269,-0.4763999999999997
40,50,0,3.0,0.025,1394.5395910960067,4183.61877328802,724,196,0.2602040816326531,0.0074017217817629235,0.02110902797992243,0.18199022197694642,0.006174260184209714,0.01989325769199501,0.17150853116752907,0.0026249704023588783,0.01637777413746233,0.1412000000000007,-0.0019655575476598933,0.011830969985985514,0.10200000000000031,-0.005041617437418851,0.008784208909867934,0.07573253164092925,-0.05016610102285687,-0.03591047360452061,-0.3095999999999999
40,50,0,0.75,0.04,2231.2633457536103,1673.4475093152078,1081,304,0.6019736842105263,0.007235445081801149,0.05962179448500696,0.6220664667397531,0.005690100991400958,0.05806361633754549,0.6058091503822893,0.0012216320792698856,0.0535580368651509,0.5587999999999995,-0.004557730186335372,0.04773067709170567,0.4979999999999993,-0.008430414253870918,0.04382583044716757,0.4572586205042976,-0.06524103397519032,-0.013456600529468808,-0.14039999999999958
40,50,0,1.0,0.04,2231.2633457536103,2231.2633457536103,852,244,0.5450819672131147,0.02351846304144319,0.08804514251065759,0.8575796640937492,0.022181851838446724,0.08670547808058328,0.8445310285963119,0.018316948452010953,0.0828317460776835,0.8068,0.013318216843710727,0.07782159584393171,0.758,0.00996862438563637,0.0744643518965014,0.7252996822468707,-0.03916846504344176,0.025215018389537807,0.2456000000000004
40,50,0,1.3333333333333333,0.04,2231.2633457536103,2975.0177943381473,623,172,0.4476744186046512,0.014185570809057954,0.036330981120116936,0.29086216758521066,0.01303121497519777,0.035182051012843746,0.28166394911980436,0.009693315546076995,0.03185984044598375,0.2550666666666659,0.005376192525555624,0.02756300885420969,0.22066666666666615,0.0024833381290310925,0.024683751510302,0.19761562300462449,-0.03995359918991913,-0.0175537228594182,-0.1405333333333335
40,50,0,2.0,0.04,2231.2633457536103,4462.526691507221,430,121,0.371900826446281,-0.09014192608069393,0.07789012574884455,0.5488817186694417,-0.09111991703247722,0.07697186867547423,0.5424108789350566,-0.0939478452534712,0.07431666507959592,0.5236999999999999,-0.09760538925156924,0.07088251710379638,0.49949999999999994,-0.10005626734447609,0.06858133411158512,0.48328385881914515,-0.13600960123159836,0.03482396335790115,0.24539999999999992
40,50,0,3.0,0.04,2231.2633457536103,6693.790037260831,307,81,0.2345679012345679,0.0515995162726111,-0.03754120913390222,-0.20744281642789472,0.05085101401070487,-0.0383251262525278,-0.21177453558892925,0.04868666814833978,-0.04059187661319264,-0.22430000000000014,0.0458873784917164,-0.04352361268601354,-0.24050000000000032,0.044011606744695314,-0.04548813525055353,-0.2513554333524733,0.016494837097171398,-0.07430684145063261,-0.4106000000000002
40,50,1,0.75,0.001,55.781583643840264,41.8361877328802,36417,14169,0.5695532500529324,-0.12485143915720996,-0.10982789731548888,-1.34844155514617,-0.18644353543252948,-0.1715435057364021,-2.10617154024124,-0.3645413255292149,-0.34999843971210126,-4.2972,-0.5948868125209976,-0.5808058441745771,-7.130999999999998,-0.7492386694396589,-0.7354672266683899,-9.029896730508572,-3.013514425934718,-3.004283591030577,-36.8859
40,50,1,1.0,0.001,55.781583643840264,55.781583643840264,35262,13546,0.5092278163295437,-0.08939002906094648,-0.07344078783916318,-0.9946961892871764,-0.14286745162412942,-0.12692593776962427,-1.7191093714523138,-0.2975011035783647,-0.28158193393876246,-3.8137999999999987,-0.4974988904424201,-0.48160862003318144,-6.522999999999998,-0.6315151031550693,-0.6156441977871363,-8.338403706081523,-2.597475652515002,-2.581888824024581,-34.96959999999999
40,50,1,1.3333333333333333,0.001,55.781583643840264,74.37544485845368,33907,12877,0.44824104993399083,-0.0606233477794771,-0.039632108687037426,-0.592224038790121,-0.10681895154174992,-0.0857162094488158,-1.2808604293659718,-0.24039672271333584,-0.2189715620118769,-3.2720999999999996,-0.41316156575317387,-0.3913194000380337,-5.847499999999998,-0.5289292965722774,-0.5068077006019728,-7.573245867651838,-2.2271924176714726,-2.2009716993126807,-32.889199999999995
40,50,1,2.0,0.001,55.781583643840264,111.56316728768053,31725,11843,0.35599088068901463,-0.03399817075932395,-0.016647416098471954,-0.28321327105625477,-0.07142652753508297,-0.05387546170763638,-0.916553394810996,-0.17965319997883386,-0.16152292061167087,-2.7478999999999987,-0.3196298137033629,-0.3007503996905326,-5.1165,-0.4134265298262965,-0.39404512931852365,-6.703671570288166,-1.7893842578109167,-1.7626389300185794,-29.986799999999995
40,50,1,3.0,0.001,55.781583643840264,167.3447509315208,29256,10764,0.27647714604236345,-0.0071663440646045256,0.00783741532947494,0.15093239469310762,-0.03728743069942383,-0.022053510148742964,-0.4247049515955055,-0.12438462805722357,-0.10848518066404708,-2.089199999999999,-0.2370331136454521,-0.220272896983002,-4.241999999999999,-0.3125175659639747,-0.2951805577314964,-5.684566476617563,-1.4198422123218517,-1.3940439183320288,-26.846399999999996
40,50,1,0.75,0.002,111.56316728768053,83.6723754657604,29175,10795,0.5792496526169523,-0.04365237175758678,-0.0373347164056536,-0.6964160906064569,-0.07457101659336872,-0.06828338566872463,-1.2737112553394174,-0.16397440844128602,-0.15777359521684176,-2.9429999999999996,-0.2796056457673968,-0.2735171195366384,-5.102,-0.3570888056598425,-0.3510755216498437,-6.548721025184561,-1.49373363769156,-1.4888241248945029,-27.771500000000003
40,50,1,1.0,0.002,111.56316728768053,111.56316728768053,27175,9906,0.5089844538663436,-0.028541406194293874,-0.027977508598716585,-0.5542288831447484,-0.05528397262968436,-0.05471948368959064,-1.0839820931349942,-0.132611946049633,-0.1320457471961262,-2.6157999999999992,-0.23262525719648047,-0.23205684680044059,-4.597000000000001,-0.2996430246973926,-0.29907313237218147,-5.924579293698773,-1.2827650242383777,-1.2821733926457406,-25.3996
40,50,1,1.3333333333333333,0.002,111.56316728768053,148.75088971690735,25052,8978,0.4460904433058588,-0.013250409599973739,-0.004367168097797894,-0.09095809740294311,-0.03632660622435052,-0.027419423131016186,-0.5710837100914591,-0.10305301872161299,-0.09407660686786,-1.9594000000000005,-0.18935463972180847,-0.18028868979729215,-3.755000000000001,-0.24718436163403273,-0.2380584132799065,-4.958210872080314,-1.0955216602238613,-1.08551556055633,-22.608800000000002
40,50,1,2.0,0.002,111.56316728768053,223.12633457536106,22074,7746,0.36096049573973665,0.005120253752453027,0.025634949436269806,0.5722462215991099,-0.013552665373965109,0.0070781831820735065,0.158005522569789,-0.06754669759854748,-0.0465799850095066,-1.0397999999999996,-0.13738070082042647,-0.11597959337335324,-2.589000000000001,-0.18417566179027295,-0.16248347135369187,-3.6271010709661518,-0.8706377346501555,-0.8446754811937424,-18.855600000000003
40,50,1,3.0,0.002,111.56316728768053,334.6895018630416,19285,6626,0.2776939329912466,0.01976110015875427,0.03618725531074105,0.8591592388737034,0.004708964562805942,0.021262449651325194,0.5048139158981964,-0.03881532261019363,-0.021893654237114327,-0.5197999999999994,-0.09510812174819593,-0.07771025792126973,-1.845000000000001,-0.13282927787577306,-0.1151123209616873,-2.73300125177146,-0.6861825126972191,-0.6637845966049006,-15.759599999999997
40,50,1,0.75,0.004,223.12633457536106,167.3447509315208,19322,6727,0.5807938159655122,-0.02038798941043828,-0.00762244384349645,-0.17712131000552456,-0.035839389812443195,-0.02310419629199676,-0.5368679124287411,-0.08051817868163774,-0.06787075019489915,-1.5770999999999993,-0.13830417015683016,-0.12577025391198585,-2.9225000000000008,-0.17702589726581416,-0.1645680442664373,-3.824037039038122,-0.7450570806463502,-0.7337150429413956,-17.0492
40,50,1,1.0,0.004,223.12633457536106,223.12633457536106,17154,5856,0.5124658469945356,-0.004667533071401335,0.0019604803888689484,0.045911938249984074,-0.018038887279691097,-0.011412038377786256,-0.26725531368852434,-0.05670307926386093,-0.05007959776270823,-1.1727999999999992,-0.10671000033178923,-0.10009087410964211,-2.3440000000000016,-0.14021906198705378,-0.13360285418718917,-3.128807626075106,-0.6317826715450352,-0.6252092757524469,-14.641600000000002
40,50,1,1.3333333333333333,0.004,223.12633457536106,297.5017794338147,15111,5091,0.447456295423296,-0.0027897158839172076,0.01817862264322124,0.42953853784676727,-0.014340875443906194,0.0066563748591949076,0.15728196687358703,-0.047741849190477616,-0.02666099849514924,-0.6299666666666663,-0.09094150685875627,-0.06975253032396718,-1.6481666666666677,-0.11988909973947603,-0.09862766932543099,-2.3304507555239704,-0.5445379123756816,-0.5222136145265549,-12.339266666666667
40,50,1,2.0,0.004,223.12633457536106,446.2526691507221,12468,4122,0.34425036390101893,-0.0077131579685023035,0.006860150401810027,0.16124334178046915,-0.017138479496475567,-0.0025183868475810818,-0.05919303330329517,-0.0443924461025027,-0.02963707348863502,-0.696599999999999,-0.07964177854461238,-0.06471143952944874,-1.5210000000000021,-0.10326195009056878,-0.08821436810576373,-2.073420941714752,-0.4497597691867627,-0.4329922829579913,-10.1772
40,50,1,3.0,0.004,223.12633457536106,669.3790037260832,10301,3288,0.25517031630170317,-0.01739463665154917,-0.0013132273332830946,-0.030123214998984956,-0.025131511297902698,-0.008978818872240347,-0.20595892612839317,-0.047503217411155846,-0.031144404969026505,-0.7143999999999986,-0.0764380039500388,-0.059812603048018644,-1.372000000000002,-0.09582687103898223,-0.07902283228147544,-1.8126501834929913,-0.3802532626083085,-0.3608286828774344,-8.276800000000001
40,50,1,0.75,0.008,446.2526691507221,334.6895018630416,10375,3389,0.579521982885807,0.000260345549875217,0.003099158667498701,0.07259623612178871,-0.0074739881899623705,-0.004637911740341239,-0.10864075445532823,-0.029838347096955552,-0.0270101839114206,-0.6327,-0.05876363101481726,-0.05594570256980678,-1.310500000000002,-0.07814613050689838,-0.07533506024359427,-1.7646859707596563,-0.3624791121523641,-0.3597686484828606,-8.427399999999999
40,50,1,1.0,0.008,446.2526691507221,446.2526691507221,8700,2810,0.505338078291815,-0.0018306355239932637,-0.0008095732937863845,-0.01820140941215108,-0.008515314711563398,-0.007493516451892729,-0.168474629690018,-0.027844525159116156,-0.026820598619538283,-0.6030000000000006,-0.05284425363014925,-0.05181757444736667,-1.1650000000000011,-0.06959628364541028,-0.06856775994813064,-1.5415897249438275,-0.31534140257599635,-0.3142858206395643,-7.065999999999998
40,50,1,1.3333333333333333,0.008,446.2526691507221,595.0035588676294,7305,2321,0.44420508401551057,-0.01790991674059962,0.021552308388046133,0.4640644823562496,-0.023705516712984175,0.015787752210237014,0.3399420110875918,-0.04046389335196441,-0.0008808591578001565,-0.018966666666667437,-0.06213859479549148,-0.022439461322166614,-0.4831666666666687,-0.07666256250876087,-0.0368856322461028,-0.7942217384085274,-0.289722959952525,-0.24880478404801362,-5.357266666666666
40,50,1,2.0,0.008,446.2526691507221,892.5053383014442,5777,1765,0.35410764872521244,-0.012423590534378933,0.03542328891485009,0.7178201111699476,-0.01715723337609849,0.030765355859135313,0.6234314158708594,-0.030844887802549334,0.017296621495347563,0.35049999999999815,-0.04854802394435316,-0.00012337105203533182,-0.0025000000000008488,-0.06041069150713795,-0.011796307354424058,-0.2390412329273515,-0.23443095343329384,-0.1830332927995561,-3.7089999999999987
40,50,1,3.0,0.008,446.2526691507221,1338.7580074521663,4471,1333,0.2753188297074269,0.000726051331517261,0.05023554406330109,0.9575151321187199,-0.0031167680155761756,0.04649555022424515,0.8862289390118161,-0.014228544929270585,0.03568110035175398,0.6800999999999988,-0.028600130692010558,0.021694067042273592,0.4134999999999993,-0.038230364730083254,0.012321517172527401,0.2348544116191737,-0.1795017812007803,-0.1251697827072706,-2.385799999999999
40,50,1,0.75,0.015,836.7237546576039,627.5428159932029,4776,1490,0.5805369127516778,-0.007133069268029923,0.011360372444501263,0.21933893237576343,-0.011249341822961455,0.007233335218475101,0.13965669101845984,-0.023151827528139816,-0.004700277274862878,-0.09074999999999973,-0.0385460885388107,-0.02013479659066618,-0.3887500000000013,-0.048861605477817795,-0.03047729015610836,-0.5884363666072259,-0.20018582915085412,-0.18219724940659981,-3.5177499999999986
40,50,1,1.0,0.015,836.7237546576039,836.7237546576039,3943,1186,0.5050590219224284,-0.010943179956976704,0.003990789854191087,0.07102246563601006,-0.014507970178094385,0.0004269098209434716,0.007597540636170297,-0.02481580671772786,-0.009878294847751344,-0.17580000000000048,-0.038147603963861944,-0.02320668812355688,-0.41300000000000053,-0.04708108769683076,-0.03213789089522722,-0.5719449871115224,-0.1781314750482695,-0.16315481751951486,-2.9035999999999986
40,50,1,1.3333333333333333,0.015,836.7237546576039,1115.6316728768052,3201,959,0.42961418143899893,0.0004661690828927588,-0.0031953265058388054,-0.05311927104137265,-0.0026183859416523507,-0.006280339629772041,-0.10440468678744923,-0.011537589322025848,-0.015200867636089573,-0.25270000000000176,-0.02307337674036238,-0.026738368279548046,-0.44450000000000156,-0.0308033749803655,-0.034469514531966554,-0.5730229701854554,-0.14419914463289582,-0.14788212503586207,-2.4583999999999997
40,50,1,2.0,0.015,836.7237546576039,1673.4475093152078,2386,674,0.3249258160237389,-0.022552950309082477,-0.022294761715082136,-0.31693158360988966,-0.02509008515103212,-0.024830313496299578,-0.35297576527084445,-0.032426385355992154,-0.03216203617207903,-0.4572000000000004,-0.04191490086487089,-0.041644631263934334,-0.5920000000000003,-0.04827304578589197,-0.04799880898171982,-0.6823279269082341,-0.14154431370809753,-0.14121187972841506,-2.007399999999999
40,50,1,3.0,0.015,836.7237546576039,2510.1712639728116,1732,476,0.28991596638655465,-0.03900599573245926,0.08451008377632858,1.0962619676582968,-0.04110755361894841,0.08254773404248976,1.0708064328354279,-0.04718435304579278,0.07687346458052327,0.9971999999999994,-0.05504387405707508,0.06953456182474126,0.9019999999999994,-0.06031044853363909,0.06461684764290959,0.838207576842256,-0.1375688446755389,-0.007523917110969779,-0.09759999999999985
40,50,1,0.75,0.025,1394.5395910960067,1045.904693322005,2280,694,0.5749279538904899,-0.020904781141094855,0.0028281527951099627,0.042480683938778935,-0.02336868989744561,0.00035730432248531,0.005366941991147914,-0.030493251830593794,-0.006787324278417681,-0.10195000000000058,-0.039707912423536565,-0.01602793840146195,-0.24074999999999974,-0.045882550320595364,-0.022219967460019394,-0.33375828082242476,-0.1364618486494363,-0.11305438669342725,-1.6981499999999983
40,50,1,1.0,0.025,1394.5395910960067,1394.5395910960067,1846,532,0.5150375939849624,-0.006923896201048123,0.026386835996558784,0.3511163167945677,-0.009062448598615535,0.02424875963863427,0.322666013169006,-0.015246220203176635,0.01806636453549987,0.2403999999999994,-0.02324409530833829,0.010070269749405095,0.13399999999999979,-0.028603379269170837,0.004712178759867399,0.06270258588252142,-0.1072217839125359,-0.07388872550459027,-0.9831999999999991
40,50,1,1.3333333333333333,0.025,1394.5395910960067,1859.386121461342,1420,396,0.45202020202020204,-0.003995278281724281,0.04389443994367449,0.5052795641302918,-0.005847376632465729,0.04205473473604715,0.4841022704541225,-0.011202846623847587,0.03673510037187153,0.42286666666666556,-0.01812942523307691,0.029854870316411486,0.3436666666666663,-0.02277084575487668,0.025244507426489846,0.29059565916568597,-0.09085850062998525,-0.04238754526591965,-0.48793333333333305
40,50,1,2.0,0.025,1394.5395910960067,2789.0791821920134,1011,278,0.33093525179856115,0.007859679927838228,-0.007686145114850843,-0.07554448107351558,0.006353335925194423,-0.009198751420877284,-0.09041136905830122,0.0019976384539303277,-0.013572556773847064,-0.13340000000000035,-0.0036358691525510533,-0.019229484484685807,-0.1889999999999999,-0.007410817693465312,-0.02302012656769632,-0.2262569194072542,-0.06278769902060592,-0.0786272254484931,-0.7727999999999997
40,50,1,3.0,0.025,1394.5395910960067,4183.61877328802,758,191,0.2198952879581152,-0.019054386720667726,-0.07470808301537571,-0.5925503449102212,-0.020300888658993772,-0.0759958905983336,-0.6027646456479693,-0.02390523489807535,-0.07971967495484139,-0.6322999999999991,-0.028566970954864962,-0.08453588811833179,-0.6704999999999994,-0.031690746576550244,-0.08776317706941666,-0.6960973798805233,-0.07751519955115582,-0.13510612633498048,-1.0715999999999999
40,50,1,0.75,0.04,2231.2633457536103,1673.4475093152078,1068,303,0.5808580858085809,-0.01451483999427943,0.016423057860167144,0.1721583533623197,-0.01605536094773921,0.014877291596325419,0.15595451501918986,-0.020509883427091268,0.010407601940600282,0.10909999999999953,-0.02627120786163453,0.004626660807691191,0.04849999999999934,-0.03013180498639746,0.0007529187593661952,0.007892638200007268,-0.08676511442433851,-0.056073221087853946,-0.5877999999999994
40,50,1,1.0,0.04,2231.2633457536103,2231.2633457536103,841,243,0.5555555555555556,-0.008237712508413474,0.10926639633653552,1.057671550716316,-0.009573891387726725,0.10792388690906454,1.0446763932332124,-0.013437544680445224,0.10404192840017111,1.0070999999999999,-0.01843465946101317,0.0990211382897071,0.9584999999999999,-0.021783168501452333,0.0956567646834788,0.9259336999425805,-0.07090436465697662,0.04630284212983493,0.44820000000000054
40,50,1,1.3333333333333333,0.04,2231.2633457536103,2975.0177943381473,633,174,0.4482758620689655,-0.03498211153942741,0.0375335005275006,0.3040117276734108,-0.03614518505697835,0.03638467717632712,0.29470655317933686,-0.03950829226914237,0.033062775302085005,0.26779999999999937,-0.043858018159457515,0.028766342962605718,0.2329999999999996,-0.04677271936339842,0.02588735315306075,0.20968092094653856,-0.08953014000776671,-0.01634619660192706,-0.13240000000000007
40,50,1,2.0,0.04,2231.2633457536103,4462.526691507221,428,113,0.415929203539823,-0.1361127009530074,0.16528775267793647,1.1096168116499743,-0.1371114507956483,0.16438758925152344,1.1035737960302594,-0.13999940477985182,0.16178470468248066,1.0861000000000003,-0.14373458401222783,0.15841822431619382,1.0635,-0.1462374845811538,0.15616238460948798,1.0483560003848214,-0.18295396595217628,0.12307018047018277,0.8262
40,50,1,3.0,0.04,2231.2633457536103,6693.790037260831,314,75,0.25333333333333335,0.02402988361185865,0.0063013554782308445,0.033108503307504866,0.02327018494406313,0.005537992720353108,0.029097652232472848,0.021073463902632997,0.0033306767099931913,0.017499999999999877,0.018232301315502544,0.0004758109585704174,0.00249999999999978,0.016328471000185602,-0.0014372016892584532,-0.007551327178216036,-0.01159990584936693,-0.029500279431368494,-0.15500000000000008
40,100,0,0.75,0.001,55.781583643840264,41.8361877328802,18227,7645,0.5912361020274689,-0.11160092566755175,-0.06651058988055304,-0.4374732295216648,-0.1733015177297403,-0.128667881179332,-0.8463126491032733,-0.3517130308695549,-0.30839997162848215,-2.0285,-0.5824642763331911,-0.5408592058507886,-3.557499999999999,-0.7370880273289143,-0.696627460435186,-4.582065283699488,-3.0053523537013715,-2.9816811651850084,-19.612
40,100,0,1.0,0.001,55.781583643840264,55.781583643840264,18054,7540,0.5315649867374005,-0.07273323869597072,-0.028812213412360864,-0.21682513415217122,-0.12621959527046905,-0.08239355931030866,-0.620049362228735,-0.28087908053397925,-0.23732771274737008,-1.7859999999999994,-0.480910279301699,-0.4377141577770645,-3.2939999999999996,-0.6149488809460398,-0.571990805848602,-4.3044934256499845,-2.5812378663627555,-2.5417718305888557,-19.128
40,100,0,1.3333333333333333,0.001,55.781583643840264,74.37544485845368,17823,7407,0.46780072904009723,-0.053932878559108735,-0.00030196772553815505,-0.00260421335081356,-0.10009048758536708,-0.04623251125324906,-0.39871586552098703,-0.2335583943599167,-0.179043842493858,-1.5440999999999998,-0.40618114261000676,-0.35081739878580875,-3.025499999999999,-0.5218536573476386,-0.465920879776216,-4.018169072120616,-2.218719999235952,-2.154439739851292,-18.580199999999998
40,100,0,2.0,0.001,55.781583643840264,111.56316728768053,17457,7213,0.3736309441286566,-0.02309696211677353,0.019984949561170178,0.20922179142710753,-0.0603982000278847,-0.016860795737759084,-0.17651512596231644,-0.16825729951597299,-0.12340280695412585,-1.2918999999999992,-0.30775850716482217,-0.26120053844419644,-2.7344999999999997,-0.4012366591538111,-0.35353721068570704,-3.7011696391529627,-1.7725211874777373,-1.7080767190899362,-17.8818
40,100,0,3.0,0.001,55.781583643840264,167.3447509315208,16972,6910,0.28075253256150506,0.0029218596955367217,0.017313947897585055,0.21506343806478762,-0.027043755408863113,-0.01243576937009071,-0.15446964098150728,-0.11369139612441315,-0.09845912661531792,-1.2229999999999992,-0.2257584407883428,-0.20971874475298713,-2.604999999999999,-0.3008532762425365,-0.2842725329946599,-3.5310622773529694,-1.4024624097596041,-1.3779447351985135,-17.115999999999993
40,100,0,0.75,0.002,111.56316728768053,83.6723754657604,16308,6669,0.5940920677762783,-0.03701469935512867,-0.007309707420905435,-0.08379188589666137,-0.06796545738688624,-0.038422143672504266,-0.44043676348852007,-0.1574617067535773,-0.12838589675155124,-1.4716999999999998,-0.2732130427646363,-0.24474188580313722,-2.8055000000000003,-0.3507766794021545,-0.3227106934766314,-3.699264012686969,-1.488602070880756,-1.4664797708447899,-16.8104
40,100,0,1.0,0.002,111.56316728768053,111.56316728768053,15858,6408,0.5255930087390761,-0.019590565109586917,0.0052491780590748615,0.06719052259322167,-0.04633802278110824,-0.02152283710356437,-0.2754965932575249,-0.12368013954733703,-0.09893596354738017,-1.2663999999999995,-0.2237117432063197,-0.19905940865344665,-2.548000000000001,-0.29074176830885734,-0.2661509756515283,-3.4067853941067776,-1.2740435816256366,-1.2503555822671435,-16.0048
40,100,0,1.3333333333333333,0.002,111.56316728768053,148.75088971690735,15266,6101,0.448123258482216,0.005639513459288868,-0.0002777978949646946,-0.003933617612165527,-0.017389429665391636,-0.02331942314934673,-0.33020298306244805,-0.08397920541249994,-0.08994587014829007,-1.2736333333333336,-0.170104105192639,-0.17611819925002803,-2.493833333333334,-0.2278154082513886,-0.23386128415072635,-3.3114752948572805,-1.0744155528840995,-1.0809276548182767,-15.305933333333334
40,100,0,2.0,0.002,111.56316728768053,223.12633457536106,14316,5603,0.34909869712653935,0.011357198980368013,0.0009458788325339912,0.015159253759335287,-0.007279499098299621,-0.017750331254363306,-0.28447806055273345,-0.061168795667668786,-0.07181171089592635,-1.1508999999999998,-0.13086733743608228,-0.14173281892440417,-2.2715000000000005,-0.17757152724667422,-0.18858614782157868,-3.022401149060592,-0.8627020260044236,-0.8759044532234209,-14.0378
40,100,0,3.0,0.002,111.56316728768053,334.6895018630416,13258,5129,0.259114837200234,0.01400636917580797,-0.005410855113262322,-0.0972864871440957,-0.0010911876032730114,-0.020666176285347303,-0.37157522266196075,-0.04474681325683576,-0.06477798855130205,-1.1646999999999996,-0.10120948101729349,-0.12183067220883254,-2.190500000000001,-0.13904446415164484,-0.16006101819797228,-2.877876761294267,-0.6940674925020986,-0.7208838506129017,-12.961400000000001
40,100,0,0.75,0.004,223.12633457536106,167.3447509315208,12429,4759,0.5807942845135533,-0.007897306499015653,-0.0076212612256009275,-0.12528843679445384,-0.023378890496150592,-0.023102540144339757,-0.3797903070088269,-0.06814495731032363,-0.06786772480331046,-1.1156999999999995,-0.12604383104379008,-0.12576545758792193,-2.067500000000001,-0.16484119925347593,-0.16456206126092543,-2.705290213881734,-0.7339820052451869,-0.7336916518263416,-12.061399999999999
40,100,0,1.0,0.004,223.12633457536106,223.12633457536106,11496,4329,0.5065835065835066,-0.003835100022984661,-0.009804359900826301,-0.169777189090816,-0.017206470819894334,-0.02317347816969908,-0.4012835131416703,-0.05587071077120162,-0.06183120478098769,-1.0706999999999993,-0.10587769387815703,-0.11182976376051447,-1.9365000000000014,-0.1393867971050589,-0.14533322207668456,-2.5166626047266285,-0.630951016501188,-0.6368146330455442,-11.0274
40,100,0,1.3333333333333333,0.004,223.12633457536106,297.5017794338147,10579,3897,0.42622530151398513,0.002283902224047705,-0.024648906101689325,-0.44341550147537767,-0.009259807166231588,-0.036233810596763165,-0.6518193233340468,-0.04263923823376818,-0.06973236014817004,-1.2544333333333326,-0.08581103335029538,-0.11305821896847444,-2.0338333333333343,-0.11473995585610357,-0.1420903777871461,-2.556100293513438,-0.5391148820738304,-0.5679797365816699,-10.217533333333336
40,100,0,2.0,0.004,223.12633457536106,446.2526691507221,9247,3346,0.3484757919904363,-0.0032290107313692395,0.015706855323694445,0.30054736089215184,-0.012639803900713146,0.00635543593246873,0.12160992493138645,-0.03985176075675462,-0.020684837553270254,-0.39579999999999926,-0.07504675924944468,-0.05565778674641962,-1.0650000000000013,-0.09863052224190101,-0.07909275706158417,-1.5134232098441438,-0.4445942434226893,-0.42287375327448684,-8.0916
40,100,0,3.0,0.004,223.12633457536106,669.3790037260832,7991,2806,0.24982181040627227,-0.01144381388722665,-0.013675016528674916,-0.26583386292188316,-0.019154193452891217,-0.02139436235483233,-0.4158931711424182,-0.04144928721481194,-0.04371538267674663,-0.8497999999999989,-0.07028498600326487,-0.07258461397609983,-1.4110000000000014,-0.08960745553227992,-0.09192955325432595,-1.7870536541609896,-0.37305982328201887,-0.37571154261930706,-7.303600000000001
40,100,0,0.75,0.008,446.2526691507221,334.6895018630416,7490,2654,0.5772418990203466,0.0029317468375815543,-0.0015179450043067068,-0.027867096291759402,-0.0048057399444961305,-0.009249031118674,-0.16979774633356182,-0.027179216090372313,-0.03160399929285733,-0.5802,-0.05611629192788324,-0.06051713756353766,-1.1110000000000018,-0.07550669304946121,-0.07989149839737804,-1.466682964413139,-0.35995558822174667,-0.3641050894056799,-6.684399999999999
40,100,0,1.0,0.008,446.2526691507221,446.2526691507221,6557,2282,0.4991235758106924,-0.009197518918996499,-0.013235795540936528,-0.2416852726969853,-0.015881778439896174,-0.01991909276976786,-0.36372210140662675,-0.035209775392356174,-0.03924430718840995,-0.7166000000000005,-0.060207934371044845,-0.06423886733464261,-1.173000000000001,-0.07695891268756871,-0.08098743411500145,-1.4788283816091867,-0.3226886036472757,-0.326681748870085,-5.965199999999999
40,100,0,1.3333333333333333,0.008,446.2526691507221,595.0035588676294,5723,1939,0.4290871583290356,-0.015152713831478723,-0.008901239625279736,-0.15950149448997503,-0.020945796994968194,-0.014688044229543163,-0.26319536428313633,-0.03769689610761925,-0.03142098845559722,-0.5630333333333342,-0.05936218505172408,-0.05306279650085319,-0.9508333333333352,-0.07387984555757632,-0.06756472272692082,-1.2106936453141466,-0.28684771896482425,-0.2803017809760401,-5.022733333333333
40,100,0,2.0,0.008,446.2526691507221,892.5053383014442,4731,1543,0.3233959818535321,-0.027593371701355403,-0.029419220055689158,-0.5097810586202667,-0.03235315387389492,-0.034181212032398,-0.59229763473726,-0.04611639197642053,-0.0479508399359355,-0.8309000000000014,-0.0639172854158563,-0.06575999772174564,-1.1395000000000008,-0.07584545901747822,-0.07769370916665573,-1.3462893044798319,-0.25082666652993235,-0.25275615447275235,-4.3797999999999995
40,100,0,3.0,0.008,446.2526691507221,1338.7580074521663,3821,1232,0.2508116883116883,-0.027045211004179105,-0.004749771667832614,-0.08120431900205338,-0.03095052472339651,-0.008603486594351778,-0.14708923266124724,-0.04224300841997106,-0.01974676882666484,-0.33760000000000095,-0.05684831405022116,-0.03415910247266661,-0.5840000000000007,-0.06663516107872011,-0.043816641197838256,-0.7491098011141623,-0.21020402316784728,-0.18548860575568524,-3.171199999999999
40,100,0,0.75,0.015,836.7237546576039,627.5428159932029,3899,1272,0.559748427672956,-0.002410366402886587,-0.030568270795028864,-0.5068797839047174,-0.006529396817646674,-0.03467057900501971,-0.5749038181372611,-0.01843985706453669,-0.046532685844653886,-0.7715999999999998,-0.03384443207008154,-0.06187472223511528,-1.0260000000000011,-0.04416686029822145,-0.07215524405782345,-1.1964705089425443,-0.19559246962830115,-0.22296610433495903,-3.6971999999999996
40,100,0,1.0,0.015,836.7237546576039,836.7237546576039,3315,1051,0.5014272121788773,0.001415529999848715,-0.003269807126691658,-0.05157284031749862,-0.002149234549934162,-0.0068333260965664465,-0.10777823338228049,-0.012456996859134265,-0.017137486725641388,-0.2703000000000001,-0.02578869809820776,-0.0304645296769171,-0.4805000000000005,-0.03472211749795141,-0.03939482761167768,-0.6213525981907335,-0.16577156110847915,-0.1703984806653117,-2.687599999999999
40,100,0,1.3333333333333333,0.015,836.7237546576039,1115.6316728768052,2727,876,0.4257990867579909,0.0015738881064836627,-0.010909989013489284,-0.16549268136834447,-0.0015101118949162374,-0.013998327546419682,-0.2123394219247191,-0.01042771038762406,-0.02292847120197426,-0.34780000000000133,-0.021961422100076098,-0.034478408391697864,-0.5230000000000012,-0.02969002943348119,-0.04221788823048155,-0.6403995014415627,-0.1430653950808225,-0.15575274888379578,-2.3626
40,100,0,2.0,0.015,836.7237546576039,1673.4475093152078,2135,652,0.3328220858895706,-0.01598649354825268,-0.00541402100040056,-0.07491007791342463,-0.018517445708294368,-0.007934032695412452,-0.10977774325903661,-0.02583586826252866,-0.015220820141211285,-0.2106000000000004,-0.035301261439791405,-0.024645297569577597,-0.34100000000000025,-0.04164391235279945,-0.030960531310659,-0.42837953760262415,-0.13468788980105012,-0.1236023105674239,-1.710199999999999
40,100,0,3.0,0.015,836.7237546576039,2510.1712639728116,1605,484,0.2768595041322314,-0.03623571530460813,0.05654728505179796,0.7355268746777641,-0.038333683418224,0.05455737315825874,0.7096435157402251,-0.044400102769468694,0.04880340581247632,0.6347999999999997,-0.05224619855201726,0.04136142458587309,0.5379999999999994,-0.057503776937484964,0.036374638708357825,0.47313543527657964,-0.13463020426877703,-0.03677937829346041,-0.47839999999999977
40,100,0,0.75,0.025,1394.5395910960067,1045.904693322005,2007,624,0.5608974358974359,-0.004099290692558806,-0.02543188456788786,-0.34483725248155916,-0.006568770230554469,-0.02789295606426857,-0.37820753342582686,-0.013709440462657707,-0.03500931386472516,-0.47470000000000057,-0.022944934969179064,-0.04421336351780641,-0.5994999999999997,-0.029133533431689933,-0.050380891146317434,-0.6831270421227565,-0.11991762728765391,-0.14085588487516001,-1.9098999999999986
40,100,0,1.0,0.025,1394.5395910960067,1394.5395910960067,1660,500,0.5,0.03489418822122872,-0.0036717875981889317,-0.04594331128330101,0.03275412093929979,-0.005808767980334907,-0.07268231845018241,0.026565968942231274,-0.011987993993992533,-0.15000000000000058,0.018562428389762343,-0.019979989989987505,-0.25000000000000033,0.01319934807796337,-0.025335334427503315,-0.317008847854773,-0.06547474741116172,-0.1038959479479348,-1.299999999999999
40,100,0,1.3333333333333333,0.025,1394.5395910960067,1859.386121461342,1320,388,0.4587628865979381,-0.025789263603115547,0.05735411084865622,0.6476813237774912,-0.027647619428539102,0.05551668350037301,0.6269318542159923,-0.03302118333910645,0.050203635723436224,0.5669333333333326,-0.03997116399405516,0.04333192453081161,0.4893333333333328,-0.044628265957065955,0.03872727003272638,0.43733446739802906,-0.11294596087101723,-0.028821042991746933,-0.32546666666666657
40,100,0,2.0,0.025,1394.5395910960067,2789.0791821920134,943,275,0.38545454545454544,-0.042187173342189715,0.10438292990949005,1.0497311787941843,-0.04372143991815737,0.10292055289141787,1.0350247248524,-0.04815787743406234,0.09869198898538308,0.9924999999999996,-0.05389581140592671,0.0932229115101226,0.9375000000000002,-0.05774073485114071,0.08955814570566557,0.9006451336798745,-0.1141441181105029,0.035797598019887106,0.3600000000000003
40,100,0,3.0,0.025,1394.5395910960067,4183.61877328802,703,176,0.26136363636363635,-0.045120525533317156,0.023704109953807576,0.18382795442827837,-0.04638680863045334,0.022490441567491967,0.17441582390553625,-0.05004835345316308,0.018981035806291607,0.1472000000000008,-0.05478406816849707,0.01444209246130883,0.11200000000000057,-0.057957416036931345,0.011400598821054916,0.08841288555511989,-0.10450907267950377,-0.033216812661010134,-0.2576
40,100,0,0.75,0.04,2231.2633457536103,1673.4475093152078,998,282,0.5602836879432624,-0.019375372315833486,-0.025053646787123074,-0.24591202756378178,-0.020914868726479744,-0.0265900866321588,-0.2609928276059023,-0.02536642866969512,-0.03103280830531306,-0.30460000000000054,-0.03112392146304418,-0.03677886998758376,-0.36100000000000054,-0.0349819510491889,-0.04062923971789789,-0.3987929901900921,-0.09157759579320887,-0.09711251765142595,-0.9531999999999996
40,100,0,1.0,0.04,2231.2633457536103,2231.2633457536103,765,226,0.5221238938053098,-0.04544701916876027,0.04189874421469669,0.37923362329994786,-0.04678434025572429,0.04056344718310629,0.3671475920605183,-0.05065129632056346,0.03670234381383806,0.33219999999999983,-0.05565268279171298,0.031708527015567506,0.2869999999999999,-0.059004054242794764,0.028362227915068275,0.2567120007696424,-0.10816724073878303,-0.020726549366273363,-0.18759999999999966
40,100,0,1.3333333333333333,0.04,2231.2633457536103,2975.0177943381473,595,170,0.4470588235294118,-0.10591613864220363,0.03509998963324421,0.27771260749701066,-0.10709672587126762,0.03395094847102016,0.2686213450602718,-0.1105104751869724,0.03062841678111805,0.24233333333333268,-0.11492569981253883,0.02633116985997083,0.20833333333333287,-0.11788429096433109,0.023451634208635375,0.18555032506271027,-0.16128555838098665,-0.018789922812075234,-0.14866666666666675
40,100,0,2.0,0.04,2231.2633457536103,4462.526691507221,443,114,0.3684210526315789,-0.03391243917178415,0.07083914464645956,0.4695249250274077,-0.03486807846241165,0.0699193417321555,0.4634284313933588,-0.037631375315136696,0.06725966823070838,0.44579999999999986,-0.04120532734956815,0.06381973903452143,0.423,-0.043600191430722864,0.061514682113136585,0.4077219826891117,-0.07873182371109849,0.02770048247455823,0.1835999999999999
40,100,0,3.0,0.04,2231.2633457536103,6693.790037260831,330,71,0.2535211267605634,-0.05551869778961729,0.006726046738773097,0.03347604979777127,-0.05631505788080837,0.00596316134902196,0.029679110780074278,-0.05861778795397143,0.003757225681490949,0.018699999999999883,-0.06159605893546655,0.0009041452174710346,0.0044999999999997264,-0.06359176400615942,-0.0010076711298382679,-0.005015256395377879,-0.0928679042411649,-0.02905319965473769,-0.14460000000000006
40,100,1,0.75,0.001,55.781583643840264,41.8361877328802,12749,5166,0.5828493999225707,-0.11718998229404941,-0.08331539040412934,-0.3714362921790609,-0.17884230329972622,-0.14528383185301486,-0.6477037142272741,-0.3571142373537447,-0.3244698499493782,-1.4465499999999998,-0.5876849560827474,-0.5562228131844532,-2.47975,-0.7421877381935232,-0.7115178037175739,-3.1720854160355207,-3.0086775027372776,-2.9896289271527396,-13.32835
40,100,1,1.0,0.001,55.781583643840264,55.781583643840264,12603,5091,0.5201335690434099,-0.07721283391132128,-0.05165631040656668,-0.26279479548656554,-0.13069448883762608,-0.10517247656343055,-0.5350513664597467,-0.2853403789614394,-0.2599181582882411,-1.3222999999999996,-0.48535399424835074,-0.4600608405608625,-2.3404999999999996,-0.6193808134047892,-0.5941741460173862,-3.022784088857304,-2.5854969547609197,-2.561559004423387,-13.0316
40,100,1,1.3333333333333333,0.001,55.781583643840264,74.37544485845368,12421,4996,0.45716573258606885,-0.05031025196270289,-0.021648782761867547,-0.1257322330094052,-0.09644791665949745,-0.06765161354071948,-0.3929083926208791,-0.22985815303123144,-0.2006719683486191,-1.1654666666666667,-0.40240631238825114,-0.37271586845210286,-2.1646666666666667,-0.5180288459680088,-0.48800050371586495,-2.834219074431564,-2.214161985636958,-2.1791768195386814,-12.656266666666664
40,100,1,2.0,0.001,55.781583643840264,111.56316728768053,12151,4858,0.3688760806916426,-0.014687271607106719,0.010183138998926106,0.07161478757145272,-0.05189359473358458,-0.026758124682425062,-0.18818140606196215,-0.1594782415822444,-0.13357633388281417,-0.9393999999999996,-0.2986244817334564,-0.27173129023851184,-1.911,-0.3918647740920198,-0.36430733474673,-2.5620579657569795,-1.7596600033211813,-1.7223583319733364,-12.1128
40,100,1,3.0,0.001,55.781583643840264,167.3447509315208,11810,4661,0.2821282986483587,0.011189342518050103,0.020344309192041537,0.17071645221707313,-0.0186516469398381,-0.009360170325872198,-0.0785445725925912,-0.10493892401174985,-0.09525271950076601,-0.7992999999999995,-0.21653988687341272,-0.20634315503012188,-1.7314999999999996,-0.29132240628184675,-0.28078357595519327,-2.3561564797021988,-1.388349996920873,-1.372792728088358,-11.519599999999997
40,100,1,0.75,0.002,111.56316728768053,83.6723754657604,11430,4541,0.5840123320854438,-0.04170476641978615,-0.027730358012526567,-0.21725715307493487,-0.0726319814560156,-0.05872653753176044,-0.4601008161645479,-0.1620601546290166,-0.14835412625904534,-1.1622999999999999,-0.2777234432590298,-0.2642753320307609,-2.0705,-0.35522808036094283,-0.3419527964377488,-2.679074356217053,-1.4921879738741675,-1.4814479926337745,-11.6066
40,100,1,1.0,0.002,111.56316728768053,111.56316728768053,11092,4359,0.5118146363844919,-0.02575266748691854,-0.02231771016440558,-0.19453378776781333,-0.052495923169399626,-0.04906111708518931,-0.4276444522486816,-0.1298258895948001,-0.12639152082656227,-1.1016999999999997,-0.2298417784255769,-0.22640797526660683,-1.9735000000000005,-0.29686127320279143,-0.29342784905207503,-2.5576831355979155,-1.2800086111487323,-1.2765807468870738,-11.1274
40,100,1,1.3333333333333333,0.002,111.56316728768053,148.75088971690735,10687,4154,0.44029850746268656,-0.0025537673059800336,-0.01603864880936438,-0.15436369680832684,-0.025601734169997555,-0.03912016707665139,-0.37651136835077453,-0.092246518370141,-0.10586196747105178,-1.018866666666667,-0.17844256417009408,-0.19218349064217305,-1.8496666666666668,-0.2362015413570155,-0.2500265487698329,-2.4063761746441257,-1.0835010450696014,-1.0985594839389468,-10.573066666666668
40,100,1,2.0,0.002,111.56316728768053,223.12633457536106,10060,3859,0.350349831562581,0.009691266795630982,0.0035672056172503333,0.03940952351548731,-0.00895469011025227,-0.015112800369688713,-0.1669621337985005,-0.06287075921645174,-0.0691273247397544,-0.7636999999999997,-0.1326039276527809,-0.13898783178982968,-1.5355,-0.17933132039459354,-0.18580055266958792,-2.052674287743142,-0.8648021962342364,-0.8725231558156198,-9.639400000000002
40,100,1,3.0,0.002,111.56316728768053,334.6895018630416,9404,3563,0.2632612966601179,0.0165458632552379,0.004030898385573304,0.05060796379520149,0.00146874483979236,-0.011145687431577136,-0.1399342012759925,-0.04212778187710825,-0.05502983099384559,-0.6908999999999996,-0.0985140131285069,-0.11178805586895697,-1.4035000000000006,-0.13629777703879728,-0.14982108842059053,-1.8810050498131168,-0.6905694412681915,-0.7077494170576254,-8.8858
40,100,1,0.75,0.004,223.12633457536106,167.3447509315208,8995,3414,0.5688342120679555,-0.020028691429535696,-0.031739647370768426,-0.3757009294423756,-0.03548047120623082,-0.047163704247561195,-0.5582748703778388,-0.0801603570634811,-0.09176342742962647,-1.0861999999999994,-0.1379477673448687,-0.14944715809520281,-1.7690000000000001,-0.17667044517953734,-0.18810036141385614,-2.226536413152393,-0.7447155752994375,-0.7551263300837542,-8.938400000000001
40,100,1,1.0,0.004,223.12633457536106,223.12633457536106,8394,3144,0.49459287531806617,-0.009152589655477203,-0.03378250695759502,-0.4248915413493939,-0.022522573574371593,-0.04715066589113262,-0.5930264184147406,-0.06118280327234124,-0.08580561851820101,-1.0791999999999993,-0.11118459965711726,-0.13580058972302403,-1.708000000000001,-0.14469022732124523,-0.16930164391270147,-2.1293516353108153,-0.6362034616972639,-0.6607477873736641,-8.310400000000001
40,100,1,1.3333333333333333,0.004,223.12633457536106,297.5017794338147,7794,2887,0.42085209560096987,-0.0036260462431728447,-0.03557106142070622,-0.47327667934977724,-0.0151780771574039,-0.047174956050251196,-0.6276677067313472,-0.04858157048480284,-0.08072841688390814,-1.0740999999999996,-0.09178448689128604,-0.12412529604671292,-1.6515000000000006,-0.12073426341493124,-0.15320504477863664,-2.038409087513462,-0.5454151091593589,-0.5797925272561627,-7.7142
40,100,1,2.0,0.004,223.12633457536106,446.2526691507221,6937,2535,0.3305719921104536,-0.010819712830064221,-0.022143029783910112,-0.3169325882063345,-0.020254831136026427,-0.031614630548215214,-0.45249935454241946,-0.047537125800609946,-0.05900241675475114,-0.8444999999999994,-0.08282309676833051,-0.09442482681355394,-1.351500000000001,-0.10646781936816974,-0.11816097567635088,-1.6912348586237012,-0.4533257919293951,-0.46636013243098184,-6.675
40,100,1,3.0,0.004,223.12633457536106,669.3790037260832,6122,2192,0.24315693430656934,-0.006258412385402535,-0.029332000908770313,-0.44141547666599007,-0.013945942560251712,-0.03712150763774062,-0.558639284085595,-0.03617496573429896,-0.05964540304424888,-0.8975999999999995,-0.06492521112250868,-0.08877702592147574,-1.3360000000000012,-0.08419041931256804,-0.10829779077290294,-1.6297667889953273,-0.36680278769870944,-0.39465906613235663,-5.939200000000001
40,100,1,0.75,0.008,446.2526691507221,334.6895018630416,5948,2106,0.5560303893637227,-0.0071048443836572465,-0.04419093824541336,-0.6475132271252622,-0.014830104738479108,-0.05187725394367609,-0.7601379253121632,-0.03716822732754001,-0.07410276537499605,-1.0858,-0.06605957810435767,-0.10284846879730997,-1.5070000000000014,-0.08541933938958422,-0.1221106334683526,-1.7892412671643068,-0.3694187612609419,-0.40467835473160485,-5.9296
40,100,1,1.0,0.008,446.2526691507221,446.2526691507221,5291,1872,0.4823717948717949,-0.0192335952598405,-0.046758821819712526,-0.7000117574446786,-0.025917916002154682,-0.05344594530364922,-0.800122600277478,-0.04524608998055288,-0.07278222360255886,-1.0896000000000006,-0.07024447791843262,-0.09779109338669802,-1.4640000000000009,-0.08699560965787247,-0.11454924889055021,-1.7148811263682722,-0.3327275512661696,-0.360384226120159,-5.395199999999999
40,100,1,1.3333333333333333,0.008,446.2526691507221,595.0035588676294,4687,1628,0.40663390663390664,-0.01803506815721445,-0.05466504924246838,-0.8162580882050953,-0.023830557459078826,-0.06049563140749276,-0.9033202955404569,-0.04058861408662463,-0.07735516146677618,-1.1550666666666674,-0.0622629016384933,-0.09916069122573587,-1.4806666666666681,-0.07678659200773107,-0.11377232548584446,-1.6988474752818106,-0.2898429209331137,-0.32811875369481186,-4.899466666666666
40,100,1,2.0,0.008,446.2526691507221,892.5053383014442,3925,1331,0.31930879038317056,-0.011557236000211255,-0.038279935059597495,-0.5703010946361471,-0.01628922497502697,-0.04305765089878057,-0.641480331714383,-0.029972097131373398,-0.056872745434041826,-0.8473000000000009,-0.04766904805136434,-0.074740708179872,-1.1135000000000006,-0.059527570968275066,-0.08671382415097295,-1.2918775529894075,-0.2334870327112698,-0.2623543170110889,-3.9086
40,100,1,3.0,0.008,446.2526691507221,1338.7580074521663,3262,1091,0.2392300641613199,-0.009120933495757193,-0.03196134438618729,-0.4762483052201626,-0.012985329424929111,-0.03587688397550074,-0.5345928188582959,-0.024159496512337373,-0.047198936480024024,-0.7033000000000008,-0.038611775555661094,-0.06184248537799248,-0.9215000000000005,-0.04829608123134918,-0.07165495877957152,-1.0677133060191162,-0.19036070551056017,-0.2155997488066614,-3.2125999999999992
40,100,1,0.75,0.015,836.7237546576039,627.5428159932029,3372,1108,0.5388086642599278,0.007409735410301431,-0.0724265876549625,-1.0505603778037949,0.003284550208489473,-0.07651158746406128,-1.1098140176856015,-0.008643707029228023,-0.08832364586996136,-1.2811499999999998,-0.024071300043681975,-0.10360095135704993,-1.5027500000000007,-0.03440915237439099,-0.11383809774720201,-1.6512416068461786,-0.18606102669544738,-0.26401265897147924,-3.82955
40,100,1,1.0,0.015,836.7237546576039,836.7237546576039,2888,935,0.46951871657754013,-0.001277923121931207,-0.06717740237310565,-0.9409139920997732,-0.0048425486641426934,-0.07074733618168018,-0.9909159355018385,-0.015149909023372406,-0.08107004575884001,-1.1354999999999997,-0.0284810903943351,-0.0944210792743866,-1.3225000000000005,-0.03741416143644734,-0.10336745300985895,-1.4478065454884261,-0.16845849478944308,-0.23460693118762516,-3.2859999999999996
40,100,1,1.3333333333333333,0.015,836.7237546576039,1115.6316728768052,2448,806,0.42555831265508687,0.01845343739862939,-0.011396919594086237,-0.15906061778868213,0.015376205282625734,-0.014485330906305145,-0.20216389734169365,0.00647817659685075,-0.023415685008186943,-0.3268000000000013,-0.005030224208004754,-0.03496589438187028,-0.48800000000000116,-0.012741870993847824,-0.04270555660798944,-0.5960182627418946,-0.12586843265898764,-0.1562430928055454,-2.1806
40,100,1,2.0,0.015,836.7237546576039,1673.4475093152078,1924,600,0.3416666666666667,-0.014672571526755052,0.01325444157227153,0.16986802646003882,-0.017202248919347754,0.010750775999087225,0.1377812178597823,-0.024516985395671383,0.003511254490806299,0.04499999999999968,-0.03397761112797619,-0.005852090818010554,-0.07500000000000018,-0.0403170674310458,-0.012126360630112663,-0.15541061742572768,-0.13331418131717646,-0.10416721656058753,-1.334999999999999
40,100,1,3.0,0.015,836.7237546576039,2510.1712639728116,1490,435,0.27586206896551724,-0.04736893408321135,0.05437469864493745,0.6350293191835275,-0.049481217624817456,0.05238279825676183,0.6117663829483426,-0.05558903102243386,0.04662308104173032,0.5444999999999998,-0.06348866442476353,0.039173663134236196,0.4574999999999995,-0.0687821177524154,0.03418189402253729,0.3992023023663474,-0.14643481514922482,-0.03904522489445184,-0.4559999999999999
40,100,1,0.75,0.025,1394.5395910960067,1045.904693322005,1856,574,0.5383275261324042,0.0049379969023117766,-0.07054884663840814,-0.8839929213532292,0.002465237054716669,-0.07299863347348218,-0.9146893015808087,-0.0046849184186078235,-0.08008236089825348,-1.0034500000000006,-0.013932680806202597,-0.08924420755839542,-1.1182499999999997,-0.02012949983447696,-0.09538345544757758,-1.1951761573372794,-0.11103418587594828,-0.18544359748988634,-2.323649999999999
40,100,1,1.0,0.025,1394.5395910960067,1394.5395910960067,1533,479,0.48851774530271397,0.01262998684729893,-0.026619171846748876,-0.31901369220940234,0.010491279668062918,-0.028756622037488765,-0.34462966107527465,0.004307060501642535,-0.0349372065350657,-0.4187000000000005,-0.0036913934644605055,-0.04293095954691016,-0.5145000000000002,-0.009051065313340557,-0.04828748134050337,-0.5786944762448727,-0.08767516010854268,-0.1268653661712773,-1.5203999999999995
40,100,1,1.3333333333333333,0.025,1394.5395910960067,1859.386121461342,1233,372,0.45698924731182794,-0.03850569421104802,0.05381250070516277,0.5824848430718904,-0.04036809471951702,0.05197462236858765,0.5625910217397314,-0.045753354109790305,0.046660270527931556,0.5050666666666658,-0.052718461291390524,0.03978687270465128,0.4306666666666663,-0.05738569936563092,0.03518108801479609,0.38081208386271514,-0.12585208669819323,-0.03238380443979202,-0.35053333333333303
40,100,1,2.0,0.025,1394.5395910960067,2789.0791821920134,900,268,0.373134328358209,-0.04329768669560448,0.07961296146101957,0.7753743851521506,-0.044832583955285,0.07814138647597219,0.7610422773107025,-0.04927084513660006,0.07388622601468557,0.7195999999999998,-0.05501113777387379,0.06838274947996192,0.666,-0.05885764173360337,0.06469493326208578,0.6300832575498414,-0.11528421046524855,0.010596245865363486,0.10320000000000018
40,100,1,3.0,0.025,1394.5395910960067,4183.61877328802,664,170,0.2823529411764706,-0.0021204321342253416,0.06962544169936682,0.5343792741636783,-0.003354523636344509,0.06844092127844761,0.5252880117269385,-0.006922984244050561,0.06501579886749578,0.4990000000000006,-0.011538307073417681,0.060585864676123306,0.4650000000000004,-0.014630981726154936,0.05761741681375995,0.44221699172937745,-0.05999919678177224,0.014071555666712525,0.10800000000000022
40,100,1,0.75,0.04,2231.2633457536103,1673.4475093152078,918,268,0.5783582089552238,-0.010496753365370655,0.011353249352415235,0.10537438515215079,-0.012037989301651916,0.009809079070095471,0.09104227731070247,-0.016494579203094797,0.005344004304904815,0.04959999999999966,-0.022258577569459877,-0.0004309680891052961,-0.004000000000000614,-0.026120966465129007,-0.004300710554262615,-0.03991674245015858,-0.0827805604162928,-0.06106817822621102,-0.5667999999999994
40,100,1,1.0,0.04,2231.2633457536103,2231.2633457536103,716,216,0.4861111111111111,-0.08070042216095676,-0.030016827455093684,-0.259847510474386,-0.08204054372676224,-0.03135119433207031,-0.27139876157047804,-0.08591559756912552,-0.035209608095184815,-0.30480000000000024,-0.09092745742406225,-0.040199946250407834,-0.34800000000000003,-0.09428584696895127,-0.04354391435227994,-0.37694782227326207,-0.14355198590089827,-0.09259849688024971,-0.8015999999999995
40,100,1,1.3333333333333333,0.04,2231.2633457536103,2975.0177943381473,580,163,0.48466257668711654,-0.04608568096443067,0.10992642905732311,0.8383558138549768,-0.04725103142612053,0.10878345435682449,0.8296388975185743,-0.050620722579144385,0.10547846425898273,0.8044333333333327,-0.05497896390956055,0.1012039050228627,0.7718333333333328,-0.057899371211802934,0.09833957212786891,0.7499884489326771,-0.10074049787893048,0.0563210330436022,0.4295333333333331
40,100,1,2.0,0.04,2231.2633457536103,4462.526691507221,427,109,0.3577981651376147,0.011556946940318561,0.04921254659846761,0.3099843581402407,0.010616998115896982,0.04828712883735229,0.30415525457786086,0.007899071327284846,0.04561121961948542,0.28729999999999994,0.004383799355684391,0.042150291712402976,0.2654999999999998,0.002028256108553205,0.03983116379678278,0.25089207116765966,-0.03252655634612032,0.0058105486880374625,0.03659999999999991
40,100,1,3.0,0.04,2231.2633457536103,6693.790037260831,301,64,0.296875,0.011988857105568785,0.10054601024437486,0.47411925615573747,0.011224088953267953,0.0998201842880078,0.4706966632383768,0.009012709148101565,0.0977214085255146,0.4607999999999999,0.0061525874258257585,0.0950069249553614,0.4479999999999998,0.004236052812484671,0.09318798078979465,0.4394228674745889,-0.023878690658069874,0.066504847468753,0.31359999999999993
40,200,0,0.75,0.001,55.781583643840264,41.8361877328802,11071,4715,0.5815482502651114,-0.11297335964761461,-0.08591533082716372,-0.34974542540152376,-0.17466097803621172,-0.1478559574238278,-0.6018942629852104,-0.353034976904946,-0.3269615469585402,-1.331,-0.5837377027152141,-0.5586104866894969,-2.274,-0.7383289412502324,-0.7138357722710097,-2.9058934352705146,-3.0061163237230297,-2.990924353864542,-12.1755
40,200,0,1.0,0.001,55.781583643840264,55.781583643840264,11001,4682,0.5215719777872704,-0.0679960492699892,-0.04878288478921754,-0.22821316685682574,-0.12148692124081402,-0.10230502407685606,-0.4785972299674984,-0.2761594630839145,-0.25706797752085225,-1.2025999999999994,-0.4762075487775335,-0.45723299843431153,-2.1389999999999993,-0.6102574661563576,-0.5913612727566872,-2.766470851312099,-2.576712448560532,-2.558965718025634,-11.9712
40,200,0,1.3333333333333333,0.001,55.781583643840264,74.37544485845368,10924,4645,0.4581270182992465,-0.04769566640337713,-0.019715926939998962,-0.10648002848852825,-0.09381946196207237,-0.06571086444781743,-0.3548854050688518,-0.22718959476540374,-0.19870839531867465,-1.0731666666666664,-0.3996858855619612,-0.3707227757358657,-2.0021666666666667,-0.5152736626169543,-0.4859876301979527,-2.624678863237513,-2.2108969389258144,-2.176873770116371,-11.756666666666664
40,200,0,2.0,0.001,55.781583643840264,111.56316728768053,10786,4588,0.36835222319093286,-0.009602263716655273,0.009100172025929516,0.06042417566443499,-0.04675265509581507,-0.027851794038682123,-0.18493295409886426,-0.1541755714433881,-0.13470094991766676,-0.8943999999999996,-0.29311263498991547,-0.2728959316310513,-1.812,-0.38621276051569786,-0.3654987966703052,-2.426873187915402,-1.7519518022284515,-1.7239432396215881,-11.446799999999998
40,200,0,3.0,0.001,55.781583643840264,167.3447509315208,10610,4497,0.27885256837891925,0.007748721033498595,0.01311284983292719,0.10578585831799563,-0.02214351458665542,-0.01669753856468194,-0.1347047721409317,-0.10857897346763698,-0.1028963305623732,-0.8300999999999995,-0.2203715895269896,-0.2143828499067878,-1.7294999999999996,-0.2952825335350724,-0.2890886820328692,-2.3321775776058327,-1.394194058150192,-1.3849913030231404,-11.173199999999998
40,200,0,0.75,0.002,111.56316728768053,83.6723754657604,10167,4323,0.5891741845940319,-0.04212989245709012,-0.017290661134195,-0.12872586935541575,-0.07305487635497442,-0.048343855012465436,-0.3599113253202688,-0.16247659803772427,-0.1381363046872134,-1.0283999999999998,-0.27813154253464684,-0.25427073587407145,-1.893,-0.3556305883291124,-0.3320910801750797,-2.4723584985523717,-1.4925084597523324,-1.47368226333608,-10.9713
40,200,0,1.0,0.002,111.56316728768053,111.56316728768053,9980,4218,0.5180180180180181,-0.017692976839789397,-0.009912539055396484,-0.08357777398592242,-0.044441324824632096,-0.03666575285324877,-0.30914803844573036,-0.12178601599317251,-0.11402451385536261,-0.9613999999999997,-0.22182094929456042,-0.21407764459010775,-1.8050000000000002,-0.2888532055521115,-0.28112209473809074,-2.3702866405028695,-1.2721877489591327,-1.264635517304931,-10.662799999999999
40,200,0,1.3333333333333333,0.002,111.56316728768053,148.75088971690735,9770,4097,0.4427629973151086,-0.002164314215410515,-0.011068261521778049,-0.10512615932203036,-0.025211224860171206,-0.03413625665991979,-0.3242255840474538,-0.09185295492955967,-0.10083895399464837,-0.957766666666667,-0.17804505062302517,-0.1871099026284995,-1.7771666666666668,-0.23580138088910021,-0.24491907134142668,-2.3262371659886814,-1.0830620554044124,-1.0929548632839365,-10.380866666666666
40,200,0,2.0,0.002,111.56316728768053,223.12633457536106,9403,3884,0.3406282183316169,0.0041597513117581884,-0.01691954607962167,-0.1868876420486777,-0.01451821083244422,-0.03572408189655233,-0.3945962497210095,-0.06852682529041546,-0.09009869285018689,-0.9951999999999998,-0.13837968866575046,-0.16042492336267206,-1.7720000000000002,-0.18518728760713143,-0.20754972016878048,-2.292524730135881,-0.871834754106767,-0.8988503437437656,-9.9284
40,200,0,3.0,0.002,111.56316728768053,334.6895018630416,8971,3627,0.2591673559415495,0.01714378391440124,-0.00529043947665059,-0.06727278004906094,0.00207144290293719,-0.020544139591217987,-0.26123753803761574,-0.04151126962118614,-0.06465126445766917,-0.8220999999999997,-0.09787963407614138,-0.12169788559572205,-1.5475000000000005,-0.13565142565198648,-0.1599241691604089,-2.0335821823385274,-0.6897474608531703,-0.7206874075452768,-9.164200000000001
40,200,0,0.75,0.004,223.12633457536106,167.3447509315208,8173,3288,0.5684306569343066,0.0035847716424772143,-0.03255053874204404,-0.37112321499898393,-0.011926634583289256,-0.04797276752223061,-0.5469589261283931,-0.05677893442631219,-0.09256720463700262,-1.0553999999999997,-0.11478933895987688,-0.15024409848700546,-1.7130000000000005,-0.1536614426737117,-0.18889272053431302,-2.1536501834929904,-0.7238985865623051,-0.7558514839120347,-8.617799999999999
40,200,0,1.0,0.004,223.12633457536106,223.12633457536106,7768,3060,0.49411764705882355,0.022879955309749008,-0.03473308894129909,-0.4251730650537993,0.009497251062535616,-0.04810133295683228,-0.58881578891511,-0.029199760341203425,-0.08675653160435311,-1.0619999999999994,-0.0792491289048551,-0.13675182100347194,-1.6740000000000008,-0.11278663413794707,-0.1702530884114811,-2.0840941488712135,-0.6047674988231961,-0.6617023596942189,-8.100000000000001
40,200,0,1.3333333333333333,0.004,223.12633457536106,297.5017794338147,7357,2853,0.4251664914125482,0.029643124985561556,-0.026797049939715316,-0.35281920084917956,0.01813374520402314,-0.038385138848825245,-0.5053919757434014,-0.015146419434517352,-0.07189289635282474,-0.9465666666666666,-0.05818982680453391,-0.11523066441873504,-1.5171666666666672,-0.08703271816061858,-0.14427080348567545,-1.8995191525260042,-0.5101456041897071,-0.5702772291107929,-7.508466666666667
40,200,0,2.0,0.004,223.12633457536106,446.2526691507221,6605,2542,0.3351691581431943,0.017072300326110436,-0.012329740330861197,-0.17757579456430067,0.007724259584833693,-0.02176863159834503,-0.313516907000722,-0.019306244301787675,-0.049061836041126704,-0.7065999999999996,-0.05426655783525123,-0.08436191733649734,-1.215000000000001,-0.07769306114044142,-0.10801609510432345,-1.5556729824936681,-0.4213498499366171,-0.45501277093788806,-6.5532
40,200,0,3.0,0.004,223.12633457536106,669.3790037260832,5952,2228,0.24102333931777378,0.00031499791060388566,-0.03440757093125523,-0.5247233950783877,-0.007344123170795403,-0.042220502955339426,-0.6438724110140082,-0.02949099949373598,-0.06481213421668033,-0.9883999999999994,-0.058134999002012334,-0.09403136429251288,-1.434000000000001,-0.07732901305203523,-0.1136108337183636,-1.732591426040871,-0.35889699383891294,-0.4008332800887533,-6.1128
40,200,0,0.75,0.008,446.2526691507221,334.6895018630416,5398,1978,0.5717896865520729,0.03509621675399887,-0.01253113162718763,-0.17175173943673727,0.027314797713043546,-0.020248881660415836,-0.27753125178891674,0.00481428841367499,-0.042565287637125,-0.5834000000000003,-0.024287087686008853,-0.07142855090288897,-0.9790000000000014,-0.04378758452029133,-0.09076949107056735,-1.2440870021134849,-0.3298515367326881,-0.3744928151934095,-5.1328
40,200,0,1.0,0.008,446.2526691507221,446.2526691507221,4806,1736,0.48963133640552997,0.01140402993077232,-0.03222080161945044,-0.4475151767756207,0.0047182221807068915,-0.038905065196092874,-0.5403530096590288,-0.01461425158305937,-0.05823307387601253,-0.8088000000000004,-0.039618200713776086,-0.08323124802258965,-1.1560000000000008,-0.05637305894446295,-0.09998223650294077,-1.388654719751774,-0.3021596665863012,-0.34571207656164876,-4.801599999999999
40,200,0,1.3333333333333333,0.008,446.2526691507221,595.0035588676294,4329,1536,0.427734375,0.011358201518412233,-0.01163754355611901,-0.16513785226230115,0.005586145725533739,-0.01742624533781104,-0.2472800822789569,-0.01110415129620258,-0.0341646753831161,-0.4848000000000007,-0.03269080093077827,-0.055813578596179796,-0.7920000000000014,-0.047155766141354076,-0.07032025921244878,-0.9978511806098656,-0.25935062209382226,-0.2831270623333479,-4.0176
40,200,0,2.0,0.008,446.2526691507221,892.5053383014442,3682,1255,0.33386454183266934,0.010058111967369122,-0.006989276415795478,-0.0993177113210853,0.005361342325284937,-0.011712347832920527,-0.16643261930995557,-0.00821969070384413,-0.025369434256781502,-0.36050000000000093,-0.02578492643893041,-0.04303303480727283,-0.6115000000000005,-0.03755518852798671,-0.054869210025826544,-0.7796922081154822,-0.21021990165733676,-0.2285008405874321,-3.2469999999999994
40,200,0,3.0,0.008,446.2526691507221,1338.7580074521663,3096,999,0.2672672672672673,0.022097438524545366,0.032514191481476336,0.46020526405596485,0.018300287513965726,0.028739667938678017,0.4067807277365373,0.0073205637418650585,0.017825373048707353,0.25229999999999897,-0.006880229080700348,0.003709203666496729,0.05249999999999916,-0.016396016737344768,-0.00574987879775088,-0.0813836780138378,-0.1559885537176371,-0.14451057484671478,-2.045399999999999
40,200,0,0.75,0.015,836.7237546576039,627.5428159932029,3043,1033,0.5643756050338818,0.023680319311081728,-0.02127366183037362,-0.28616888111129957,0.019543970872383208,-0.02538038511586252,-0.3414116699180745,0.007583434366057312,-0.037255258450499526,-0.5011499999999999,-0.00788590753165509,-0.05261380658154461,-0.707750000000001,-0.018251735308027844,-0.06290539273137871,-0.8461902796679628,-0.1703139974576344,-0.2138785619575171,-2.8770499999999997
40,200,0,1.0,0.015,836.7237546576039,836.7237546576039,2625,871,0.5074626865671642,0.020163066019402393,0.00879552514157188,0.11496675174448955,0.016597312142734907,0.005231974444959743,0.06838740125978465,0.006286689126683021,-0.005072277924162244,-0.0663,-0.007048712051129491,-0.01839943952882385,-0.2405000000000003,-0.01598461073719349,-0.027329816971851283,-0.35722941296301525,-0.14707042441816065,-0.1583346363777704,-2.0695999999999994
40,200,0,1.3333333333333333,0.015,836.7237546576039,1115.6316728768052,2256,739,0.4397834912043302,0.03938468665725182,0.01728766684575252,0.22209578592328028,0.03631457677151949,0.014211458273664991,0.18257553333063078,0.027437142505298204,0.00531638923564604,0.0682999999999987,0.015955377806364256,-0.00618818366374634,-0.07950000000000126,0.008261579568212605,-0.013897265414241576,-0.1785390771293551,-0.10460315153244228,-0.12698619910736625,-1.6314
40,200,0,2.0,0.015,836.7237546576039,1673.4475093152078,1775,551,0.35934664246823955,0.019799779361704118,0.04991491187967443,0.5943704709658022,0.017300164043012347,0.04744034066970783,0.5649040850679001,0.010072354124660409,0.04028494751728248,0.47969999999999974,0.0007241561788971328,0.031030410897719154,0.3694999999999998,-0.005539963559742381,0.02482905253465172,0.29565624966404014,-0.09743192225161706,-0.0661422236076958,-0.7875999999999994
40,200,0,3.0,0.015,836.7237546576039,2510.1712639728116,1393,416,0.2644230769230769,0.0026697863554981955,0.029195881921021096,0.321775165012293,0.0006194623227471757,0.027177340429826273,0.29952831104944966,-0.005309190885983249,0.02134058862983356,0.23519999999999985,-0.012977104731680102,0.013791536869620294,0.15199999999999952,-0.01811528545417815,0.008733004261140974,0.09624863858482874,-0.09349020011149703,-0.06547350661261864,-0.7215999999999999
40,200,0,0.75,0.025,1394.5395910960067,1045.904693322005,1730,554,0.5523465703971119,0.04687449637861643,-0.04256016725252273,-0.5134051889018971,0.04438363129870815,-0.045016165826557805,-0.5430320088428016,0.03718112329869342,-0.05211785492252587,-0.6287000000000006,0.027865649974038943,-0.06130293258343859,-0.7394999999999998,0.021623458626969204,-0.06745774729858235,-0.8137458034230882,-0.06994681993483379,-0.15774624802302262,-1.9028999999999985
40,200,0,1.0,0.025,1394.5395910960067,1394.5395910960067,1434,446,0.5112107623318386,0.0270112376752295,0.018729740749727154,0.2090185663352955,0.024871855769498696,0.01659248234545235,0.18516737194243726,0.01868568558492975,0.010412452411653405,0.11619999999999947,0.010684708239815028,0.002419416653310165,0.026999999999999802,0.00532334550373224,-0.0029366245169756633,-0.03277189228645755,-0.07332555388388992,-0.08150745880929408,-0.9095999999999993
40,200,0,1.3333333333333333,0.025,1394.5395910960067,1859.386121461342,1155,349,0.4469914040114613,0.04205487055712631,0.03383191858116927,0.34293156872425545,0.0402132977848275,0.0319906384741496,0.324267741721773,0.03488826322872848,0.026666450179870016,0.2702999999999993,0.028001048752867852,0.01978033022961133,0.20049999999999962,0.02338600568330648,0.015166020589045284,0.15372782419736797,-0.04431470324366916,-0.05252392924810517,-0.5323999999999998
40,200,0,2.0,0.025,1394.5395910960067,2789.0791821920134,854,242,0.3512396694214876,-0.011738371505645415,0.03487255059763694,0.3027634373388815,-0.01325502716467717,0.033381916933084115,0.2898217578701119,-0.017640541500863655,0.02907164698685766,0.25239999999999996,-0.02331261320332506,0.02349689376116862,0.20399999999999985,-0.027113403100641125,0.01976131585388757,0.17156771763828937,-0.08286936607917005,-0.035038015108566224,-0.30420000000000047
40,200,0,3.0,0.025,1394.5395910960067,4183.61877328802,650,182,0.25274725274725274,-0.018268026013137005,0.004195605272627923,0.03327663469287867,-0.019513811322275212,0.0029684433117440493,0.023543636084134012,-0.02311608537868411,-0.0005799800500324003,-0.004599999999999341,-0.02777514134648093,-0.0051693874024633735,-0.04099999999999948,-0.030897121071410665,-0.008244696392689658,-0.06539122061913732,-0.07669522900834748,-0.05335816460298847,-0.4232
40,200,0,0.75,0.04,2231.2633457536103,1673.4475093152078,867,257,0.5797665369649806,-0.012948184222162745,0.014205168054281556,0.1263851380003834,-0.014488859307445558,0.012660416056066048,0.11264128831660652,-0.018943827469583608,0.008193659219282402,0.07289999999999963,-0.02470572833474028,0.0024165112923809043,0.021499999999999436,-0.028566711719015883,-0.001454688972301646,-0.012942547797353599,-0.08520568741888473,-0.058243541940084485,-0.5181999999999995
40,200,0,1.0,0.04,2231.2633457536103,2231.2633457536103,671,208,0.5528846153846154,-0.0067631268793989134,0.10380530943400926,0.8608875825061467,-0.00809909398164968,0.10246405326626233,0.8497641555247248,-0.011962134906400494,0.09858571864421097,0.8175999999999999,-0.016958457671538807,0.09356961554294,0.776,-0.020306435991563725,0.09020838264757072,0.7481243192924143,-0.06941984670549117,0.04090053297959444,0.33920000000000045
40,200,0,1.3333333333333333,0.04,2231.2633457536103,2975.0177943381473,557,151,0.4768211920529801,-0.02277286171201075,0.09431839392356169,0.6661251199924426,-0.023933382767830927,0.09317500809274663,0.6580499398280455,-0.027289109361034902,0.08986882918326772,0.6346999999999993,-0.03162928941550489,0.0855927323795263,0.6044999999999994,-0.03453759406482786,0.08272736917818448,0.5842633279478585,-0.07720117998743996,0.04069371594024129,0.28739999999999977
40,200,0,2.0,0.04,2231.2633457536103,4462.526691507221,405,103,0.3883495145631068,-0.03877418253222769,0.1107699214755056,0.6705356778756406,-0.039731525060397455,0.10985998210714874,0.6650274423992633,-0.04249974694182964,0.10722882972840947,0.6491,-0.04608006883708518,0.10382578876029173,0.6285000000000001,-0.048479201288588056,0.10154545021553017,0.6146961773419172,-0.0836734487372683,0.0680938585950553,0.4122000000000001
40,200,0,3.0,0.04,2231.2633457536103,6693.790037260831,292,67,0.29850746268656714,-0.00926203011904701,0.10396367083353816,0.5138435962880377,-0.010036163192387149,0.10323873305444412,0.5102605693276757,-0.012274622311984958,0.10114252551773142,0.4998999999999999,-0.015169767477655088,0.09843136360147293,0.48649999999999977,-0.01710977089689378,0.0966146452379108,0.47752081438746036,-0.04556879171719125,0.06996416348075919,0.3457999999999999
40,200,1,0.75,0.001,55.781583643840264,41.8361877328802,6947,2898,0.5741890959282263,-0.1114511844412123,-0.10058851207355297,-0.25228743219800975,-0.17315028659150658,-0.16237968256031488,-0.4072667177372513,-0.3515574915484233,-0.3410531094556679,-0.8553999999999999,-0.5823031649581496,-0.5721431050606538,-1.4349999999999998,-0.7369231821847462,-0.7269938486232017,-1.8233832821662674,-3.0051327357602773,-2.998588058913007,-7.5207999999999995
40,200,1,1.0,0.001,55.781583643840264,55.781583643840264,6887,2875,0.5123478260869565,-0.07345324007718293,-0.06719977885604413,-0.19317403987897774,-0.1269364660895157,-0.12068480394031106,-0.3469233310885429,-0.2815868991168274,-0.275340439108077,-0.7914999999999998,-0.481606390037109,-0.47536665829587776,-1.3664999999999998,-0.6156371463877731,-0.6094019231810872,-1.7518008751649479,-2.5818110447000655,-2.575641959767786,-7.403999999999999
40,200,1,1.3333333333333333,0.001,55.781583643840264,74.37544485845368,6831,2841,0.4526575149595213,-0.050266025255201255,-0.03072042374974548,-0.10138322804504674,-0.09640194576449108,-0.07675748510876712,-0.253314266767264,-0.22980713869788005,-0.20987681999772625,-0.6926333333333332,-0.4023487750471686,-0.3820487374952594,-1.2608333333333333,-0.5179669376346003,-0.4974191557398277,-1.6415776068441565,-2.2140359567146985,-2.1898538712193574,-7.226933333333331
40,200,1,2.0,0.001,55.781583643840264,111.56316728768053,6720,2802,0.3654532476802284,-0.021106356825951227,0.0030957373265491253,0.012533683568384212,-0.05838328706723089,-0.03391508902653415,-0.1373117125948164,-0.16617209925319457,-0.14093444348512862,-0.5705999999999997,-0.3055823997502568,-0.27934955412141704,-1.131,-0.3989996359042158,-0.37209992501570394,-1.5065175833781508,-1.7693905549694096,-1.7327082158024445,-7.015199999999999
40,200,1,3.0,0.001,55.781583643840264,167.3447509315208,6606,2737,0.2740226525392766,-0.004512716666230524,0.00235595675276868,0.011506314035213266,-0.034590873743585875,-0.027613658114515015,-0.1348630111962931,-0.12156393732811736,-0.11427286442002876,-0.5580999999999997,-0.23405187261170668,-0.22635486761573526,-1.1054999999999997,-0.30942874202086307,-0.3014597266097286,-1.47230643315703,-1.4151751930893937,-1.403215901170653,-6.853199999999999
40,200,1,0.75,0.002,111.56316728768053,83.6723754657604,6335,2654,0.5757347400150716,-0.0552615797785285,-0.04439830458398891,-0.20386709629175886,-0.08612482054878302,-0.07530805090882679,-0.34579774633356314,-0.17536800772386876,-0.16468571209923893,-0.7562,-0.29079204189848784,-0.2802836702879139,-1.2870000000000001,-0.3681363573464002,-0.3577445302137879,-1.642682964413138,-1.5027444007319883,-1.494062231269001,-6.8604
40,200,1,1.0,0.002,111.56316728768053,111.56316728768053,6188,2596,0.5061633281972265,-0.03818442550851836,-0.03361273332769186,-0.1745376721828959,-0.06492207645260442,-0.06034862124751533,-0.31336659739334194,-0.1422358363907672,-0.13765728327954996,-0.7147999999999998,-0.24223076431465593,-0.2376456177489714,-1.2340000000000002,-0.30923621342966484,-0.3046466486661079,-1.581909938061984,-1.2921775075154864,-1.287523129677895,-6.685599999999999
40,200,1,1.3333333333333333,0.002,111.56316728768053,148.75088971690735,6050,2519,0.4279475982532751,-0.03168580590765658,-0.04104801820211894,-0.23879573557860106,-0.054814398646999794,-0.06420431291012649,-0.3735068536853477,-0.12169231812079796,-0.1311623345349928,-0.7630333333333335,-0.20818989297462534,-0.21776351072484387,-1.2668333333333335,-0.26615092130649537,-0.27579396111834553,-1.6044239088256824,-1.116414428939813,-1.1270758607182803,-6.556733333333334
40,200,1,2.0,0.002,111.56316728768053,223.12633457536106,5861,2404,0.34193011647254573,-0.012734629929829072,-0.01415867448090293,-0.09689544065010847,-0.03151384055173598,-0.032944444083506254,-0.22545658710847244,-0.08581522195904467,-0.08726479123541467,-0.5971999999999998,-0.1560467399234322,-0.157520838834188,-1.0780000000000003,-0.20310807094228653,-0.2045986068784272,-1.4001785404857512,-0.8934776785495008,-0.8952093386213072,-6.1264
40,200,1,3.0,0.002,111.56316728768053,334.6895018630416,5654,2280,0.2596491228070175,-0.001385790955970171,-0.004188243499528961,-0.03350149945184985,-0.01660774776719978,-0.019431501413654927,-0.15543137213282715,-0.06062308468492524,-0.06350843193805852,-0.5079999999999998,-0.11755099048272757,-0.1205160007643474,-0.9640000000000004,-0.15569772426568565,-0.1587161158248605,-1.2695603462177674,-0.7152940013596513,-0.7190954734403795,-5.752
40,200,1,0.75,0.004,223.12633457536106,167.3447509315208,5250,2125,0.5623529411764706,-0.0038294726945415575,-0.04474340999451716,-0.330259072954027,-0.019320643557710748,-0.06013943223458646,-0.4438998534132711,-0.06411443145556019,-0.1046580913329698,-0.7724999999999999,-0.12204915867443995,-0.16223697653233835,-1.1975000000000002,-0.16087055189161706,-0.2008199241120578,-1.4822876033827872,-0.7303637944726767,-0.7668152711257077,-5.66
40,200,1,1.0,0.004,223.12633457536106,223.12633457536106,5007,1999,0.49974987493746875,0.015184475640906608,-0.02346603705659064,-0.18768135851063558,0.0018065701473497576,-0.03683219784623374,-0.2945839091638252,-0.036876565329555654,-0.07548137270255839,-0.6036999999999997,-0.08690798725208262,-0.12546887113966776,-1.0035000000000007,-0.12043346664772833,-0.1589649179137975,-1.2714013737233842,-0.6122379174386147,-0.6503376047293149,-5.2014000000000005
40,200,1,1.3333333333333333,0.004,223.12633457536106,297.5017794338147,4775,1871,0.4307856761090326,0.019185590189120746,-0.015405736620628533,-0.13325320415544395,0.007664640058825091,-0.02697361912759853,-0.23331056897391195,-0.025648981040347994,-0.060422948427582356,-0.5226333333333333,-0.06873565983284118,-0.1036851474867086,-0.8968333333333338,-0.09760754687057785,-0.13267464863286765,-1.1475804420058955,-0.5211457871540192,-0.5579382376075337,-4.825933333333334
40,200,1,2.0,0.004,223.12633457536106,446.2526691507221,4402,1696,0.33077830188679247,0.017608126223574647,-0.021699006581305767,-0.2078397118729559,0.008262034130281445,-0.031168188084669934,-0.29853842418301507,-0.018762835106433024,-0.05854897883150728,-0.5607999999999997,-0.053715860979695225,-0.09396234120605673,-0.9000000000000008,-0.07713748090774893,-0.117692427319878,-1.1272940119233914,-0.42072263264894705,-0.4658026461388249,-4.4616
40,200,1,3.0,0.004,223.12633457536106,669.3790037260832,4038,1547,0.24175824175824176,-0.016436161537935905,-0.032652571114493316,-0.3461486051105322,-0.02416818526442244,-0.04045662725849087,-0.42887909328486135,-0.04652586460865001,-0.06302259330100995,-0.6680999999999995,-0.07544250941236402,-0.09220862887552361,-0.9775000000000008,-0.0948192199335899,-0.11176585504848942,-1.1848253752626694,-0.3790672798513596,-0.3986620024079157,-4.2262
40,200,1,0.75,0.008,446.2526691507221,334.6895018630416,3803,1441,0.5690492713393477,-0.0027155223687688915,-0.01805201915443079,-0.18040862311847228,-0.010445606181617755,-0.02576296668225985,-0.2574704417734222,-0.03279767613190166,-0.04805970274591236,-0.48030000000000006,-0.06170706594059845,-0.07689752563030124,-0.7685000000000008,-0.08107891497325138,-0.09622141849153037,-0.9616194995174581,-0.365255658931914,-0.3796946659163835,-3.7945999999999995
40,200,1,1.0,0.008,446.2526691507221,446.2526691507221,3469,1289,0.4895267649340574,-0.010619498296537798,-0.032426829592396914,-0.3344418564883497,-0.017303289019775632,-0.039110454278308546,-0.403375016964567,-0.03662993041149613,-0.05843661556166023,-0.6027000000000003,-0.06162633615507437,-0.08343240034977374,-0.8605000000000005,-0.0783761396489505,-0.1001817877485473,-1.0332488097696064,-0.32408859646264565,-0.3458881406249653,-3.5673999999999997
40,200,1,1.3333333333333333,0.008,446.2526691507221,595.0035588676294,3167,1169,0.41830624465355004,-0.0312833952907886,-0.030775936246052762,-0.3314154617803581,-0.03709078977577046,-0.036581284694659294,-0.3939312605365238,-0.05388327106057176,-0.053367849724308726,-0.5747000000000004,-0.07560208226675266,-0.07507900905185945,-0.8085000000000009,-0.09015560742376788,-0.08962740677316536,-0.9651666862844615,-0.3036495999316515,-0.3030461819911415,-3.2634000000000003
40,200,1,2.0,0.008,446.2526691507221,892.5053383014442,2779,991,0.32896064581231077,-0.016822032319209555,-0.01744686218797302,-0.19505964296350264,-0.021562715414847586,-0.022187085845744546,-0.2480563551682596,-0.0352707272205796,-0.0358937691552302,-0.4013000000000009,-0.053000192888661396,-0.053621516592475646,-0.5995000000000005,-0.06488050356365067,-0.06550067590077797,-0.7323115364481615,-0.23915958240352067,-0.23976286468355307,-2.680599999999999
40,200,1,3.0,0.008,446.2526691507221,1338.7580074521663,2391,834,0.25539568345323743,-0.00251991546303731,0.005784931830995502,0.06736655677945419,-0.006369471249067696,0.0019549631799662204,0.022765892825097167,-0.017500727040091257,-0.009119655060641262,-0.10620000000000068,-0.03189750610524109,-0.023443181088089012,-0.2730000000000006,-0.04154462188499521,-0.03304121085126034,-0.3847707582217625,-0.1830636862893145,-0.17384020437629039,-2.024399999999999
40,200,1,0.75,0.015,836.7237546576039,627.5428159932029,2391,857,0.5600933488914819,-0.0013998116994962913,-0.029870536737467746,-0.33374683553957774,-0.0055191318516101375,-0.03397240742565647,-0.3795774938236107,-0.017430429894021646,-0.0458332491408544,-0.5120999999999998,-0.03283608847515314,-0.06117364926337439,-0.6835000000000007,-0.04315924279480931,-0.07145307464178721,-0.7983531652230822,-0.1945955035770329,-0.22224785054983337,-2.4831999999999996
40,200,1,1.0,0.015,836.7237546576039,836.7237546576039,2116,738,0.5067750677506775,0.017504465753895804,0.007420010114925115,0.0821876725458476,0.013939111835042603,0.0038568983062629942,0.04272089796753281,0.0036296453245679406,-0.006446084988112004,-0.07140000000000002,-0.009704260069157386,-0.01977160521563768,-0.2190000000000003,-0.018639156447538163,-0.028700882790757366,-0.3179050594336455,-0.14971026670327292,-0.15968956760465694,-1.7687999999999993
40,200,1,1.3333333333333333,0.015,836.7237546576039,1115.6316728768052,1874,646,0.43343653250773995,0.013910443983850057,0.004516274624109023,0.05064124182197449,0.010831688866059425,0.0014353307492273267,0.01609444456236464,0.0019292563156820637,-0.007473430743084893,-0.08380000000000098,-0.009584840294471963,-0.018995712986599887,-0.21300000000000097,-0.017300303773821604,-0.026716661564554343,-0.2995754314283673,-0.1304828547010892,-0.13997967654350724,-1.5695999999999994
40,200,1,2.0,0.015,836.7237546576039,1673.4475093152078,1533,505,0.3287128712871287,0.027195489344448827,-0.014168925595788699,-0.15140274439613408,0.0247019866205105,-0.016696301401356237,-0.1784091416346832,0.017491851691048055,-0.024004382680216468,-0.25650000000000006,0.008166513961130923,-0.03345640081160776,-0.3575000000000002,0.0019177125897470255,-0.039790089260477286,-0.42517893633332077,-0.08974953220299887,-0.1327025911912161,-1.4179999999999995
40,200,1,3.0,0.015,836.7237546576039,2510.1712639728116,1239,381,0.25196850393700787,-0.01812860276639981,0.0010053968660823785,0.009991196802124347,-0.02020373956348481,-0.0010449165928155878,-0.010383926659037701,-0.026204140589894866,-0.006973539226521375,-0.06930000000000022,-0.03396485056739691,-0.014641413527544878,-0.14550000000000046,-0.039165212908671414,-0.0197795677516129,-0.19656074206533708,-0.11545230533116815,-0.09515409368829131,-0.9455999999999996
40,200,1,0.75,0.025,1394.5395910960067,1045.904693322005,1475,471,0.5690021231422505,-0.012250305983189415,-0.009131182391337743,-0.09327859922886927,-0.01471673658118898,-0.01159688776989211,-0.11846674398007107,-0.02184859059322046,-0.018726644759929998,-0.19130000000000053,-0.031072682507352813,-0.027948024458755875,-0.2854999999999999,-0.037253640224078226,-0.034127164751253075,-0.3486223346791961,-0.12792564760574307,-0.1247725112964281,-1.274599999999999
40,200,1,1.0,0.025,1394.5395910960067,1394.5395910960067,1254,400,0.525,-0.02280930030449073,0.046324535097335924,0.4632453509733593,-0.02494795951157767,0.0441854145239854,0.44185414523985406,-0.031132039963223685,0.037999999999999944,0.37999999999999945,-0.039130314520462416,0.029999999999999985,0.2999999999999999,-0.04448986614952954,0.024639292171618154,0.24639292171618155,-0.12311219737146938,-0.05399999999999993,-0.5399999999999994
40,200,1,1.3333333333333333,0.025,1394.5395910960067,1859.386121461342,1046,316,0.439873417721519,-0.003733518302856562,0.019564750788504406,0.17929716060228681,-0.005585313135322249,0.017720740820971883,0.1623981080728183,-0.010939905482697273,0.012388658946931043,0.1135333333333326,-0.01786534897769496,0.005492329715169083,0.050333333333333063,-0.022506008872526292,0.0008711789526934092,0.007983741489116236,-0.09058250567517118,-0.066919127218332,-0.6132666666666666
40,200,1,2.0,0.025,1394.5395910960067,2789.0791821920134,790,236,0.3389830508474576,-0.016997417737747215,0.009327236283129477,0.07831475707428165,-0.018516916630819818,0.007824105912180003,0.0656939456915141,-0.022910652374135244,0.0034777008783804094,0.02919999999999967,-0.02859335735861458,-0.002143788212700278,-0.018000000000000016,-0.03240127249570001,-0.0059106832849152675,-0.04962817618745324,-0.08826175969564803,-0.061169423669047866,-0.5135999999999998
40,200,1,3.0,0.025,1394.5395910960067,4183.61877328802,610,163,0.26380368098159507,-0.0712623288797804,0.029147723277549772,0.2100224805216443,-0.07254949662414396,0.02793795628224543,0.20130556418524106,-0.07627143084327094,0.024439831661961307,0.1761000000000007,-0.0810852511034257,0.019915478952251237,0.14350000000000035,-0.08431093659755508,0.01688376232858832,0.12165511559934417,-0.1316303638350503,-0.027590224499704063,-0.19879999999999984
40,200,1,0.75,0.04,2231.2633457536103,1673.4475093152078,789,239,0.5690376569037657,-0.06833072985301492,-0.007463132608969226,-0.06196090279341787,-0.0698622886945879,-0.009002621628977968,-0.07474214821918693,-0.0742908966099267,-0.013454160201655772,-0.1117000000000003,-0.08001870404875333,-0.019211625355094873,-0.15950000000000059,-0.08385684182085099,-0.02306963642005441,-0.19153022927458185,-0.14016068215643263,-0.079665009466205,-0.6613999999999997
40,200,1,1.0,0.04,2231.2633457536103,2231.2633457536103,625,204,0.5196078431372549,-0.11329954499900352,0.03685627396111124,0.30125512899641305,-0.11464364151224178,0.03552157777796424,0.29034561407232634,-0.11853018918898209,0.03166221180336869,0.25879999999999986,-0.12355691476951566,0.02667064209093653,0.21799999999999992,-0.12692526566585235,0.02332584873676793,0.19066039007525248,-0.1763375333651183,-0.02574083988960109,-0.2103999999999996
40,200,1,1.3333333333333333,0.04,2231.2633457536103,2975.0177943381473,537,155,0.47096774193548385,-0.13398712735893545,0.08269554357633051,0.5990909068355097,-0.1351761847292491,0.08155135831294326,0.5908018146137772,-0.1386144260419729,0.07824286778910079,0.5668333333333326,-0.14306132776458633,0.07396378122374571,0.5358333333333328,-0.14604114537414362,0.0710964146175929,0.5150605904983535,-0.18975379585202748,0.029033372287516998,0.21033333333333332
40,200,1,2.0,0.04,2231.2633457536103,4462.526691507221,393,107,0.40186915887850466,-0.10865827176060824,0.1375810934687262,0.8701681313853741,-0.10964425870558187,0.13667637254608778,0.8644459838516616,-0.11249530789181257,0.1340603096626962,0.8479,-0.11618275574213846,0.1306767849230079,0.8265,-0.1186536720618874,0.1284095239780616,0.8121601065590788,-0.15490095817056032,0.09514977515628091,0.6018000000000001
40,200,1,3.0,0.04,2231.2633457536103,6693.790037260831,304,81,0.2839506172839506,-0.17091070648864007,0.07356108316124209,0.4325571835721053,-0.17177148921406907,0.0728244269096811,0.42822546441107073,-0.17426050177287267,0.07069433460242347,0.41569999999999985,-0.17747970404189023,0.0679393473025455,0.3994999999999997,-0.1796368543924736,0.06609326205435202,0.3886445666475267,-0.21128132786657472,0.039011980653827154,0.22939999999999994
40,400,0,0.75,0.001,55.781583643840264,41.8361877328802,7426,3196,0.5785356695869838,-0.11156517739777741,-0.09192593317853817,-0.25391964572285686,-0.17326357941890413,-0.1538021550073604,-0.4248353795335594,-0.3516687599040938,-0.33272151371834763,-0.9190499999999999,-0.582411814932505,-0.5641295889795062,-1.5582499999999997,-0.7370300776119496,-0.7191934740549158,-1.9865705554877124,-3.005213892730823,-2.9939143792216707,-8.269849999999998
40,400,0,1.0,0.001,55.781583643840264,55.781583643840264,7380,3173,0.5178064922786006,-0.06588820134143634,-0.05630048358202084,-0.17855625340382483,-0.11938069853087308,-0.10980400982452394,-0.34824199288485097,-0.27405793980556814,-0.264513142366066,-0.8388999999999998,-0.4741121035805527,-0.46460855319632643,-1.4734999999999998,-0.6081660938116719,-0.5986901826039597,-1.8987381484863928,-2.5746808232178897,-2.5656103669140613,-8.1368
40,400,0,1.3333333333333333,0.001,55.781583643840264,74.37544485845368,7333,3135,0.45167464114832534,-0.03989295835966043,-0.03270144103812943,-0.11906456174629411,-0.08597695931059209,-0.07874800111613757,-0.2867181366826373,-0.21923202326371297,-0.21189480220551105,-0.7714999999999999,-0.3915794880118117,-0.38410224353131206,-1.3984999999999999,-0.5070675384464247,-0.4994964658839166,-1.8186454760494302,-2.2012278678668484,-2.1922803774522226,-7.981999999999998
40,400,0,2.0,0.001,55.781583643840264,111.56316728768053,7258,3082,0.34782608695652173,-0.019188428019361166,-0.033873952572901225,-0.1491945707502641,-0.05644392545586372,-0.07129541567822476,-0.31401381092691794,-0.16417076321008675,-0.17950215459893532,-0.7905999999999995,-0.30350090813277275,-0.31945298699810537,-1.407,-0.3968644329598509,-0.41323242735195426,-1.820042538176824,-1.766467429820975,-1.7889367271893897,-7.879199999999999
40,400,0,3.0,0.001,55.781583643840264,167.3447509315208,7176,3033,0.2667326079788988,-0.01922246095161024,-0.01410514174386258,-0.07569212624450058,-0.04953237136401051,-0.04433070713188889,-0.23789094371880048,-0.13717556568470884,-0.13173001200320877,-0.7068999999999998,-0.25053022475351017,-0.24476923294131378,-1.3134999999999997,-0.32648787578522065,-0.3205155125159499,-1.719975671087056,-1.4407541449759242,-1.4316810527914166,-7.6827999999999985
40,400,0,0.75,0.002,111.56316728768053,83.6723754657604,6874,2902,0.580289455547898,-0.02141001089714639,-0.03523613863148895,-0.17665497868827584,-0.05244155530243003,-0.06619144521713899,-0.33184817628485314,-0.14217140403438064,-0.15570084704080708,-0.7806,-0.2582248693392533,-0.27146919398224245,-1.361,-0.33599095933558776,-0.3490442294482153,-1.7499193529491055,-1.476786255040416,-1.487036836867314,-7.4552
40,400,0,1.0,0.002,111.56316728768053,111.56316728768053,6763,2828,0.5106082036775106,-0.00883503844494104,-0.024728097870435114,-0.13985536861834733,-0.0355905018807248,-0.051468396134169744,-0.29109119315422605,-0.1129557678659183,-0.12878981097949777,-0.7283999999999998,-0.21301731191951792,-0.22879463949405568,-1.2940000000000003,-0.28006739973553163,-0.2958067228808029,-1.673002043466599,-1.2636635244823127,-1.2788453388969132,-7.2328
40,400,0,1.3333333333333333,0.002,111.56316728768053,148.75088971690735,6642,2760,0.4449275362318841,-0.006468193721462996,-0.006707368475523792,-0.042940411617151876,-0.029525299278397227,-0.02976264404810359,-0.19053973117833523,-0.0961965086387684,-0.0964285618826274,-0.6173333333333335,-0.18242673182182204,-0.1826519411902035,-1.1693333333333336,-0.24020861087938605,-0.24042923424566146,-1.5392221734916833,-1.0878440752438852,-1.0879974239197525,-6.965333333333334
40,400,0,2.0,0.002,111.56316728768053,223.12633457536106,6453,2668,0.33995502248875564,-0.003849499215665361,-0.01834755446803075,-0.13915350900769113,-0.022574558624807187,-0.03715999421119211,-0.28183285125016827,-0.07671935806936853,-0.09155745991210594,-0.6943999999999999,-0.14674835836947964,-0.16191324995977266,-1.2280000000000002,-0.19367398463479996,-0.2090578542698375,-1.5855592121530715,-0.8820528615206458,-0.9006490454602727,-6.8308
40,400,0,3.0,0.002,111.56316728768053,334.6895018630416,6269,2559,0.25947635795232515,-0.0048236319359191955,-0.004583299785642464,-0.04113786714793147,-0.02007431524250526,-0.019830217360443055,-0.17798810582802835,-0.06417271680081933,-0.06391773004583921,-0.5736999999999998,-0.12120805551554778,-0.1209389854710799,-1.0855000000000006,-0.15942677885835485,-0.1591482717638611,-1.4284512833207312,-0.7200791120201955,-0.7196621674361059,-6.4594
40,400,0,0.75,0.004,223.12633457536106,167.3447509315208,5660,2270,0.5568281938325991,0.00517313357030338,-0.0558034598416679,-0.4405826332261842,-0.010342187565206658,-0.07117915933711758,-0.5619777257638238,-0.055205807639491775,-0.11563905381918918,-0.913,-0.11323085336642284,-0.17314193490781118,-1.3670000000000004,-0.15211276797524476,-0.21167395300859723,-1.6712201692606719,-0.7224938334991986,-0.7769221863383421,-6.1339999999999995
40,400,0,1.0,0.004,223.12633457536106,223.12633457536106,5423,2155,0.4853828306264501,0.00598106534961417,-0.05221619819015647,-0.4500156716310252,-0.007392811321141672,-0.06558831487887468,-0.5652607925202817,-0.04606429717933068,-0.10425471162773846,-0.8984999999999996,-0.09608065189021482,-0.1542644842616343,-1.3295000000000008,-0.1295960349209349,-0.1877754567183995,-1.6183081342540735,-0.6212523763544976,-0.6793670969175393,-5.855
40,400,0,1.3333333333333333,0.004,223.12633457536106,297.5017794338147,5213,2035,0.4152334152334152,0.011401797181595697,-0.04703548672363833,-0.44032261025636654,-0.0001290143678594898,-0.05866052369047993,-0.5491503694255715,-0.03347115043998753,-0.0922751190491444,-0.863833333333333,-0.07659470950667337,-0.13575106748017104,-1.270833333333334,-0.10549130959123218,-0.1648837996177374,-1.5435593441022615,-0.529392079706874,-0.59224852600595,-5.544333333333334
40,400,0,2.0,0.004,223.12633457536106,446.2526691507221,4870,1902,0.3275499474237645,-0.00330579283487127,-0.02863095402620399,-0.30676835612167586,-0.01271637385088031,-0.038124119398871864,-0.4084835393844899,-0.03992771725093656,-0.06557426115629769,-0.7025999999999996,-0.07512192232099298,-0.10107731971572805,-1.083000000000001,-0.0987051536500839,-0.12486751020960762,-1.3379016572395581,-0.44466107555658435,-0.473859434589745,-5.0771999999999995
40,400,0,3.0,0.004,223.12633457536106,669.3790037260832,4518,1693,0.2344949793266391,0.01636513088743415,-0.05013576255729032,-0.5755640520052558,0.008773709271389233,-0.0580222968287213,-0.6661023302723146,-0.013177409382962798,-0.08082675405948535,-0.9278999999999993,-0.041568222731663974,-0.11032124584151133,-1.266500000000001,-0.060592579653227764,-0.13008516496526762,-1.4933919588362634,-0.3396717628930251,-0.4200134095527824,-4.8218000000000005
40,400,0,0.75,0.008,446.2526691507221,334.6895018630416,3907,1439,0.5573314801945796,0.015473904829611931,-0.04158073055283989,-0.4162248498733391,0.007720657677766137,-0.049268496933362334,-0.49317971249962145,-0.014698390663189443,-0.07149820311238875,-0.7157,-0.04369440799269274,-0.10024933187548157,-1.0035000000000007,-0.06312430512896326,-0.11951513200487239,-1.1963514641260387,-0.3481525899524762,-0.40213618388795536,-4.025399999999999
40,400,0,1.0,0.008,446.2526691507221,446.2526691507221,3593,1315,0.488212927756654,0.004934969023875761,-0.03505638145976209,-0.3688309086750814,-0.0017497537625723472,-0.04174044859817567,-0.4391544975239764,-0.021079090279284843,-0.0610678892634219,-0.6425000000000003,-0.046078981803784044,-0.08606532875957751,-0.9055000000000006,-0.06283112107929409,-0.10281582495914543,-1.0817332698580546,-0.3085778428110254,-0.34853844346921087,-3.6669999999999994
40,400,0,1.3333333333333333,0.008,446.2526691507221,595.0035588676294,3307,1195,0.4167364016736402,0.01913340493146156,-0.033975426681648845,-0.3738045139670897,0.013366890306417764,-0.03978392083618435,-0.4377107410959332,-0.003307384046736184,-0.056579581891267564,-0.6225000000000003,-0.024873310519078845,-0.07830250570173018,-0.861500000000001,-0.039324389377403214,-0.09285878666749141,-1.0216511463729097,-0.2513155384786761,-0.30639320571158685,-3.371
40,400,0,2.0,0.008,446.2526691507221,892.5053383014442,2896,1023,0.3235581622678397,0.020006739686421325,-0.02906402988270177,-0.33400001488563374,0.01532550761276178,-0.033824614097530945,-0.38870802354907125,0.0017894025332763908,-0.047590171360598114,-0.5469000000000009,-0.015717724954455486,-0.06539406432161168,-0.7515000000000005,-0.027449049376451005,-0.07732424786808406,-0.8886001027108671,-0.19954256357564057,-0.25233494041225474,-2.8997999999999995
40,400,0,3.0,0.008,446.2526691507221,1338.7580074521663,2522,879,0.23890784982935154,0.04299188371858487,-0.032727784770633914,-0.392768341236043,0.039237091902048424,-0.036644701007117024,-0.43977551583541913,0.028379852658086686,-0.04797073418178277,-0.5757000000000005,0.01433747706387545,-0.06261943154005516,-0.7515000000000007,0.004927842966754601,-0.07243535486556608,-0.8693015545286923,-0.1331074666753426,-0.21643075380191493,-2.5973999999999995
40,400,0,0.75,0.015,836.7237546576039,627.5428159932029,2381,831,0.5583634175691937,0.00603126999551368,-0.03333915726203307,-0.3613577833528461,0.0019072392538733748,-0.03743924831314758,-0.4057980132642013,-0.010017679782715174,-0.04929494408512777,-0.5342999999999998,-0.025440955283940483,-0.0646286886236797,-0.7005000000000008,-0.03577591449877904,-0.07490365417195749,-0.8118687051346339,-0.18738534804680548,-0.22563300627847369,-2.4455999999999993
40,400,0,1.0,0.015,836.7237546576039,836.7237546576039,2091,722,0.49722991689750695,0.006785649913186282,-0.011658038250906926,-0.12634214149308662,0.003221004387570732,-0.01522082405275737,-0.16495326784206144,-0.007086413755048746,-0.025522864675974373,-0.27660000000000007,-0.0204176698610379,-0.03884716568541294,-0.4210000000000004,-0.029350790982230302,-0.047775626276539605,-0.5177607763022927,-0.1603958589739237,-0.17875232628451748,-1.9371999999999994
40,400,0,1.3333333333333333,0.015,836.7237546576039,1115.6316728768052,1828,626,0.43610223642172524,0.028359824509041363,0.009884156987908925,0.10747897427330641,0.025286323087017226,0.006805468639800132,0.07400173730037196,0.016399081959930128,-0.002096770841441721,-0.02280000000000104,0.004904633408261253,-0.013610617742691353,-0.1480000000000011,-0.0027976641334716656,-0.021325913894981143,-0.23189507751417615,-0.11578707638426194,-0.1345060102058123,-1.4625999999999997
40,400,0,2.0,0.015,836.7237546576039,1673.4475093152078,1474,502,0.3386454183266932,0.03219966033847405,0.006903132784381362,0.07387291547156577,0.02971016318356657,0.004394483335791329,0.04702695227601794,0.022511610632941964,-0.0028594493916160382,-0.030600000000000294,0.013201253148947439,-0.012241433669990129,-0.13100000000000023,0.006962489867762089,-0.01852819324084454,-0.1982768832461922,-0.084557500432995,-0.11075226859291812,-1.1851999999999994
40,400,0,3.0,0.015,836.7237546576039,2510.1712639728116,1171,382,0.2643979057591623,0.012611909125618343,0.029136639851024222,0.29489931017955767,0.010573212860797711,0.02711825329227233,0.27447070870406187,0.0046781821441953175,0.02128194949011333,0.21539999999999973,-0.0029462455396637504,0.013733477154715637,0.13899999999999962,-0.008055286686138035,0.008675332812129406,0.08780524023895336,-0.08300273622018375,-0.06552548236695994,-0.6631999999999998
40,400,0,0.75,0.025,1394.5395910960067,1045.904693322005,1432,482,0.558091286307054,0.02509445336174138,-0.031053354041623495,-0.3255393520771017,0.022613719271737807,-0.03351217740765146,-0.35131575498597517,0.015440505727061229,-0.04062203458429612,-0.4258500000000004,0.0061629208320012965,-0.049817676556648156,-0.5222499999999997,-5.388191492685708e-05,-0.05597957029517125,-0.5868465293320011,-0.09125172056612857,-0.14637191726634516,-1.534449999999999
40,400,0,1.0,0.025,1394.5395910960067,1394.5395910960067,1231,393,0.4961832061068702,0.03939949848086329,-0.011294984510330227,-0.11111144266867455,0.03725926235831979,-0.013431444071208122,-0.1321283023018433,0.031070622146981097,-0.019609164094284367,-0.1929000000000007,0.023066450155156553,-0.027599212294443686,-0.2715000000000001,0.01770294672312048,-0.03295325153641153,-0.32416895441385174,-0.060977355759001574,-0.11149471839611715,-1.0967999999999993
40,400,0,1.3333333333333333,0.025,1394.5395910960067,1859.386121461342,999,317,0.4479495268138801,0.012676168518953522,0.03574379855458568,0.32920527397972,0.010828563845787984,0.0339031602518547,0.3122527434359179,0.0054860876327327505,0.028580827778896308,0.26323333333333276,-0.001423685275567393,0.021697108083383994,0.19983333333333295,-0.0060538444908006086,0.017084406825869092,0.15734972379340684,-0.07397630081271941,-0.050581948719495465,-0.4658666666666667
40,400,0,2.0,0.025,1394.5395910960067,2789.0791821920134,767,232,0.3706896551724138,-0.01277823126508325,0.07464596148734225,0.6286823035645481,-0.014295359153530017,0.07317284076488424,0.6162754042391156,-0.018682238973606772,0.06891321069737283,0.5803999999999997,-0.024356076745436616,0.063403953329423,0.534,-0.028158050065488792,0.059712263441805566,0.502907894595385,-0.08393137334965035,0.005556750965949468,0.04680000000000031
40,400,0,3.0,0.025,1394.5395910960067,4183.61877328802,581,170,0.23529411764705882,-0.03973623882636358,-0.03672646925582956,-0.26562072583632185,-0.040998147358082965,-0.037983487018010326,-0.27471198827306176,-0.04464704282348095,-0.04161824048631159,-0.30099999999999966,-0.04936639730004651,-0.046319304195728876,-0.3349999999999997,-0.05252878236097576,-0.049469432824328245,-0.35778300827062265,-0.09891961930398471,-0.09568047314461013,-0.6919999999999997
40,400,0,0.75,0.04,2231.2633457536103,1673.4475093152078,752,230,0.6086956521739131,0.04411206479139584,0.07351037022408749,0.5788660768096814,0.04255716487268118,0.07194839687359561,0.5665661335129158,0.038061064624579,0.06743184331014779,0.5309999999999994,0.03224596495012074,0.06159029002904268,0.4849999999999991,0.02834933365665965,0.057675932478551475,0.4541759299868037,-0.02881258163169063,0.0002539805774393942,0.002000000000000335
40,400,0,1.0,0.04,2231.2633457536103,2231.2633457536103,607,197,0.5329949238578681,-0.010526073962674139,0.06366960091067841,0.5018983353543793,-0.011861967912308325,0.062333135042424055,0.49136316653062895,-0.015724797311228035,0.05846865190140864,0.46089999999999975,-0.02072084649621385,0.05347046382391789,0.4215,-0.024068641493330614,0.05012123557957669,0.39509851394521944,-0.0731793629385649,0.0009894890102646907,0.00780000000000014
40,400,0,1.3333333333333333,0.04,2231.2633457536103,2975.0177943381473,483,142,0.4647887323943662,-0.006170488954267818,0.070391817073869,0.4669520995955422,-0.00732783194690696,0.06924705966939068,0.4593582215601486,-0.0106743689514532,0.0659369147601627,0.43739999999999946,-0.015002663511591827,0.06165568847029389,0.4089999999999996,-0.017903003828101564,0.058786888059397184,0.3899694872092443,-0.06044975639304787,0.016702812426671307,0.1107999999999999
40,400,0,2.0,0.04,2231.2633457536103,4462.526691507221,373,98,0.32653061224489793,-0.020696951957033104,-0.016056781193924768,-0.0890048890115266,-0.02164761575853356,-0.0170022473235853,-0.09424573441623528,-0.02439652564163481,-0.019736127780440017,-0.10940000000000008,-0.027951870069972296,-0.02327203367163403,-0.1290000000000001,-0.030334265408670083,-0.02564140347055214,-0.14213373417953543,-0.06528298656751581,-0.060399045529171067,-0.3348
40,400,0,3.0,0.04,2231.2633457536103,6693.790037260831,269,64,0.25,-0.003470403163289177,-0.0013158668852040318,-0.005880743844262515,-0.004241814010824662,-0.0020817014123927823,-0.009303336761623315,-0.006472401626946061,-0.00429616471402111,-0.01920000000000005,-0.009357366063811887,-0.007160274523368542,-0.032000000000000195,-0.011290547493975534,-0.00907948150790778,-0.040577132525411175,-0.03964949265090236,-0.03723342752151621,-0.16640000000000008
40,400,1,0.75,0.001,55.781583643840264,41.8361877328802,4420,1856,0.5748922413793104,-0.10461034555511782,-0.09917837946841766,-0.1592915714836115,-0.16636791295028705,-0.16097681150665363,-0.2585467660870733,-0.34494417419103524,-0.33967123567841717,-0.5455499999999999,-0.5759084991180378,-0.570788388430371,-0.9167499999999998,-0.7306750322071779,-0.7256573296842126,-1.1654868432369194,-3.0010339108515645,-2.997518492325886,-4.814349999999999
40,400,1,1.0,0.001,55.781583643840264,55.781583643840264,4385,1839,0.5095160413268081,-0.06886397316787053,-0.07284792371342533,-0.13397949889997915,-0.12235007898395937,-0.12632108150406296,-0.23232556725976705,-0.27700883916225116,-0.2809424015746392,-0.5166999999999999,-0.47703910012997,-0.48092423880930574,-0.8844999999999997,-0.611077073365335,-0.6149297638590645,-1.130958542409857,-2.5773568402910163,-2.5807335297733065,-4.7463999999999995
40,400,1,1.3333333333333333,0.001,55.781583643840264,74.37544485845368,4344,1810,0.4403314917127072,-0.04900926377779691,-0.05562206032089403,-0.11664812017888113,-0.09513667996890443,-0.10177753008363209,-0.21344332612298997,-0.22851728208031866,-0.23523925103031684,-0.4933333333333333,-0.40102711351580006,-0.40785399874580597,-0.8553333333333332,-0.5166239639969281,-0.5235211524173796,-1.0979053625676136,-2.2123803435883533,-2.2203088497584433,-4.6563333333333325
40,400,1,2.0,0.001,55.781583643840264,111.56316728768053,4280,1773,0.3350253807106599,-0.029269320952883742,-0.06128963098724362,-0.15391498181058347,-0.06663841565535053,-0.09904599114142168,-0.24873150122434315,-0.17469372773099975,-0.20822110795341675,-0.5228999999999998,-0.31444870991579976,-0.3494244066343914,-0.8775,-0.4080969132974781,-0.44404311021344706,-1.1151133744930268,-1.7818760228561983,-1.8320590427846242,-4.6008
40,400,1,3.0,0.001,55.781583643840264,167.3447509315208,4225,1743,0.2570281124497992,-0.02328619790153053,-0.03647402742518548,-0.11115838313358542,-0.05366006431102969,-0.067059427075419,-0.20437056211733243,-0.14148819180392957,-0.15549921750861526,-0.4738999999999997,-0.2550820370051843,-0.26988416628157014,-0.8224999999999998,-0.33119996390848,-0.3465322025736002,-1.0560928436217405,-1.4478174116183584,-1.4709261283975956,-4.482799999999999
40,400,1,0.75,0.002,111.56316728768053,83.6723754657604,4072,1683,0.5698158051099228,-0.04607456871098459,-0.056266831070739265,-0.1641451857795893,-0.0769784071014536,-0.087118857590135,-0.25414868390331075,-0.1663389850925794,-0.17632961798619673,-0.5144,-0.28191484846549686,-0.2917117124927166,-0.851,-0.35936090290989625,-0.36902792465224155,-1.076551781879168,-1.4954614138811309,-1.5032237048111752,-4.3853
40,400,1,1.0,0.002,111.56316728768053,111.56316728768053,3981,1637,0.49786194257788635,-0.03915707754354891,-0.050204543925859255,-0.16441840114152562,-0.06589334109193032,-0.07693562716115128,-0.2519619106058939,-0.1432030892798211,-0.1542303961168188,-0.5050999999999999,-0.24319282854544744,-0.25420076176450546,-0.8325000000000002,-0.3101948008003357,-0.32118975198122446,-1.0518869678765286,-1.2930850908345228,-1.3038896010652141,-4.270199999999999
40,400,1,1.3333333333333333,0.002,111.56316728768053,148.75088971690735,3907,1608,0.4284825870646766,-0.031175828245660012,-0.039956205380694054,-0.1484203557537609,-0.05430178108292889,-0.06310626353314466,-0.23441300280245037,-0.12117206709798897,-0.1300462517279172,-0.48306666666666676,-0.20765976910179668,-0.21662410410653607,-0.8046666666666668,-0.26561418175061813,-0.27463892548285523,-1.0201671213676184,-1.1157806401417776,-1.1256915540820345,-4.181466666666667
40,400,1,2.0,0.002,111.56316728768053,223.12633457536106,3778,1551,0.3346228239845261,-0.02248650826794591,-0.029713200391085152,-0.13051615160079788,-0.04132630434419641,-0.048596254750058174,-0.21346055183246282,-0.09580287276709817,-0.10319790747796274,-0.4532999999999999,-0.16626097152397912,-0.1738177859241663,-0.7635000000000002,-0.2134741317213435,-0.22113935282740876,-0.9713614460455076,-0.9060710084712282,-0.9153265096093031,-4.0206
40,400,1,3.0,0.002,111.56316728768053,334.6895018630416,3698,1502,0.2583222370173103,-0.016750782020005614,-0.007225154837856453,-0.03801370709503435,-0.03210163128727955,-0.022492099821435317,-0.11833768462434487,-0.07648966962239172,-0.06663752313920918,-0.35059999999999986,-0.13389961446988616,-0.12373367816207989,-0.6510000000000002,-0.17236935706625306,-0.16199315381228088,-0.8522945789557398,-0.736704035368577,-0.7232433059022215,-3.8051999999999997
40,400,1,0.75,0.004,223.12633457536106,167.3447509315208,3392,1378,0.555878084179971,-0.02431690400464138,-0.05769490132019972,-0.2766197658967761,-0.03975737116653227,-0.07306507292454029,-0.3503124696487001,-0.08440454581863308,-0.11750898312859627,-0.5633999999999999,-0.14214964856506382,-0.17499119070800906,-0.8390000000000001,-0.18084397660800217,-0.21350935572846277,-1.0236763846877557,-0.748473227402586,-0.7785543702918427,-3.7327999999999997
40,400,1,1.0,0.004,223.12633457536106,223.12633457536106,3241,1309,0.479755538579068,-0.01772386988416327,-0.06348839504036413,-0.3322795889396808,-0.03109149464384571,-0.07686375885334187,-0.40228230970257484,-0.06974490267040713,-0.11553954488573005,-0.6046999999999998,-0.11973787614265978,-0.16556146129235186,-0.8665000000000004,-0.15323759167475864,-0.19908057115130687,-1.0419291636837968,-0.6446640976013112,-0.6907915835618796,-3.6154
40,400,1,1.3333333333333333,0.004,223.12633457536106,297.5017794338147,3131,1251,0.42206235011990406,-0.021092920572768646,-0.03309965771334353,-0.19095016483081795,-0.03267141276599184,-0.044696401125309586,-0.2578511607623537,-0.06615142070478779,-0.07822918372061582,-0.4512999999999999,-0.10945329844826822,-0.12159931836918239,-0.7015000000000002,-0.13846938782365695,-0.1506611459102507,-0.8691561373326433,-0.5641230147548122,-0.576985732179131,-3.3286
40,400,1,2.0,0.004,223.12633457536106,446.2526691507221,2984,1172,0.3267918088737201,-0.01243330335418362,-0.030258978546673764,-0.1996911216480568,-0.021872808540929305,-0.03975623995721789,-0.26236735444722503,-0.049167788173555875,-0.06721822569038131,-0.4435999999999997,-0.08447016543772606,-0.10273660283606538,-0.6780000000000006,-0.10812588170779182,-0.1265370581381012,-0.8350687393715888,-0.45514512671151175,-0.47567956286574653,-3.1391999999999998
40,400,1,3.0,0.004,223.12633457536106,669.3790037260832,2814,1068,0.22284644194756553,-0.010371313252995453,-0.07901137781167339,-0.5621349129011302,-0.01807609300584788,-0.08703916039561396,-0.6192494322095876,-0.040354994523193397,-0.11025204685405686,-0.7843999999999995,-0.06916975082572241,-0.1402747867928976,-0.9980000000000007,-0.08847818703620773,-0.16039267892034953,-1.1411308990177964,-0.37172469200227576,-0.4555135561507237,-3.2408
40,400,1,0.75,0.008,446.2526691507221,334.6895018630416,2534,1005,0.545273631840796,-0.01087199700008891,-0.06567375326126612,-0.4603460556794343,-0.01859204860270561,-0.07334116429759979,-0.5140914600848642,-0.040915109725880465,-0.09551201159641422,-0.6695000000000001,-0.06978698052659935,-0.12418701433111073,-0.8705000000000007,-0.08913368850427972,-0.14340180328595553,-1.0051877841880952,-0.37294162393414637,-0.42527454304542306,-2.981
40,400,1,1.0,0.008,446.2526691507221,446.2526691507221,2386,926,0.46004319654427644,0.006954802480737599,-0.09164316341982164,-0.6770870124966732,0.00027031498053555576,-0.09834574098678374,-0.7266076537697354,-0.01905834118978507,-0.11772670583155298,-0.8698000000000004,-0.04405735277792535,-0.1427933716397889,-1.0550000000000004,-0.06080890241821942,-0.1595902555934942,-1.1791003862270406,-0.30654697445339796,-0.405993362626266,-2.9995999999999996
40,400,1,1.3333333333333333,0.008,446.2526691507221,595.0035588676294,2226,849,0.3792697290930506,0.0036620570464007914,-0.1116893228846281,-0.8593450758923786,-0.0021149987395777427,-0.11759034209993367,-0.9047479100617412,-0.018819753585864064,-0.13465354574324206,-1.0360333333333338,-0.04042510246783078,-0.1567224998314656,-1.205833333333334,-0.05490259782864083,-0.17151065169958313,-1.3196143569907395,-0.2672812657284805,-0.3884465177578123,-2.9887333333333332
40,400,1,2.0,0.008,446.2526691507221,892.5053383014442,2018,753,0.28286852589641437,-0.0004117006324063845,-0.12046666836813676,-0.9811906267926512,-0.005124674683278406,-0.12541072866130254,-1.0214595715859733,-0.018752563876906842,-0.13970681964644469,-1.1379000000000006,-0.03637840174537341,-0.15819688647020289,-1.2885000000000004,-0.048189272625783264,-0.17058686721638103,-1.3894153248692893,-0.22144969936427272,-0.3523425881196648,-2.8697999999999997
40,400,1,3.0,0.008,446.2526691507221,1338.7580074521663,1801,671,0.21460506706408347,-0.0030979096114145633,-0.09313857733892948,-0.8216559237421898,-0.006948473706073998,-0.09720616950999754,-0.8575396713601435,-0.018082645090971256,-0.10896789253113935,-0.9613000000000005,-0.032483195083825175,-0.12418009598238126,-1.0955000000000004,-0.042132837718787196,-0.13437361824838256,-1.185425873821106,-0.1836889700087911,-0.2839082322204217,-2.5045999999999995
40,400,1,0.75,0.015,836.7237546576039,627.5428159932029,1768,646,0.5232198142414861,0.02587498474029462,-0.10344993599809169,-0.8768587581780247,0.021737524506147816,-0.10752569384633577,-0.9114055554376341,0.009773773166680207,-0.11931102848565013,-1.0112999999999999,-0.005699726684397185,-0.1345537703825611,-1.1405000000000005,-0.016068340657414158,-0.14476775610915796,-1.2270754314283678,-0.1681714751207088,-0.2946025603001255,-2.4970999999999997
40,400,1,1.0,0.015,836.7237546576039,836.7237546576039,1586,578,0.4411764705882353,0.006483036493511799,-0.12453052314783948,-1.073110467843496,0.002918676260326667,-0.12811754888679097,-1.1040207601284093,-0.0073879169395734915,-0.13848968095827566,-1.1934000000000002,-0.02071810609334322,-0.15190463580893482,-1.3090000000000002,-0.02965051226214622,-0.16089384249459956,-1.386462228120118,-0.1606850922079249,-0.2927616617408561,-2.5227999999999993
40,400,1,1.3333333333333333,0.015,836.7237546576039,1115.6316728768052,1436,522,0.40229885057471265,0.005339602318017267,-0.05887536383720818,-0.5279648169797668,0.002257684147872441,-0.06198832998355843,-0.5558803404619901,-0.006653894586322459,-0.07098968608016758,-0.6366000000000008,-0.018179820552497238,-0.08263172696419126,-0.7410000000000008,-0.025903210747025052,-0.0904329244273571,-0.8109572371603833,-0.13920204319733248,-0.20487315624644,-1.8372000000000002
40,400,1,2.0,0.015,836.7237546576039,1673.4475093152078,1184,426,0.323943661971831,0.003421538480439341,-0.024398906176149544,-0.21914370121337243,0.0009084388469333368,-0.026935355775286766,-0.24192533531955446,-0.00635836189677778,-0.03426967455344121,-0.3078,-0.01575698921985502,-0.04375562735380896,-0.3930000000000002,-0.022054901103212947,-0.05011205503338295,-0.4500915383722667,-0.11444257611216592,-0.14335813175767015,-1.2875999999999994
40,400,1,3.0,0.015,836.7237546576039,2510.1712639728116,983,334,0.24251497005988024,0.00174311949678651,-0.021005319800402537,-0.1806901319372452,-0.000307981358812841,-0.02308174649268179,-0.1985517887247208,-0.006238880804332622,-0.029085877339920234,-0.2502000000000001,-0.01390969985456273,-0.036851411337948496,-0.3170000000000001,-0.019049827321146313,-0.04205500619979791,-0.3617619103669884,-0.09445329988197855,-0.11838951831724519,-1.0183999999999997
40,400,1,0.75,0.025,1394.5395910960067,1045.904693322005,1177,398,0.5301507537688442,-0.0017913048051395716,-0.08680507508787014,-0.7553208757815073,-0.004261180903951502,-0.08925116250986248,-0.7766051254863447,-0.01140299781897808,-0.09632419282681724,-0.8381500000000004,-0.02063997540530778,-0.10547220421978341,-0.9177499999999998,-0.026829567662510986,-0.11160218125583346,-0.9710890428923993,-0.11762824006177022,-0.2015263238459288,-1.7535499999999993
40,400,1,1.0,0.025,1394.5395910960067,1394.5395910960067,1025,336,0.48214285714285715,-0.008549441938415447,-0.03935619886416891,-0.33087390518237825,-0.010687544222293599,-0.04149349735833586,-0.3488425179985226,-0.016870014292109273,-0.047673643214820094,-0.4008000000000004,-0.024866206037502055,-0.05566682890353241,-0.46800000000000014,-0.030224361998348222,-0.06102297054043115,-0.5130299457584075,-0.10882621936412648,-0.13959527863501195,-1.1735999999999995
40,400,1,1.3333333333333333,0.025,1394.5395910960067,1859.386121461342,863,270,0.44074074074074077,-0.002846755948617299,0.021299071213559444,0.16685727857368352,-0.0046981258053570354,0.019455947244047343,0.15241821470356845,-0.010051489306139532,0.014126427294327967,0.11066666666666614,-0.016975343453697046,0.007233411566372754,0.05666666666666639,-0.021614938345120294,0.002614481144621628,0.020481888825088806,-0.08967581200305129,-0.0651432535771573,-0.5103333333333335
40,400,1,2.0,0.025,1394.5395910960067,2789.0791821920134,683,209,0.32057416267942584,-0.007784092816002352,-0.029892673928673973,-0.21920430411641997,-0.009298365992709124,-0.03141685739722693,-0.23038120911217602,-0.013676991217099015,-0.03582413891331267,-0.26270000000000043,-0.019340152781984452,-0.04152436352913472,-0.30449999999999994,-0.023134972098768584,-0.045344018369331295,-0.3325096984032953,-0.07880334921328196,-0.1013767219952668,-0.7433999999999998
40,400,1,3.0,0.025,1394.5395910960067,4183.61877328802,524,153,0.22875816993464052,-0.006539776961232891,-0.052586696031921926,-0.33905865325268986,-0.0077767834398213545,-0.05385571395772565,-0.34724078944575554,-0.011353672902831284,-0.05752516672595818,-0.3708999999999997,-0.015979897320470223,-0.062271109302971736,-0.40149999999999975,-0.019079877001906276,-0.06545131074367766,-0.4220047074435605,-0.06455525370567883,-0.11210350636161391,-0.7227999999999999
40,400,1,0.75,0.04,2231.2633457536103,1673.4475093152078,670,206,0.5776699029126213,0.006830909990137844,0.009954209421676366,0.07107135575127999,0.00528610070482742,0.008411249423343122,0.06005488479852514,0.0008191782184617095,0.003949674277688378,0.028199999999999698,-0.0049581839538474955,-0.0018207718301401158,-0.013000000000000456,-0.008829527781909326,-0.0056874812830765235,-0.04060764531616662,-0.06562048676309377,-0.06241045596233896,-0.44559999999999966
40,400,1,1.0,0.04,2231.2633457536103,2231.2633457536103,528,172,0.4883720930232558,-0.04396035669169581,-0.025485481942940705,-0.17580449908145568,-0.04529720135808673,-0.02681890077938768,-0.18500271754686204,-0.049162779820013165,-0.030674573217990508,-0.21160000000000012,-0.05416238454747213,-0.03566136583944078,-0.24600000000000033,-0.05751256207263516,-0.039002958119981376,-0.2690510436620419,-0.10665823418579123,-0.08802268836466833,-0.6071999999999999
40,400,1,1.3333333333333333,0.04,2231.2633457536103,2975.0177943381473,445,135,0.4148148148148148,-0.01432536378504999,-0.029808629424562215,-0.185738027379825,-0.015484046427068607,-0.03096727396874502,-0.19295755931488215,-0.018834457120097924,-0.03431757449925732,-0.21383333333333399,-0.023167761774183306,-0.038650736672974875,-0.2408333333333338,-0.026071459296923175,-0.04155433872126181,-0.25892572225412214,-0.0686674606420801,-0.08414893949700952,-0.5243333333333335
40,400,1,2.0,0.04,2231.2633457536103,4462.526691507221,339,98,0.3673469387755102,0.004616290474000071,0.06861448612262322,0.3909951109884736,0.003674382352045029,0.06769478686248898,0.3857542655837648,0.0009507901196185968,0.06503541308421573,0.3705999999999999,-0.0025718093399519624,0.061595871539556764,0.3510000000000001,-0.004932262652348585,0.05929107437899451,0.33786626582046464,-0.03955910366544254,0.02548068532063719,0.14520000000000022
40,400,1,3.0,0.04,2231.2633457536103,6693.790037260831,241,59,0.3050847457627119,0.015266196896832044,0.11737932933984205,0.5145786892685705,0.014503157305379264,0.11665960347151097,0.5114234864228785,0.012296775753003494,0.11457846653387208,0.5023,0.009443118597034427,0.11188679640625968,0.4904999999999999,0.007530915815094313,0.11008313926569553,0.4825929559531366,-0.020520281540640433,0.08362426006632988,0.3665999999999999
80,100,0,0.75,0.001,55.781583643840264,41.8361877328802,17999,7308,0.5662287903667214,-0.11980640871280825,-0.11643085859438976,-0.7380074377167203,-0.1814379007353583,-0.17808768590339336,-1.1288247664678512,-0.3596496063495415,-0.3563726502439669,-2.2588999999999997,-0.5901424277093683,-0.586960221892372,-3.7204999999999995,-0.7445930116905499,-0.7414742969502688,-4.69990132024537,-3.0103170519875513,-3.008129724200624,-19.067299999999996
80,100,0,1.0,0.001,55.781583643840264,55.781583643840264,17629,7112,0.5016872890888638,-0.08309514686524791,-0.08850632539145892,-0.6294976596936661,-0.13657371153728318,-0.14198088436919756,-1.0098332976353799,-0.2912106659779566,-0.2966062560688188,-2.1095999999999995,-0.4912127241631017,-0.4965933335395656,-3.531999999999999,-0.6252317990388011,-0.6306023700111469,-4.485133851886299,-2.591234335107125,-2.5964576469824086,-18.4672
80,100,0,1.3333333333333333,0.001,55.781583643840264,74.37544485845368,17191,6888,0.4340882694541231,-0.04747546595498564,-0.0683175570387903,-0.544248389572081,-0.09359889470050722,-0.11455604109709101,-0.9126049523030322,-0.22696796683827347,-0.24825780359910865,-1.9777333333333331,-0.3994628858068818,-0.4211830127129758,-3.355333333333333,-0.5150497436157716,-0.537058202990636,-4.278447221380693,-2.2106595349772693,-2.2368977084085806,-17.82013333333333
80,100,0,2.0,0.001,55.781583643840264,111.56316728768053,16461,6544,0.3433679706601467,-0.021751636224556857,-0.04336821984657871,-0.40430605807583647,-0.059037510219032766,-0.08090697883888123,-0.7542661838759737,-0.16685218388359102,-0.18945288689851847,-1.7661999999999993,-0.3062959327175359,-0.329842388864763,-3.0749999999999997,-0.3997355822166665,-0.4239157766413981,-3.952011800723276,-1.770455295473956,-1.8039321595103304,-16.8174
80,100,0,3.0,0.001,55.781583643840264,167.3447509315208,15589,6116,0.26536952256376717,-5.113803388780642e-05,-0.017216305782430868,-0.18597858361733127,-0.030061982957902106,-0.04749378967987298,-0.5130501192826191,-0.1168404088132174,-0.1350432204983718,-1.4587999999999997,-0.2290766064278612,-0.24827660911477453,-2.6819999999999995,-0.3042847893254409,-0.3241529982135444,-3.5016522269595898,-1.4075566813816212,-1.4372271895870037,-15.525599999999997
80,100,0,0.75,0.002,111.56316728768053,83.6723754657604,15695,6154,0.5606109847253818,-0.04596143238468363,-0.07468657249557605,-0.7984702752748621,-0.07686863501798959,-0.1054699693550686,-1.1275739754848333,-0.16623894094907588,-0.19448228236091303,-2.0791999999999997,-0.28182738610117447,-0.309607711915459,-3.3100000000000005,-0.3592818714508426,-0.38675193584781903,-4.134744899396552,-1.4955060601982095,-1.5184247222381906,-16.2334
80,100,0,1.0,0.002,111.56316728768053,111.56316728768053,14899,5789,0.4902401105544999,-0.0384929233067415,-0.06546990975568612,-0.7579316580380525,-0.0652317751958394,-0.09221170244392052,-1.0675158830162004,-0.1425490077492496,-0.16953743852065592,-1.9626999999999997,-0.24254842703291238,-0.26954785596561215,-3.1205000000000007,-0.309556885756359,-0.33656368443022666,-3.896328440462568,-1.2925423295113707,-1.3196572391376518,-15.2774
80,100,0,1.3333333333333333,0.002,111.56316728768053,148.75088971690735,14071,5391,0.4214431459840475,-0.021844838499065784,-0.054306024005302204,-0.6746941155898787,-0.04494479176112673,-0.07751124399485589,-0.9629940908631903,-0.1117398982130934,-0.14461073644228148,-1.7966333333333335,-0.19813036558494315,-0.23139488607329572,-2.874833333333334,-0.2560196224271737,-0.289547944861601,-3.5973227309035014,-1.1052302729893655,-1.1426284571989451,-14.195933333333334
80,100,0,2.0,0.002,111.56316728768053,223.12633457536106,12852,4838,0.33174865646961554,-0.011935639817121365,-0.035887610244680464,-0.490547479977215,-0.0307107691754454,-0.054815605915756904,-0.7492741133239558,-0.08500034932790379,-0.1095472095440803,-1.4973999999999994,-0.1552166039597472,-0.1803351619648445,-2.4650000000000007,-0.20226770719531953,-0.22776935330198372,-3.1133776118427887,-0.892487277594103,-0.9236086623828673,-12.6248
80,100,0,3.0,0.002,111.56316728768053,334.6895018630416,11645,4363,0.25166170066468024,-0.001565062223208892,-0.022635320556974568,-0.34290133425807934,-0.016789196508649608,-0.03803735040089357,-0.5762259107962829,-0.060810829743085215,-0.08257338089973426,-1.2508999999999997,-0.11774687897791765,-0.1401747336642304,-2.123500000000001,-0.15589906958420544,-0.17877273650048292,-2.7082192063807544,-0.7155753959436575,-0.744988937691439,-11.2858
80,100,0,0.75,0.004,223.12633457536106,167.3447509315208,11559,4318,0.5646132468735525,-0.028116056549588545,-0.04021656295915643,-0.6027664362425829,-0.043549621328800046,-0.05562341107978145,-0.8336845021357668,-0.08817683726580686,-0.10017337395769846,-1.5013999999999994,-0.14589612610435276,-0.15779274637668642,-2.3650000000000007,-0.1845731565450312,-0.1964028239758013,-2.9436884100738236,-0.7519486589090841,-0.7627961567760592,-11.4328
80,100,0,1.0,0.004,223.12633457536106,223.12633457536106,10507,3868,0.4940537745604964,-0.015071913072784004,-0.0348620648585976,-0.5394174560876132,-0.028441197563959752,-0.04823078551624556,-0.7462704155306034,-0.06709940481849014,-0.08688736240728201,-1.344399999999999,-0.11709858544526777,-0.13688443437862508,-2.118000000000001,-0.15060246032009836,-0.17038689626774378,-2.6363804470045276,-0.6420899820264317,-0.6618536900777258,-10.240800000000002
80,100,0,1.3333333333333333,0.004,223.12633457536106,297.5017794338147,9521,3425,0.4216058394160584,-0.002787040496276997,-0.03403722486056993,-0.5373783489572753,-0.014337971792353278,-0.045638609562031245,-0.720540548050409,-0.04773828549809367,-0.07918481276569937,-1.2501666666666664,-0.09093708949251939,-0.12257230516231646,-1.9351666666666674,-0.1198841103362259,-0.15164576393036697,-2.3941772744718652,-0.5445245314339892,-0.5781409753267954,-9.127666666666666
80,100,0,2.0,0.004,223.12633457536106,446.2526691507221,8192,2919,0.33641658102089755,-0.01719763013349417,-0.009679045478181878,-0.16021705127190944,-0.02665389895839502,-0.019109511709490892,-0.31631937511215863,-0.05399735180576761,-0.046378354579685206,-0.7676999999999994,-0.0893624226398618,-0.08164692746443229,-1.3515000000000013,-0.11306014914881267,-0.1052799918093222,-1.7426976537761676,-0.46069566639784937,-0.45196694275427535,-7.4814
80,100,0,3.0,0.004,223.12633457536106,669.3790037260832,7112,2481,0.2591696896412737,-0.02148078861018865,0.007818918116976506,0.13602928941226208,-0.029235821916976254,0.00019257618554259528,0.0033503358501998093,-0.05166003504801236,-0.021859516966778444,-0.38029999999999914,-0.08066273233736082,-0.05038092721898864,-0.8765000000000012,-0.10009710563776071,-0.0694927956209278,-1.2089979030553866,-0.38519105387551805,-0.34985573486719435,-6.086600000000001
80,100,0,0.75,0.008,446.2526691507221,334.6895018630416,7030,2442,0.5585585585585585,-0.008997096455883369,-0.039128001925830665,-0.66438713230764,-0.016720266479512132,-0.04681908303795201,-0.7949804433106851,-0.03905234473190367,-0.06905837399178272,-1.1725999999999999,-0.06793587797391143,-0.09782189936922328,-1.6610000000000014,-0.08729040081913121,-0.11709600632706149,-1.9882712129227147,-0.3712129770149917,-0.39983891583234804,-6.789199999999999
80,100,0,1.0,0.008,446.2526691507221,446.2526691507221,6072,2092,0.4894837476099426,-0.02334325417315174,-0.03251775277780105,-0.544226814409331,-0.030027925451425894,-0.03920238537602448,-0.6561028203955577,-0.049357113028704436,-0.05853146110727133,-0.9796000000000007,-0.0743568119201203,-0.0835310153409201,-1.398000000000001,-0.09110882211442056,-0.10028292860171732,-1.6783650194243727,-0.3368536502799864,-0.34602633479423167,-5.791199999999998
80,100,0,1.3333333333333333,0.008,446.2526691507221,595.0035588676294,5321,1802,0.42119866814650386,-0.014675733388991844,-0.0248948122935158,-0.4135796938650173,-0.020468366459832417,-0.030695502988558408,-0.5099470756944533,-0.03721816409857763,-0.047468599802856906,-0.7886000000000007,-0.058881769761601414,-0.06916233980913342,-1.1490000000000016,-0.07339830232019508,-0.08369906504394935,-1.3904998876686054,-0.28634962922335044,-0.29694660987503607,-4.933199999999999
80,100,0,2.0,0.008,446.2526691507221,892.5053383014442,4319,1439,0.31202223766504517,-0.039850419407253444,-0.05424119492093914,-0.8682248498733403,-0.04463223258618635,-0.05904884780536786,-0.9451797124996222,-0.05845917486164237,-0.07295050736962966,-1.1677000000000013,-0.0763424610625442,-0.09093043031300496,-1.4555000000000007,-0.08832584510434023,-0.10297856952253687,-1.6483514641260388,-0.2641169661720137,-0.279719621218446,-4.477399999999999
80,100,0,3.0,0.008,446.2526691507221,1338.7580074521663,3562,1170,0.22393162393162394,-0.0280482600091651,-0.06939091872836825,-1.083507348402924,-0.03195587036451223,-0.07339803469825462,-1.1460766251734247,-0.04325499494269493,-0.08498488661684857,-1.3270000000000008,-0.057868889658229304,-0.09997091786654151,-1.5610000000000008,-0.0676614921338185,-0.11001288474611703,-1.7178007039801702,-0.2113147841713403,-0.25732424598831743,-4.017999999999999
80,100,0,0.75,0.015,836.7237546576039,627.5428159932029,3736,1203,0.5627597672485453,-0.017246091681291802,-0.024522319424727886,-0.38428960694762204,-0.021356446976216092,-0.028627609096783174,-0.4486236581911359,-0.033241822516382226,-0.04049833703940052,-0.6346499999999998,-0.0486139538347638,-0.05585152366459521,-0.875250000000001,-0.058914641921934026,-0.0661395171311313,-1.0364732879385856,-0.21002133267776935,-0.21705998322913866,-3.4015499999999994
80,100,0,1.0,0.015,836.7237546576039,836.7237546576039,3092,988,0.4848178137651822,-0.04301740963321189,-0.036488500947418935,-0.5407839830958031,-0.04658445927778492,-0.040053541048508105,-0.5936202612575575,-0.05689882909601448,-0.050362100133296,-0.7463999999999998,-0.07023907625743979,-0.06369483189420076,-0.9440000000000003,-0.07917822218128998,-0.07262894183475042,-1.076409483361032,-0.21031167145240534,-0.20368851538370045,-3.0187999999999997
80,100,0,1.3333333333333333,0.015,836.7237546576039,1115.6316728768052,2613,826,0.3946731234866828,-0.03630029318208026,-0.07467878016609507,-1.055898350240014,-0.03940257012433576,-0.07780291971508693,-1.1000711900797007,-0.0483730176508151,-0.08683658447528554,-1.2278000000000011,-0.059975082465315965,-0.09852041226101377,-1.3930000000000011,-0.06774949242487695,-0.10634961064556608,-1.5036986166560857,-0.18179676301757489,-0.22120060401116043,-3.1275999999999997
80,100,0,2.0,0.015,836.7237546576039,1673.4475093152078,2058,622,0.3070739549839228,-0.04947362639879888,-0.06130446536168838,-0.7921534792364266,-0.05203704117989208,-0.06387870179888555,-0.8254168041520256,-0.059449331639582596,-0.07132228382281652,-0.9216000000000002,-0.06903613030078469,-0.0809495539048026,-1.0460000000000003,-0.07546013362981298,-0.08740067666660875,-1.1293590067313377,-0.16969751624340645,-0.18203588976565646,-2.3522
80,100,0,3.0,0.015,836.7237546576039,2510.1712639728116,1560,458,0.259825327510917,-0.038357826704325956,0.018891892070317155,0.22791592686449588,-0.040458488445130225,0.01686167940776708,0.20342299629963437,-0.046532696604982,0.010991179611653037,0.13259999999999983,-0.0543888661616673,0.0033984793671023466,0.04099999999999965,-0.05965319486711949,-0.0016893015878375688,-0.02038010463497214,-0.1368786465068626,-0.07632487320067968,-0.9207999999999998
80,100,0,0.75,0.025,1394.5395910960067,1045.904693322005,1952,610,0.5377049180327869,-0.03251006408454244,-0.07179350936108166,-0.9560508397656267,-0.03497040018125551,-0.07424318906369119,-0.9886724285092219,-0.042084631522903905,-0.0813266067075599,-1.0830000000000006,-0.05128593088812653,-0.09048805270785741,-1.2049999999999996,-0.05745161558043084,-0.09662703211949404,-1.2867507943828231,-0.14789957422296493,-0.18668323571098214,-2.4859999999999984
80,100,0,1.0,0.025,1394.5395910960067,1394.5395910960067,1614,480,0.49375,-0.04210738145915212,-0.016159869214254666,-0.19410557883196888,-0.04424741878341152,-0.018296927339438607,-0.21977502571217516,-0.05043548415581448,-0.024476378152447006,-0.2940000000000007,-0.05843891267095399,-0.03246866489610312,-0.3900000000000003,-0.06380191790782938,-0.03782420416027685,-0.4543284939405822,-0.14247491207991933,-0.11638767570449254,-1.397999999999999
80,100,0,1.3333333333333333,0.025,1394.5395910960067,1859.386121461342,1315,378,0.3915343915343915,-0.03495881239361793,-0.0790035768896132,-0.851399809996843,-0.03682008709068002,-0.08087934988250743,-0.8716144994150041,-0.042202091119701426,-0.08630327673286514,-0.9300666666666675,-0.04916298793028869,-0.09331839506238045,-1.005666666666667,-0.05382740468342289,-0.09801914503063773,-1.0563253556448757,-0.12225240444145534,-0.16697713752229182,-1.7994666666666668
80,100,0,2.0,0.025,1394.5395910960067,2789.0791821920134,949,291,0.29896907216494845,-0.007825128359924263,-0.07760534726971943,-0.7767390071668816,-0.009339734099066051,-0.0791601840065044,-0.7923011093380059,-0.013719320950650576,-0.08365610155970375,-0.8373000000000004,-0.019383726250701616,-0.08947096494292928,-0.8955,-0.02317937898009057,-0.09336743790035783,-0.9344991494514783,-0.07885998190123777,-0.15052703046679758,-1.5065999999999997
80,100,0,3.0,0.025,1394.5395910960067,4183.61877328802,679,204,0.19607843137254902,0.04187766434261732,-0.13778821461399876,-1.1187448710035865,0.04067329796085384,-0.13913186554161935,-1.1296543859276738,0.037190789586727245,-0.14301712477684497,-1.1611999999999993,0.03268663438662241,-0.1480421839319391,-1.2019999999999995,0.02966845188144126,-0.15140941817578854,-1.2293396099247476,-0.014606995214478396,-0.2008053050604273,-1.6304
80,100,0,0.75,0.04,2231.2633457536103,1673.4475093152078,952,276,0.532608695652174,-0.04694784205965619,-0.08029047593414108,-0.7753607078283822,-0.04848248192412325,-0.08181890257421602,-0.7901206397845001,-0.05291999882944375,-0.08623845351311352,-0.8328000000000004,-0.05865932884603417,-0.09195454697363692,-0.8880000000000006,-0.06250518776473452,-0.09578483534383561,-0.9249888840158349,-0.11892229402023312,-0.1519735283091322,-1.4675999999999996
80,100,0,1.0,0.04,2231.2633457536103,2231.2633457536103,748,226,0.4646017699115044,-0.029026095983594156,-0.07311519682787078,-0.660766376700052,-0.03036263020187802,-0.074452541741442,-0.6728524079394816,-0.034227310981712986,-0.07831956670255749,-0.7078000000000002,-0.03922575467837859,-0.08332104228175442,-0.7530000000000001,-0.04257515421018375,-0.08667247344311216,-0.7832879992303576,-0.09170941349336753,-0.13583653586332228,-1.2275999999999996
80,100,0,1.3333333333333333,0.04,2231.2633457536103,2975.0177943381473,600,169,0.42011834319526625,-0.012583621535854557,-0.01906411515567599,-0.14886217254708944,-0.013742325853773402,-0.02022154393716448,-0.15789995696949463,-0.017092799224161827,-0.023568329006079553,-0.18403333333333416,-0.021426184942963385,-0.027896944404044454,-0.2178333333333337,-0.024329936786235535,-0.030797499710285062,-0.2404823239082469,-0.06692673499037978,-0.07334740608267654,-0.5727333333333335
80,100,0,2.0,0.04,2231.2633457536103,4462.526691507221,435,111,0.3333333333333333,-0.01140439101232484,-0.0016170079409600492,-0.010199415104892418,-0.012351988882741674,-0.0025581065625988,-0.016135474695939817,-0.015092033414871,-0.005279358069085838,-0.03330000000000008,-0.0186359117066221,-0.00879893011514304,-0.05549999999999998,-0.021010623719299862,-0.011157354792624615,-0.07037596422375941,-0.055846633770008446,-0.04575443659874375,-0.2885999999999995
80,100,0,3.0,0.04,2231.2633457536103,6693.790037260831,305,76,0.17105263157894737,0.0266015758827785,-0.20978813069968452,-0.9669833833150618,0.025842988264949646,-0.21066989145888523,-0.9710477124044274,0.02364947990104989,-0.21321956344773366,-0.9828000000000002,0.020812472479291657,-0.21651722051367342,-0.9980000000000004,0.018911426492417126,-0.21872694251976105,-1.0081853448739255,-0.008976105449169396,-0.25114261970604035,-1.1576
80,100,1,0.75,0.001,55.781583643840264,41.8361877328802,16425,6637,0.5677263824016875,-0.11659344475022031,-0.11345481332490392,-0.652851513974531,-0.17825129080167293,-0.17513640910623063,-1.0077850951077076,-0.3565392009062296,-0.35349299319108296,-2.0341,-0.5871305825033087,-0.5841731953256107,-3.361499999999999,-0.741647210563916,-0.738749341005021,-4.250975446424264,-3.00834008927264,-3.006315317738155,-17.2992
80,100,1,1.0,0.001,55.781583643840264,55.781583643840264,16066,6459,0.5037931568354235,-0.07956602625881995,-0.08429620859039103,-0.5444956951576756,-0.1330464378341682,-0.1377716217926522,-0.8899101897394429,-0.2876887327230235,-0.29239946354133656,-1.8886999999999994,-0.4876976980580918,-0.4923897356876269,-3.1804999999999994,-0.6217214013353748,-0.6264009128744824,-4.046120296587964,-2.587791834076311,-2.5922875932236757,-16.7444
80,100,1,1.3333333333333333,0.001,55.781583643840264,74.37544485845368,15674,6248,0.43373879641485275,-0.04359283749100615,-0.06902858194789552,-0.49877428446278965,-0.08969653662408678,-0.11527106985935086,-0.8329049180201333,-0.22300855922810292,-0.24898440977863207,-1.7990666666666666,-0.3954296923140947,-0.4219245927212941,-3.048666666666666,-0.5109671070531638,-0.5378098167891097,-3.8860092294599173,-2.20585158971701,-2.2377965136192453,-16.169466666666665
80,100,1,2.0,0.001,55.781583643840264,111.56316728768053,14986,5927,0.3446937742534166,-0.01593053948604688,-0.04053880071402338,-0.3426120119522437,-0.05315093631184664,-0.0780428803212683,-0.65957620290845,-0.16077627823177845,-0.1864885105495899,-1.5760999999999992,-0.2999751519726897,-0.32674831665674303,-2.7615,-0.39325071349329527,-0.42073479673248565,-3.555822882470485,-1.7615633262522574,-1.7994762807818503,-15.208199999999998
80,100,1,3.0,0.001,55.781583643840264,167.3447509315208,14176,5547,0.26392644672796106,0.0036909681477580434,-0.020520001551710458,-0.2006950953769353,-0.02626280582075267,-0.050850117405928395,-0.4973376408863127,-0.11287620707602095,-0.13855173715380434,-1.3550999999999995,-0.22489896761296257,-0.2519819616379241,-2.4644999999999997,-0.2999641287838792,-0.3279902481838159,-3.207896158100857,-1.4011379532508492,-1.4429993187211805,-14.113199999999997
80,100,1,0.75,0.002,111.56316728768053,83.6723754657604,14347,5603,0.5654113867570945,-0.03782555051525572,-0.06509468974577846,-0.6328407462406649,-0.06877212738047461,-0.09591571087513677,-0.9324780605527334,-0.15825628661603527,-0.1850368170496231,-1.7988999999999997,-0.2739919856720174,-0.30030295590437195,-2.9195,-0.3515451441660991,-0.37754146751762263,-3.6704011490605923,-1.4892168257598304,-1.5105974138792346,-14.6858
80,100,1,1.0,0.002,111.56316728768053,111.56316728768053,13612,5265,0.49952516619183285,-0.028315171198834702,-0.04688854655746693,-0.4937830678131537,-0.0550573531547084,-0.07362502634323942,-0.7753448132804102,-0.1323842148256435,-0.15093539979644538,-1.5894999999999995,-0.2323960880749865,-0.25092594775848204,-2.642500000000001,-0.2994128920573476,-0.31792846191151736,-3.3481031679107653,-1.2825207571930863,-1.3008267013598653,-13.699
80,100,1,1.3333333333333333,0.002,111.56316728768053,148.75088971690735,12850,4907,0.42673731404116566,-0.016956636594970296,-0.043513468206341104,-0.4928876569343107,-0.04004258512131535,-0.06668032363697723,-0.7553042732700812,-0.10679719591502843,-0.13366888231896154,-1.5141000000000002,-0.19313528761104068,-0.22030955407632824,-2.4955000000000007,-0.25098944811633644,-0.2783664699945758,-3.153124832846748,-1.0996852504191694,-1.130036607528678,-12.8002
80,100,1,2.0,0.002,111.56316728768053,223.12633457536106,11697,4398,0.33469758981355163,-0.005955182394861252,-0.02955933162853763,-0.3681173660479106,-0.024693612538913935,-0.04844528018412547,-0.6033136730877962,-0.07887707438471822,-0.10305530168095285,-1.2833999999999994,-0.14895607928981486,-0.173686004001793,-2.1630000000000003,-0.1959152130648103,-0.2210148238587227,-2.752409825730588,-0.8847856307933291,-0.9153083783706141,-11.398800000000001
80,100,1,3.0,0.002,111.56316728768053,334.6895018630416,10593,3964,0.25277497477295663,0.0004468335180168764,-0.020040712531692685,-0.2762385718540052,-0.014760602663021816,-0.03542005463141559,-0.488225420673038,-0.05873395217807386,-0.07989048195471982,-1.1011999999999995,-0.11560755292969302,-0.1374069858538317,-1.8940000000000006,-0.1537178975268767,-0.17594813244297242,-2.4252461457926455,-0.7127803608216929,-0.7413302767945055,-10.218399999999999
80,100,1,0.75,0.004,223.12633457536106,167.3447509315208,10702,4017,0.565596216081653,-0.02904904004419913,-0.038243856089697464,-0.533108562850036,-0.04448049484622501,-0.053654582914046296,-0.7479297464287575,-0.08910160963882142,-0.09821576133102482,-1.3690999999999995,-0.14681300746940112,-0.15584963953812833,-2.1725000000000003,-0.18548475023655725,-0.19446943729873173,-2.71084908366525,-0.7527826846904875,-0.7610053607127147,-10.6082
80,100,1,1.0,0.004,223.12633457536106,223.12633457536106,9718,3604,0.4972253052164262,-0.018443215108037914,-0.02851752718685173,-0.4111593877300304,-0.03181216783232084,-0.04188538166498513,-0.6038941513889076,-0.07046941576002183,-0.08053945393827519,-1.1611999999999993,-0.12046735562684624,-0.1305332865241423,-1.882000000000001,-0.15397039908272758,-0.16403357773837604,-2.364999775337207,-0.6454457242285012,-0.6554685286757461,-9.450400000000002
80,100,1,1.3333333333333333,0.004,223.12633457536106,297.5017794338147,8819,3196,0.4211514392991239,-0.013596408746420171,-0.03496202800920206,-0.5150029790561903,-0.02516382184943423,-0.04656499132342226,-0.6859187128668924,-0.058611793835537385,-0.08011575919464972,-1.180133333333333,-0.10187223739210133,-0.12350915537351666,-1.8193333333333341,-0.1308605621962194,-0.15258657019803268,-2.2476538888210458,-0.5561068947360227,-0.579139815251619,-8.530933333333333
80,100,1,2.0,0.004,223.12633457536106,446.2526691507221,7608,2728,0.3310117302052786,-0.015401369351233337,-0.021201603294773524,-0.32666670636168854,-0.024851623565669303,-0.03067015313790726,-0.47255472946418947,-0.05217768475247395,-0.05804911739566666,-0.8943999999999994,-0.08752026181771823,-0.09346011745277294,-1.440000000000001,-0.11120291551132366,-0.11718862060489284,-1.8056002738956436,-0.4586173210027817,-0.46527561805238754,-7.168799999999999
80,100,1,3.0,0.004,223.12633457536106,669.3790037260832,6630,2340,0.2465811965811966,-0.018012907152698474,-0.02125131775577103,-0.34301469680584706,-0.02575233793863513,-0.029004219277371558,-0.4681532503468489,-0.04813143530561171,-0.05142226820465866,-0.8299999999999993,-0.07707578143497294,-0.08041699292728563,-1.2980000000000014,-0.09647105429535549,-0.09984602390258097,-1.6116014079603405,-0.3809914157932643,-0.38486160251486734,-6.2120000000000015
80,100,1,0.75,0.008,446.2526691507221,334.6895018630416,6614,2320,0.5568965517241379,-0.015526067838451901,-0.0424573892671579,-0.6851769643545149,-0.02324186346092234,-0.050145396623835166,-0.8092459576088409,-0.045552618124265816,-0.07237579960201657,-1.168,-0.07440857217789049,-0.10112782958089996,-1.6320000000000014,-0.09374461452672707,-0.1203942336046087,-1.94292105404615,-0.37739608974094824,-0.4030241443591745,-6.504
80,100,1,1.0,0.008,446.2526691507221,446.2526691507221,5719,1998,0.4864864864864865,-0.021801570704834586,-0.03851728603199181,-0.6155894718880703,-0.028486093763550296,-0.045202806953038514,-0.7224385445269237,-0.04781485275376317,-0.06453445133093455,-1.0314000000000008,-0.07281399732557574,-0.08953732776281495,-1.431000000000001,-0.0895656360766964,-0.10629146719037065,-1.698767356027675,-0.33530501532960716,-0.3520675302975589,-5.626799999999999
80,100,1,1.3333333333333333,0.008,446.2526691507221,595.0035588676294,5025,1730,0.41791907514450866,-0.01864384211098988,-0.03156898121242968,-0.502963857040222,-0.024439910917388268,-0.037375892151731496,-0.5954808218376272,-0.04119964322222227,-0.05416697523088252,-0.8630000000000007,-0.06287609803681093,-0.07588397804650866,-1.2090000000000014,-0.07740124066382735,-0.09043629142184845,-1.4408506135775179,-0.29047887358999125,-0.30391250761058275,-4.8420000000000005
80,100,1,2.0,0.008,446.2526691507221,892.5053383014442,4101,1380,0.30869565217391304,-0.04546768589298782,-0.06159898631718284,-0.9428035391419105,-0.05025985252740236,-0.06642075887562575,-1.0166031989225006,-0.06411673253274021,-0.08036324645015,-1.2300000000000013,-0.08203873915215652,-0.09839597492189087,-1.5060000000000007,-0.09404806930028368,-0.1104794985075842,-1.6909444200791757,-0.27021980865602824,-0.28773962387517077,-4.403999999999999
80,100,1,3.0,0.008,446.2526691507221,1338.7580074521663,3400,1129,0.2267493356953056,-0.035057023527689475,-0.062356661768953665,-0.9437399968776934,-0.03898105397508352,-0.06634598945733684,-1.0041166750605097,-0.05032765838076988,-0.07788140533434566,-1.178700000000001,-0.06500296185372162,-0.09280091099693596,-1.4045000000000005,-0.07483671363013812,-0.10279829984706543,-1.5558059784560787,-0.2190936483197148,-0.24945572045413447,-3.7753999999999994
80,100,1,0.75,0.015,836.7237546576039,627.5428159932029,3574,1163,0.5726569217540842,-0.014567711512701888,-0.004590961057279913,-0.06936414204495789,-0.0186795351836823,-0.008707418008219753,-0.13155907271512152,-0.030569156634386276,-0.020610436907161092,-0.3113999999999999,-0.045946779465773344,-0.03600538753209909,-0.5440000000000009,-0.05625114735253833,-0.04632136657368123,-0.6998625801102037,-0.2074118191953365,-0.19765236909394726,-2.986299999999999
80,100,1,1.0,0.015,836.7237546576039,836.7237546576039,2971,951,0.4942166140904311,-0.03676625674668693,-0.017684425176333635,-0.2523841780608388,-0.04033253091423101,-0.021247989583438896,-0.30324176969224426,-0.05064465838720076,-0.03155228159739646,-0.4502999999999999,-0.0639820053772618,-0.04487949447730945,-0.6405000000000003,-0.07291920792969495,-0.05380990627929207,-0.7679508286197789,-0.20402414877290245,-0.18481522971639555,-2.6375999999999995
80,100,1,1.3333333333333333,0.015,836.7237546576039,1115.6316728768052,2502,802,0.4027431421446384,-0.026616982408115508,-0.057979161278707184,-0.7986930712984157,-0.02971412497927913,-0.06109260954129323,-0.8415824387940921,-0.03866972611798636,-0.07009535971021612,-0.9656000000000013,-0.05025258913093999,-0.0817392036388808,-1.126000000000001,-0.05801413218451682,-0.08954160930148695,-1.2334821919590566,-0.17187265076695296,-0.20399956488986024,-2.8101999999999996
80,100,1,2.0,0.015,836.7237546576039,1673.4475093152078,1968,607,0.3163097199341021,-0.048222114737267605,-0.04096425563610398,-0.5207751798979274,-0.05078423071419026,-0.04351765505052851,-0.5532363345985201,-0.058192765592133607,-0.05090098538743434,-0.6471000000000002,-0.06777470691453313,-0.06045032803313753,-0.7685000000000004,-0.07419545539679341,-0.0668492325177277,-0.8498487412956944,-0.16838509079972788,-0.16071842581302087,-2.0431999999999997
80,100,1,3.0,0.015,836.7237546576039,2510.1712639728116,1521,444,0.2702702702702703,-0.04285262020024726,0.0421475768887105,0.4992023395804284,-0.04495904991300315,0.04014285448905256,0.4754581012162393,-0.051049936561168324,0.034346061544379095,0.4067999999999999,-0.058927677494515586,0.02684869117775946,0.31799999999999984,-0.06420646093093538,0.02182478967568248,0.25849614310496144,-0.14164395729466148,-0.051873697671746606,-0.6143999999999998
80,100,1,0.75,0.025,1394.5395910960067,1045.904693322005,1900,580,0.5431034482758621,-0.03463743884002837,-0.061025479658521536,-0.7720442410886287,-0.037097156265498345,-0.06347720762343038,-0.803061489402211,-0.04420959867662066,-0.07056654795886357,-0.8927500000000006,-0.05340858430132467,-0.07973565416242345,-1.0087499999999996,-0.05957271858276509,-0.08587976658800953,-1.0864802635115365,-0.1499979333607175,-0.17601126929980307,-2.2267499999999982
80,100,1,1.0,0.025,1394.5395910960067,1394.5395910960067,1568,477,0.4947589098532495,-0.034292846318730884,-0.014143574152874596,-0.16882991896426916,-0.03643228734601731,-0.016280568690590348,-0.194338931801474,-0.042618628484637884,-0.022459835636053332,-0.26810000000000067,-0.05061982693577674,-0.0304518845718216,-0.36350000000000027,-0.055981337832458844,-0.03580726448366957,-0.4274264408534535,-0.13463241067273513,-0.1143683983973887,-1.3651999999999993
80,100,1,1.3333333333333333,0.025,1394.5395910960067,1859.386121461342,1289,368,0.421195652173913,-0.04968338781881048,-0.01810388015258357,-0.19214761043784317,-0.05154967142127999,-0.019958093786119152,-0.21182751971266722,-0.056946159045402185,-0.02531968026344394,-0.2687333333333341,-0.06392578843411456,-0.03225416972284406,-0.34233333333333377,-0.06860275767202387,-0.03690089121419879,-0.3916518453544467,-0.13721189701559453,-0.10506630904654563,-1.115133333333333
80,100,1,2.0,0.025,1394.5395910960067,2789.0791821920134,944,279,0.30824372759856633,-0.0359799836150109,-0.05688477498414455,-0.5506363676960822,-0.03751055042811596,-0.058426158213320284,-0.5655567336952014,-0.04193628982478872,-0.06288317402231616,-0.6087000000000004,-0.04766038722134747,-0.06864772324269604,-0.6645000000000001,-0.05149603893686664,-0.07251048125929392,-0.7018909371029636,-0.10776340988521468,-0.12917549005668488,-1.2504
80,100,1,3.0,0.025,1394.5395910960067,4183.61877328802,694,196,0.20408163265306123,0.016002915568644596,-0.11591623914922476,-0.9180097780230541,0.014781421124869071,-0.11723975247951755,-0.9284914688324712,0.011249385779305242,-0.12106678246458237,-0.9587999999999994,0.006681174117024499,-0.1260165299328882,-0.9979999999999996,0.0036200681145627405,-0.12933329868312082,-1.0242674683590711,-0.041285048336923307,-0.17798887835009955,-1.4096000000000002
80,100,1,0.75,0.04,2231.2633457536103,1673.4475093152078,934,266,0.5451127819548872,-0.05146555076749933,-0.05537881731708671,-0.514441841602716,-0.05299949955166284,-0.0569101314907036,-0.5286669934154968,-0.057435018150669974,-0.06133803193178957,-0.5698000000000004,-0.06317176362738113,-0.06706492434802547,-0.6230000000000007,-0.06701589067568602,-0.07090244897402746,-0.6586487070587395,-0.12340759113284781,-0.12719729471850208,-1.1815999999999995
80,100,1,1.0,0.04,2231.2633457536103,2231.2633457536103,748,216,0.4675925925925926,-0.05581567193766379,-0.06709753371421687,-0.5798475104743861,-0.057153642764718744,-0.06843419627784042,-0.5913987615704781,-0.06102247759779825,-0.07229924817706805,-0.6248,-0.06602629400244119,-0.07729817186664768,-0.6680000000000001,-0.06937929372396057,-0.08064789303617428,-0.6969478222732621,-0.11856636625119221,-0.1297868706072335,-1.1215999999999997
80,100,1,1.3333333333333333,0.04,2231.2633457536103,2975.0177943381473,603,168,0.3869047619047619,-0.03372891865845036,-0.0873109062777263,-0.6687702859245229,-0.03489168939628509,-0.08848384704868337,-0.6777545923325942,-0.03825392110003808,-0.09187548610392827,-0.7037333333333341,-0.04260251463822695,-0.09626211408767019,-0.7373333333333338,-0.04551645706605435,-0.09920154295925067,-0.7598483062125372,-0.08826274678921012,-0.14232170791696042,-1.0901333333333336
80,100,1,2.0,0.04,2231.2633457536103,4462.526691507221,432,116,0.3017241379310345,-0.026384403236311527,-0.07022795954837803,-0.4506588482177254,-0.027337272515647666,-0.07119466776612764,-0.4568622978804418,-0.03009255968986905,-0.07398997118427908,-0.4748000000000001,-0.03365615228472195,-0.07760531939715874,-0.498,-0.03604407462477085,-0.0800279225805475,-0.5135460527023071,-0.0710738745306775,-0.1155664756323954,-0.7415999999999998
80,100,1,3.0,0.04,2231.2633457536103,6693.790037260831,301,83,0.1566265060240964,0.026966406497589815,-0.25692822889460565,-1.2476265896730279,0.02620798762248689,-0.25784230123369195,-1.2520652648627302,0.02401496718980554,-0.2604854043820581,-1.2649000000000001,0.02117859084131367,-0.26390390205993164,-1.2815000000000003,0.019277967729364038,-0.26619459796781675,-1.2926234687438924,-0.008603360817850698,-0.2997981276776031,-1.4558
80,200,0,0.75,0.001,55.781583643840264,41.8361877328802,6924,2992,0.5758689839572193,-0.1392229208016407,-0.0972423850089529,-0.25167477471927024,-0.2007057726896889,-0.15906576940714967,-0.4116809936058854,-0.378487675113604,-0.337832345046966,-0.87435,-0.6084246039768465,-0.5690428159980776,-1.4727499999999996,-0.7625026908007562,-0.7239742887020136,-1.873730945562965,-3.0227623570408952,-2.99675276098475,-7.75595
80,200,0,1.0,0.001,55.781583643840264,55.781583643840264,6894,2977,0.5159556600604636,-0.10465228147996745,-0.05999578409357631,-0.17854647538077106,-0.15813077410281642,-0.11349206124245435,-0.3377505240523799,-0.3127675202083036,-0.2681802325303144,-0.7980999999999998,-0.5127693089399655,-0.4682485328041514,-1.3935,-0.6467882032579907,-0.6023119957402783,-1.7924706801273214,-2.6127880906224155,-2.568965685679439,-7.645199999999999
80,200,0,1.3333333333333333,0.001,55.781583643840264,74.37544485845368,6853,2957,0.45383834967872844,-0.06974583917611434,-0.028342394814361068,-0.09737540959610579,-0.11599305698988549,-0.07436951934367367,-0.2555098979810394,-0.24972007374760471,-0.20746012120487803,-0.7127666666666665,-0.4226779458373853,-0.37959487640372513,-1.3041666666666667,-0.5385750231988805,-0.4949403926201076,-1.7004569928797975,-2.2387356027800833,-2.187009805991619,-7.513866666666666
80,200,0,2.0,0.001,55.781583643840264,111.56316728768053,6778,2915,0.3615780445969125,-0.04410849245195982,-0.004961425694840667,-0.020849504781641715,-0.08165639806559519,-0.04205721189445705,-0.1767379165645574,-0.19022875421102162,-0.14932223360306465,-0.6274999999999997,-0.33065246321149055,-0.2880550817155535,-1.2105000000000001,-0.4247487727276446,-0.38101836483184515,-1.6011615829933294,-1.8051014077164131,-1.7447499868966854,-7.331999999999999
80,200,0,3.0,0.001,55.781583643840264,167.3447509315208,6697,2850,0.2789473684210526,-0.030685125061301752,0.013321983526337644,0.06812312568518734,-0.06118100813066324,-0.016483382472480976,-0.0842892151660341,-0.1493619552025449,-0.10266765185802448,-0.5249999999999997,-0.26341212497524236,-0.21413538816102257,-1.0949999999999998,-0.3398358297163402,-0.28882863398745867,-1.4769504327722087,-1.460938907588566,-1.384546619342502,-7.079999999999998
80,200,0,0.75,0.002,111.56316728768053,83.6723754657604,6569,2824,0.5768413597733711,-0.05570582373319618,-0.04217470948062835,-0.20598782212808098,-0.0865671918400104,-0.07309549507945419,-0.3570097346066248,-0.1758049640797312,-0.16250507709121223,-0.7936999999999999,-0.2912219947652953,-0.2781443205599242,-1.3585,-0.3685616172558822,-0.3556328452762846,-1.736965972683761,-1.5031008169637183,-1.4923563769813997,-7.2889
80,200,0,1.0,0.002,111.56316728768053,111.56316728768053,6461,2770,0.5043321299638989,-0.03216891648666641,-0.037273720761620395,-0.20652594450948447,-0.058908391331904744,-0.06400890447316014,-0.354660044214005,-0.13622742520591688,-0.14131553023842222,-0.7829999999999998,-0.23622917425499151,-0.24130123107122675,-1.3370000000000002,-0.30323919412739825,-0.3083004972188097,-1.7082290171154453,-1.2862475392702737,-1.291151089815674,-7.154
80,200,0,1.3333333333333333,0.002,111.56316728768053,148.75088971690735,6354,2704,0.4356508875739645,-0.021333438027511503,-0.025427862093061655,-0.15912809408675554,-0.044430913932604774,-0.0485349356479766,-0.3037326448452482,-0.11121885693620874,-0.11535063091732127,-0.7218666666666669,-0.19760005935311004,-0.20176772714943342,-1.262666666666667,-0.2554831078557755,-0.2596748276841226,-1.625050515865282,-1.1046026847305748,-1.1091472375866105,-6.941066666666667
80,200,0,2.0,0.002,111.56316728768053,223.12633457536106,6156,2583,0.34804490902051877,-0.004531592850485785,-0.0012653390629483146,-0.009343146089530047,-0.023260693051089694,-0.019972740059779864,-0.14747685711363734,-0.07741717672257556,-0.07406647898847539,-0.5468999999999999,-0.14746128899538208,-0.14402943939338747,-1.0635000000000003,-0.19439704161949367,-0.1909108130858104,-1.4096677080177602,-0.8829244678598499,-0.8786405236449637,-6.4878
80,200,0,3.0,0.002,111.56316728768053,334.6895018630416,5918,2443,0.26401964797380273,0.013181737215011603,0.005746926572985076,0.04952098106979423,-0.0019216958431172053,-0.009414677402933056,-0.08112580794758628,-0.04559431316242439,-0.0532554999390243,-0.45889999999999986,-0.10207895735234025,-0.10995769490569964,-0.9475000000000005,-0.1399286666388711,-0.14795318246123612,-1.2749052306184236,-0.6951677213464558,-0.7053307420557899,-6.0778
80,200,0,0.75,0.004,223.12633457536106,167.3447509315208,5631,2308,0.5753899480069324,-0.010658008325640296,-0.01853854053447471,-0.14807432488371491,-0.026131904754626047,-0.03399132892487659,-0.27150158196603746,-0.07087574243581964,-0.07867413125815385,-0.6283999999999998,-0.12874586578187938,-0.13646531360819183,-1.0900000000000003,-0.16752396868821023,-0.1751905190626034,-1.3993128416976344,-0.7363821609155061,-0.7432727282835898,-5.9368
80,200,0,1.0,0.004,223.12633457536106,223.12633457536106,5394,2175,0.5177011494252873,0.0015002897603250108,0.012435580602669822,0.10814659591764268,-0.01187197913600196,-0.0009392332854959638,-0.008168085258288993,-0.050538816003653654,-0.03961342917240045,-0.3444999999999997,-0.10054915787188126,-0.08963328894016313,-0.7795000000000007,-0.1340605117660138,-0.12315102066911411,-1.0709884881682645,-0.62565774748827,-0.6148418165016702,-5.347
80,200,0,1.3333333333333333,0.004,223.12633457536106,297.5017794338147,5128,2038,0.45387634936211974,0.018743825691013582,0.03104463463570327,0.2940683965426003,0.007222257427751619,0.019538812596821845,0.1850802033303942,-0.026093151045483168,-0.013731064583696325,-0.13006666666666647,-0.06918214156541806,-0.0567611665133322,-0.5376666666666671,-0.09805557766507896,-0.08559514204711577,-0.8107947305227234,-0.5216165420247341,-0.5085772367745082,-4.817466666666666
80,200,0,2.0,0.004,223.12633457536106,446.2526691507221,4746,1850,0.3545945945945946,0.0025128829162733572,0.028429434662949327,0.3020097482517875,-0.006879299972685105,0.019116334711930326,0.20307542173432902,-0.03403744392073735,-0.007813135472228307,-0.08299999999999959,-0.06916284266999156,-0.04264277552914996,-0.4530000000000008,-0.09269996767626165,-0.06598171604325767,-0.7009327370626617,-0.4379795295371595,-0.4083539961268261,-4.337999999999999
80,200,0,3.0,0.004,223.12633457536106,669.3790037260832,4316,1654,0.250906892382104,-0.00254528129910453,-0.011151484969861042,-0.12798047372515853,-0.010216458802859707,-0.018858740685768875,-0.21643310943320018,-0.032398197101734,-0.041144801620883784,-0.47219999999999945,-0.06108728587708992,-0.06996881766533197,-0.8030000000000009,-0.08031151372548895,-0.08928345872219162,-1.024665268703591,-0.3623227180183259,-0.37262098613203654,-4.276400000000001
80,200,0,0.75,0.008,446.2526691507221,334.6895018630416,4054,1562,0.5941101152368758,0.019952921822703515,0.03281257071503545,0.35247309555096895,0.012193539241394772,0.025036314044634897,0.26894043716163396,-0.010243250116586137,0.002550732095414539,0.02740000000000002,-0.039262213060429804,-0.026531337488800936,-0.28500000000000103,-0.058707485788502996,-0.04601889724950714,-0.49433564069831304,-0.3439613239707872,-0.3318930681230623,-3.5651999999999995
80,200,0,1.0,0.008,446.2526691507221,446.2526691507221,3716,1400,0.5171428571428571,0.002507621710043285,0.022805149978358658,0.2553587284067575,-0.004176885075291513,0.01611885496487077,0.1804895083394928,-0.023505597009902342,-0.0032150277546541543,-0.036000000000000254,-0.048504680721635864,-0.028220799179741872,-0.31600000000000056,-0.06525627869111882,-0.04497687850889128,-0.503624773993366,-0.31099505969483765,-0.2907813991431625,-3.2559999999999993
80,200,0,1.3333333333333333,0.008,446.2526691507221,595.0035588676294,3358,1244,0.43890675241157556,-0.012442708358733026,0.010902994791939602,0.12569304152714683,-0.01823311314699453,0.005132271863907958,0.05916639169594898,-0.03497646755313297,-0.01155417108728888,-0.13320000000000048,-0.056631739763216046,-0.03313583600108369,-0.38200000000000106,-0.07114268817100765,-0.047597461007695456,-0.5487180134626775,-0.28401209796908783,-0.2597433175959286,-2.9943999999999997
80,200,0,2.0,0.008,446.2526691507221,892.5053383014442,2910,1059,0.3465533522190746,-0.00010266499410183277,0.019725840516594213,0.23869206670196855,-0.00481549493899413,0.015045593596538879,0.1820588495225156,-0.018442967440253224,0.0015123371565774627,0.018299999999998928,-0.03606826637330298,-0.015991105999877422,-0.19350000000000056,-0.04787877611929935,-0.02771996159393308,-0.33542473975641085,-0.22113390517032583,-0.19977725914265412,-2.4173999999999998
80,200,0,3.0,0.008,446.2526691507221,1338.7580074521663,2506,866,0.2632794457274827,-0.0024779762750042045,0.02361870337503941,0.28842618485732285,-0.006327476751905398,0.019826299934785938,0.24211422444428554,-0.01745857261277108,0.008860304089392614,0.1081999999999993,-0.031855144829817515,-0.005322733510263676,-0.0650000000000007,-0.04150212200304073,-0.014826623596602652,-0.18105932448446807,-0.18301915310880518,-0.15424462830665459,-1.8835999999999993
80,200,0,0.75,0.015,836.7237546576039,627.5428159932029,2527,911,0.5598243688254665,0.0033265857652866266,-0.03041117101822347,-0.36120871315817404,-0.000795752208155435,-0.03451291524841907,-0.40992718421623026,-0.012715776488866404,-0.046373391301616836,-0.5507999999999998,-0.028132721283092438,-0.061713318489624525,-0.7330000000000008,-0.038463438364109696,-0.07199242696006958,-0.8550901207913979,-0.1900106416224648,-0.22278255396370428,-2.6460999999999992
80,200,0,1.0,0.015,836.7237546576039,836.7237546576039,2206,775,0.48129032258064514,0.030151959211290845,-0.04354752545521359,-0.5062121324891166,0.026585220280641458,-0.04711292256207061,-0.5476575935977807,0.01627174891313044,-0.05742251395363392,-0.6675000000000001,0.0029326637766139674,-0.0707565808642156,-0.8225000000000005,-0.0060057034877330035,-0.0796915854731809,-0.9263637141748986,-0.13712773015680868,-0.2107642834253229,-2.4499999999999993
80,200,0,1.3333333333333333,0.015,836.7237546576039,1115.6316728768052,1921,667,0.42128935532233885,0.02584127540834345,-0.02004994335804103,-0.23128837725192414,0.02276686824178894,-0.023142092609458265,-0.26695821281254295,0.013877008091986128,-0.03208325522007732,-0.37010000000000115,0.002379172187433387,-0.043647443943012475,-0.5035000000000011,-0.005325395180439777,-0.05139647357000286,-0.5928898030382678,-0.11834810481037036,-0.1650714255338315,-1.9041999999999997
80,200,0,2.0,0.015,836.7237546576039,1673.4475093152078,1566,533,0.3227016885553471,0.025208582398896864,-0.027083236035384727,-0.3039755698279991,0.02271346541961037,-0.02962283040637688,-0.33247935146789326,0.015498662759585972,-0.03696624250902582,-0.41490000000000016,0.006167287949316202,-0.046463956299004516,-0.5215000000000004,-8.555880005606302e-05,-0.052828264882213094,-0.5929314318131882,-0.0918121475585163,-0.14618995109378047,-1.6407999999999994
80,200,0,3.0,0.015,836.7237546576039,2510.1712639728116,1262,409,0.2469437652811736,0.0010350346798182644,-0.010625482466444841,-0.11258162862974058,-0.001017127532980441,-0.012689815267621373,-0.1344541364922479,-0.006951095965969942,-0.018658975795463103,-0.19770000000000004,-0.01462588433784577,-0.02637928039874527,-0.2795000000000002,-0.01976867160113182,-0.03155256756428363,-0.33431323754520437,-0.09521116224254168,-0.10744247873320784,-1.1383999999999999
80,200,0,0.75,0.025,1394.5395910960067,1045.904693322005,1525,502,0.5657370517928287,-0.019341300354600955,-0.015704361420419567,-0.17112708452843386,-0.021805435783766758,-0.018168019992433195,-0.19797304772398241,-0.028930653156977522,-0.025291858500332807,-0.2756000000000005,-0.03814616147329925,-0.03450558344022173,-0.37599999999999967,-0.044321367420027305,-0.04067959436694925,-0.44327688324619197,-0.13490899879467813,-0.1312496953090562,-1.430199999999999
80,200,0,1.0,0.025,1394.5395910960067,1394.5395910960067,1299,411,0.48418491484184917,0.00017358423417456934,-0.035280310988573746,-0.3627654018748733,-0.001964728648949749,-0.037417897201137404,-0.38474486576605,-0.008147807680995997,-0.043598875015189616,-0.44830000000000064,-0.016144787036956453,-0.0515931367288826,-0.5305000000000002,-0.02150347076656962,-0.05694999939772351,-0.5855812729366234,-0.10011307027454165,-0.13553288472265923,-1.3935999999999993
80,200,0,1.3333333333333333,0.025,1394.5395910960067,1859.386121461342,1072,331,0.4078549848942598,0.011062324782123165,-0.045291648126069436,-0.43041447206954553,0.009214271536554556,-0.047154312148701104,-0.4481156948140207,0.0038704982454890366,-0.05254033350833184,-0.49930000000000074,-0.003040952258393767,-0.0595064261945957,-0.5655000000000004,-0.007672235611098572,-0.06417432464415675,-0.6098598572798601,-0.07561118254916363,-0.13265039940036652,-1.2605999999999997
80,200,0,2.0,0.025,1394.5395910960067,2789.0791821920134,819,231,0.3463203463203463,-0.010391921073148944,0.024666775059256688,0.20377419018711482,-0.011907800149115537,0.02317139890581304,0.191420768876016,-0.01629106894186226,0.01884741572619983,0.15569999999999984,-0.02196023633654467,0.013254926281431486,0.10949999999999994,-0.0257590800906799,0.009507463538092401,0.07854191229109467,-0.08148649398071055,-0.04546621288863624,-0.3756
80,200,0,3.0,0.025,1394.5395910960067,4183.61877328802,612,166,0.26506024096385544,-0.005903661391086393,0.0319434186607741,0.23474682065394445,-0.007140379954501929,0.03073542394128125,0.22586947027453988,-0.010716436890951878,0.027242423978616474,0.20020000000000066,-0.015341584547695623,0.022724699322821916,0.1670000000000004,-0.018440842704061648,0.01969742408172297,0.1447530625122156,-0.0639056349435047,-0.024711409563020648,-0.18159999999999993
80,200,0,0.75,0.04,2231.2633457536103,1673.4475093152078,825,237,0.569620253164557,0.008553750256655918,-0.0062900600041289586,-0.05177712954828467,0.0070083121253783414,-0.00782977534781403,-0.06445141894538613,0.002539571287570952,-0.012281968350995752,-0.10110000000000025,-0.003240142677245811,-0.018040279922085768,-0.14850000000000055,-0.007113062414370871,-0.02189885816176121,-0.18026219388316267,-0.06392713930782122,-0.07850255141853048,-0.6461999999999997
80,200,0,1.0,0.04,2231.2633457536103,2231.2633457536103,645,201,0.5074626865671642,-0.05660026106588595,0.012598158253167863,0.10153078886411308,-0.05793814580264453,0.011264389220827734,0.09078170798302743,-0.06180673169970037,0.007407704166671339,0.05969999999999977,-0.06681022613914896,0.002419601863485619,0.01949999999999997,-0.07016301011550108,-0.0009228680196965512,-0.007437556837618826,-0.1193469177533592,-0.04995547231996466,-0.4025999999999996
80,200,0,1.3333333333333333,0.04,2231.2633457536103,2975.0177943381473,529,152,0.4342105263157895,-0.07437022118649654,0.009359901383913592,0.06603323336987614,-0.07554214427431483,0.00820770217975992,0.05790457519114511,-0.07893084062864524,0.004876038794028023,0.03439999999999939,-0.08331366262537937,0.0005669812551194636,0.003999999999999407,-0.0862505411489164,-0.0023204685551023313,-0.016370689747851094,-0.12933329359108767,-0.04467812290342038,-0.3152000000000002
80,200,0,2.0,0.04,2231.2633457536103,4462.526691507221,397,104,0.3269230769230769,-0.04688559483077648,-0.01522396995183617,-0.08955620874692638,-0.04784597836950443,-0.016169424881740314,-0.0951179222376374,-0.050622993542492306,-0.018903272953727887,-0.11120000000000002,-0.05421468837519172,-0.02243913695946118,-0.13200000000000014,-0.056621441701042954,-0.02480847869141463,-0.14593784035379267,-0.09192748411853531,-0.05956570901966054,-0.3504
80,200,0,3.0,0.04,2231.2633457536103,6693.790037260831,310,76,0.27631578947368424,-0.14410751789916065,0.05718475354710369,0.3130166166849383,-0.1449521542099728,0.0564422445398466,0.30895228759557253,-0.14739447829841834,0.054295228586236866,0.2971999999999999,-0.15055329532382514,0.05151835283081691,0.2819999999999997,-0.1526699822183907,0.049657600380751545,0.27181465512607444,-0.18372087409059673,0.022361157398907764,0.12239999999999986
80,200,1,0.75,0.001,55.781583643840264,41.8361877328802,5298,2300,0.5821739130434782,-0.12312781678517258,-0.08465554875552889,-0.1680892319031823,-0.18472843787721444,-0.14660231581847208,-0.2910886648708344,-0.3628508780688155,-0.32572566093451066,-0.6467499999999999,-0.5932282466359655,-0.557397565116768,-1.10675,-0.7476014670309583,-0.7126382389125137,-1.4149907001319584,-3.012190616591042,-2.989952559030469,-5.936749999999999
80,200,1,1.0,0.001,55.781583643840264,55.781583643840264,5269,2290,0.517467248908297,-0.09168813293071312,-0.05697446540828004,-0.1304203656775162,-0.14516107320835708,-0.11047345760807564,-0.25288501850183065,-0.2997817643251252,-0.26516947965273174,-0.6069999999999998,-0.4997627880928134,-0.46524793382233837,-1.065,-0.6337677680477222,-0.5993182007670329,-1.3719005231748627,-2.5995635376535393,-2.566071702603207,-5.873999999999999
80,200,1,1.3333333333333333,0.001,55.781583643840264,74.37544485845368,5226,2270,0.452863436123348,-0.0615241545336829,-0.030304263618109728,-0.07991596655951758,-0.10772123816044815,-0.07633747881379482,-0.20131105909715685,-0.24130328846217716,-0.20944569225646423,-0.5523333333333332,-0.41407366598010265,-0.3816032256622,-1.0063333333333333,-0.5298451053892071,-0.49696400529258067,-1.3105535025940054,-2.22816262991832,-2.189257326422426,-5.7733333333333325
80,200,1,2.0,0.001,55.781583643840264,111.56316728768053,5155,2236,0.36538461538461536,-0.040081991907490865,0.0029532253083836635,0.009541511941080324,-0.07758008231980414,-0.034057402830397696,-0.11003532810921109,-0.18600839437832326,-0.1410761841386812,-0.45579999999999976,-0.32624580176702633,-0.2794905534822931,-0.903,-0.4202172727196013,-0.37224042764489823,-1.2026635676065474,-1.7987385793484076,-1.7328414315902168,-5.598599999999999
80,200,1,3.0,0.001,55.781583643840264,167.3447509315208,5100,2190,0.28264840182648404,-0.019632034603161656,0.021485272739211615,0.08476829657914398,-0.04994765882116411,-0.008199026651453825,-0.03234855481179461,-0.13760737500444434,-0.09403322359799152,-0.3709999999999998,-0.2509834028756343,-0.20504818838483874,-0.8089999999999998,-0.32695537289562576,-0.2794380372348876,-1.102498753603908,-1.4414316955231294,-1.370705318646734,-5.407999999999999
80,200,1,0.75,0.002,111.56316728768053,83.6723754657604,5013,2160,0.5740740740740741,-0.04727043864520748,-0.04773141294046053,-0.17847510474385803,-0.07816937803362015,-0.07862409888889203,-0.2939876157047839,-0.16751579022275714,-0.1679524288254593,-0.6279999999999999,-0.2830733320401071,-0.2834865836862849,-1.06,-0.3605071094212114,-0.36090468973727385,-1.3494782227326216,-1.4964275211222808,-1.4965952097249529,-5.596
80,200,1,1.0,0.002,111.56316728768053,111.56316728768053,4930,2113,0.5073355418835779,-0.03296100123849031,-0.03126819195606562,-0.13215643348322767,-0.05969954956204829,-0.05800374855743051,-0.2451554777704666,-0.137015904334784,-0.1353114525593142,-0.5718999999999999,-0.237014188327454,-0.23529854794586125,-0.9945000000000002,-0.3040218863054865,-0.3022987485678398,-1.277679391034273,-1.2869961702504882,-1.2851630495046042,-5.431799999999999
80,200,1,1.3333333333333333,0.002,111.56316728768053,148.75088971690735,4844,2063,0.43383422200678623,-0.014292011438628502,-0.029103349241399352,-0.13889543568823098,-0.037369120639467686,-0.052220244102137665,-0.24922057925878216,-0.10409817191444795,-0.11906433835396196,-0.5682333333333335,-0.19040320581795994,-0.20551816484222035,-0.9808333333333334,-0.248235214677375,-0.2634498778983673,-1.257311839582129,-1.0966060618048354,-1.1132833429689335,-5.313133333333333
80,200,1,2.0,0.002,111.56316728768053,223.12633457536106,4698,1988,0.3475855130784708,0.010262892133072583,-0.002230118068181471,-0.012670605662402516,-0.008378725557616871,-0.020942201051216275,-0.11898489815792146,-0.06228224752411005,-0.07504947826560891,-0.42639999999999983,-0.1319991879263663,-0.14502994861834373,-0.8240000000000001,-0.17871570644951723,-0.1919230555250627,-1.0904271790705797,-0.8640270621500561,-0.879824887322059,-4.9988
80,200,1,3.0,0.002,111.56316728768053,334.6895018630416,4527,1884,0.27123142250530785,0.027372313215692872,0.021914331947025502,0.14688560308452417,0.012380773116066626,0.0068827331077591855,0.04613302407971656,-0.03096829800426712,-0.036582170618304724,-0.24519999999999975,-0.08703447879423613,-0.09279816527155615,-0.6220000000000003,-0.12460378057776864,-0.13046785559880095,-0.8744893387167869,-0.67572937708891,-0.6830661091306953,-4.5784
80,200,1,0.75,0.004,223.12633457536106,167.3447509315208,4352,1806,0.5653377630121816,7.287614753217986e-06,-0.03875662590333508,-0.2429472403552813,-0.015493667251070832,-0.05416394261520978,-0.33952853424205526,-0.060315746266718,-0.09871526045701136,-0.6187999999999997,-0.11828706423331627,-0.15633638533915842,-0.9800000000000004,-0.157132976488961,-0.19494763724364522,-1.2220359584514418,-0.7269859028825976,-0.7613581966017012,-4.7726
80,200,1,1.0,0.004,223.12633457536106,223.12633457536106,4185,1718,0.5180442374854481,0.012159843939591443,0.013121548698017675,0.09013878243057927,-0.001216316516960296,-0.000252775361420137,-0.0017364461948232504,-0.039894406099131745,-0.03892555487480831,-0.26739999999999964,-0.08991930183691965,-0.08894358275433033,-0.6110000000000004,-0.12344040811136278,-0.12246008695607723,-0.8412424012290014,-0.6151807070836912,-0.6141328754893104,-4.218800000000001
80,200,1,1.3333333333333333,0.004,223.12633457536106,297.5017794338147,4003,1616,0.44863861386138615,0.035615663320402016,0.020546745225357717,0.15417788459903942,0.024113216533990886,0.009029792532260703,0.06775741343568056,-0.009146900871453326,-0.024272269701827685,-0.18213333333333317,-0.0521643798474797,-0.06734399866026872,-0.5053333333333337,-0.08098989688548433,-0.0962058679864508,-0.7219059295999612,-0.5038479090957562,-0.5195971527238988,-3.898933333333334
80,200,1,2.0,0.004,223.12633457536106,446.2526691507221,3725,1485,0.34814814814814815,0.019585524457245942,0.015019809518239268,0.12754836548859688,0.010245477425273734,0.005668094702762619,0.048133514202961525,-0.01676191210012427,-0.021373033022552865,-0.18149999999999977,-0.05169233032276105,-0.0563470870594577,-0.47850000000000065,-0.07509880112460361,-0.07978279771769338,-0.6775162781286772,-0.41846172166044593,-0.42357465444695724,-3.597
80,200,1,3.0,0.004,223.12633457536106,669.3790037260832,3437,1356,0.24188790560471976,-0.006685365055301068,-0.032342441676333385,-0.3005982602003113,-0.014374265476146241,-0.040144717581705514,-0.373114447636892,-0.03660725081090125,-0.06270553594158013,-0.5827999999999995,-0.06536262071995587,-0.09188491368241167,-0.8540000000000008,-0.08463126279239144,-0.11143767851773502,-1.035727995382146,-0.3672940047650277,-0.3982683799611415,-3.7016000000000004
80,200,1,0.75,0.008,446.2526691507221,334.6895018630416,3317,1296,0.5910493827160493,0.03302614778600828,0.02654877405265468,0.2369149371536849,0.025248265030842862,0.01878214964998895,0.16760743057713026,0.0027579811454870795,-0.003675579933409562,-0.032799999999999926,-0.026330169759379966,-0.03272162623645114,-0.2920000000000008,-0.045821804542989154,-0.05218504721148324,-0.4656869336395735,-0.3317557542604829,-0.3377051124183865,-3.0136
80,200,1,1.0,0.008,446.2526691507221,446.2526691507221,3057,1174,0.5178875638841567,0.024836597542946703,0.024294504824632333,0.2281251051068095,0.018148528883214998,0.017608320578626234,0.1653419162789747,-0.0011904824566288,-0.0017252418490931872,-0.016200000000000242,-0.026202887060849736,-0.026730599019900266,-0.2510000000000005,-0.042963411206912445,-0.04348640076202903,-0.4083367747630084,-0.28883313540516925,-0.28928684931337423,-2.7163999999999997
80,200,1,1.3333333333333333,0.008,446.2526691507221,595.0035588676294,2780,1055,0.44360189573459713,0.006444158596500131,0.020336138078553185,0.19905961319223456,0.0006689197487577643,0.014572282915470039,0.14264030807011752,-0.016030581295431067,-0.002094301420186887,-0.020500000000000435,-0.0376291350925062,-0.02365028189137834,-0.23150000000000093,-0.052102077145219645,-0.038094696048923675,-0.37288866897357303,-0.2644139499617945,-0.249988076838888,-2.447
80,200,1,2.0,0.008,446.2526691507221,892.5053383014442,2455,906,0.34216335540838855,0.012240075012755466,0.01053603277722054,0.10875071995465861,0.007547039618892034,0.0058419748659057375,0.060299638968271084,-0.0060231955742156805,-0.007731217006864438,-0.07980000000000088,-0.023574465763769693,-0.02528631126305263,-0.2610000000000005,-0.0353353697016682,-0.03704977766394388,-0.38242003231285004,-0.2078628027540872,-0.20961480095302892,-2.1635999999999993
80,200,1,3.0,0.008,446.2526691507221,1338.7580074521663,2131,773,0.24708926261319533,-0.014002804021837975,-0.013397164981138918,-0.1430283592439832,-0.017877846174521386,-0.017269255631956276,-0.18436686432398053,-0.0290827975507416,-0.02846567253717132,-0.3039000000000006,-0.04357489192245447,-0.04294672872093793,-0.45850000000000046,-0.053285877390965734,-0.05265031762688234,-0.56209567878348,-0.19574188282543978,-0.19499781865048738,-2.0817999999999994
80,200,1,0.75,0.015,836.7237546576039,627.5428159932029,2168,801,0.5730337078651685,0.009860202864524862,-0.003829316546403433,-0.03985118467584797,0.005733737228049098,-0.007945434591702749,-0.08268707415719043,-0.00619822247472126,-0.019847473521633723,-0.2065499999999998,-0.02163060412869285,-0.03524115668873972,-0.3667500000000007,-0.031971665271570596,-0.04555628642143156,-0.47409817426334744,-0.18367061149539377,-0.19687482994335173,-2.04885
80,200,1,1.0,0.015,836.7237546576039,836.7237546576039,1911,697,0.49928263988522237,0.018469432299079443,-0.007555077298759564,-0.07904497592892176,0.014904085796641516,-0.011117723470098895,-0.11631915191955244,0.004594640731242622,-0.021419360342072463,-0.22410000000000008,-0.008739236926167647,-0.03474313915369631,-0.3635000000000003,-0.01767411471876326,-0.043671249826083836,-0.4569103339095541,-0.148744952328975,-0.17464281667574644,-1.8271999999999993
80,200,1,1.3333333333333333,0.015,836.7237546576039,1115.6316728768052,1693,612,0.4297385620915033,0.004747020159836856,-0.0029432177330982003,-0.031234613010761123,0.0016646942722052692,-0.006027207706626352,-0.06396315778302289,-0.0072480634051944786,-0.014944777203052125,-0.15860000000000118,-0.018775514175503612,-0.026478451412721503,-0.281000000000001,-0.026499926123713886,-0.03420703361594401,-0.3630188297742426,-0.13981374726374954,-0.14758203061425004,-1.5661999999999998
80,200,1,2.0,0.015,836.7237546576039,1673.4475093152078,1389,484,0.3305785123966942,0.00024961702685475637,-0.010186159239842115,-0.10447312532223552,-0.00226640713037196,-0.012709794050101393,-0.13035648425977556,-0.00954166433592219,-0.020007057983271945,-0.20520000000000002,-0.01895122895260368,-0.02944508533600453,-0.30200000000000016,-0.025256469790392325,-0.03576939872528896,-0.36686456472342044,-0.11775165742775932,-0.12854437253969647,-1.3183999999999996
80,200,1,3.0,0.015,836.7237546576039,2510.1712639728116,1143,367,0.24250681198910082,-0.01525148997977289,-0.021027404134546842,-0.19872239048194335,-0.017323041679939734,-0.023104134898666313,-0.21834882174243275,-0.02331307615159649,-0.02910914499058149,-0.2751000000000001,-0.031060378387757222,-0.03687581617309215,-0.34850000000000025,-0.03625175635603555,-0.04208017304916119,-0.3976844943254034,-0.11240705186744465,-0.11842586358945392,-1.1191999999999998
80,200,1,0.75,0.025,1394.5395910960067,1045.904693322005,1367,464,0.5517241379310345,0.016285543580895914,-0.04379736016040096,-0.44263539287090314,0.01380854792924816,-0.04625260638328172,-0.46744919152176867,0.0066461443366571255,-0.05335212000404995,-0.5392000000000006,-0.0026174593423745145,-0.06253438398100801,-0.6319999999999997,-0.008824893437526035,-0.06868731327895154,-0.6941842108092293,-0.0998852979722074,-0.15894815573906843,-1.606399999999999
80,200,1,1.0,0.025,1394.5395910960067,1394.5395910960067,1169,385,0.45714285714285713,0.00573208762599818,-0.08960334650240015,-0.8603763496881418,0.0035937875161756007,-0.09174757848225751,-0.8809653852066404,-0.00258925458098863,-0.09794777299033522,-0.9405000000000006,-0.01058618616665735,-0.10596688890767256,-1.0175,-0.015944837885948426,-0.11134040609201906,-1.0690968128481753,-0.0945539678161794,-0.19016760603971503,-1.8259999999999994
80,200,1,1.3333333333333333,0.025,1394.5395910960067,1859.386121461342,968,312,0.3685897435897436,0.022080471261464344,-0.12739491332245276,-1.1203352929074468,0.02023504445440383,-0.12929220428318303,-1.1370204333795804,0.014898865691246958,-0.1347783518201339,-1.1852666666666676,0.007997237685603132,-0.14187394422148628,-1.247666666666667,0.003372536275798819,-0.1466286189381034,-1.2894801877280455,-0.06446985637365744,-0.21637766443568698,-1.9028666666666667
80,200,1,2.0,0.025,1394.5395910960067,2789.0791821920134,747,233,0.3090128755364807,-0.02551267363378807,-0.055164424441411064,-0.44640958305801853,-0.02703693676425955,-0.056704197713217525,-0.4588699603977848,-0.03144444862827139,-0.06115655821955356,-0.4949000000000003,-0.03714497116808903,-0.06691508643339711,-0.5414999999999999,-0.040964825643722565,-0.07077380984288585,-0.5727261231003248,-0.09700045783617459,-0.12737963267875488,-1.0308
80,200,1,3.0,0.025,1394.5395910960067,4183.61877328802,579,167,0.23952095808383234,0.01075228667379433,-0.02662597844155475,-0.19034506596862233,0.009527363131483993,-0.02787524667483848,-0.19927589436236046,0.0059854123112408055,-0.031487591846388926,-0.2250999999999993,0.001404376318896594,-0.036159673444209464,-0.2584999999999996,-0.0016653231193857626,-0.03929038149374387,-0.280880955183494,-0.04669650160071748,-0.08521653022132471,-0.6092
80,200,1,0.75,0.04,2231.2633457536103,1673.4475093152078,760,236,0.5508474576271186,0.02057841571450727,-0.04392240077333535,-0.361685242925718,0.019030050438515134,-0.04545504924733585,-0.37430605430848585,0.01455284556008422,-0.0498868079099148,-0.41080000000000017,0.008762184499527117,-0.055618690415630515,-0.4580000000000008,0.004881929239672869,-0.05945955884309978,-0.4896281761874532,-0.052039756636322244,-0.11580345672564442,-0.9535999999999997
80,200,1,1.0,0.04,2231.2633457536103,2231.2633457536103,604,196,0.4846938775510204,-0.06195870308578575,-0.032840741820871315,-0.25800977802305397,-0.06329692535458335,-0.03417490250406642,-0.26849146883247077,-0.06716648724878602,-0.0380327200436549,-0.2988000000000003,-0.07217124400899656,-0.04302228706410759,-0.3380000000000001,-0.07552487385194753,-0.04636573843745467,-0.3642674683590711,-0.12472118999120732,-0.09541274077886103,-0.7495999999999997
80,200,1,1.3333333333333333,0.04,2231.2633457536103,2975.0177943381473,501,148,0.39864864864864863,-0.07848008729536332,-0.06291139202148643,-0.4269325534731909,-0.07965299653221662,-0.06407768325869223,-0.43484729959458684,-0.08304454440442785,-0.06745009472894031,-0.457733333333334,-0.08743105445520553,-0.0718118544230343,-0.4873333333333339,-0.09037040430126549,-0.0747346193402405,-0.5071679522983463,-0.13348940998837167,-0.11761033121102132,-0.7981333333333336
80,200,1,2.0,0.04,2231.2633457536103,4462.526691507221,378,113,0.2831858407079646,-0.012883292983857465,-0.11250226138408344,-0.6903831883500255,-0.01383123746261616,-0.11348700860022307,-0.6964262039697406,-0.016572284236647365,-0.11633447302511246,-0.7139000000000001,-0.02011745879321371,-0.12001728446980715,-0.7365,-0.02249303941800933,-0.12248509398756074,-0.7516439996151786,-0.05734179163716016,-0.15868680463910137,-0.9737999999999998
80,200,1,3.0,0.04,2231.2633457536103,6693.790037260831,283,80,0.2375,-0.11283328646081774,-0.030530574821878362,-0.16735092980532823,-0.11365983394197007,-0.03131107339208246,-0.17162917095202895,-0.11604985293312758,-0.03356793878444747,-0.18400000000000016,-0.11914102036501384,-0.0364868899830951,-0.2000000000000003,-0.12121237604638276,-0.038442845550751906,-0.21072141565676378,-0.1515982783998191,-0.06713587756889489,-0.368
80,400,0,0.75,0.001,55.781583643840264,41.8361877328802,4117,1756,0.5552391799544419,-0.10974634592224712,-0.13819892013432145,-0.2111029092269514,-0.1714572713001586,-0.19967557328069171,-0.30501030239703697,-0.34989866393435487,-0.37743955161594955,-0.57655,-0.5806885544967356,-0.6073532980863708,-0.9277499999999997,-0.7353382011278797,-0.7614158506559456,-1.163085073665965,-3.003982405401732,-3.021447636025796,-4.615349999999999
80,400,0,1.0,0.001,55.781583643840264,55.781583643840264,4098,1748,0.4862700228832952,-0.07968175696728035,-0.11935744305116026,-0.20861781624641845,-0.13315722650409945,-0.17284032644401298,-0.30209738530183405,-0.28778523114803944,-0.3274897687634914,-0.5723999999999998,-0.48777571397738767,-0.527507978336721,-0.9219999999999999,-0.6217870323405326,-0.6615378760714885,-1.1562629321002882,-2.5876757836855435,-2.6276991788556305,-4.592799999999999
80,400,0,1.3333333333333333,0.001,55.781583643840264,74.37544485845368,4085,1743,0.4239816408491107,-0.05749453147246163,-0.08894834575083366,-0.1788250498002522,-0.10366745966927605,-0.13531248284290232,-0.27203722878399894,-0.23717966288098477,-0.2693775797495973,-0.5415666666666666,-0.40985970260214727,-0.442772712944728,-0.8901666666666664,-0.5255706076944638,-0.5589627939350351,-1.1237595102884073,-2.2230001196743543,-2.2634216114936003,-4.550466666666666
80,400,0,2.0,0.001,55.781583643840264,111.56316728768053,4059,1722,0.3246225319396051,-0.03430722128949867,-0.08399279271810231,-0.20322876405968682,-0.07173525985844731,-0.12205248441942905,-0.29531790474242464,-0.17996101218528152,-0.23210470529965255,-0.5615999999999998,-0.3199364358625947,-0.3744424198744396,-0.9059999999999999,-0.41373235454859997,-0.4698212824738204,-1.13677847201184,-1.7896783844743815,-1.8689884229097027,-4.5222
80,400,0,3.0,0.001,55.781583643840264,167.3447509315208,4030,1702,0.2508813160987074,-0.012373554007669619,-0.05094074546171086,-0.15039103160835476,-0.04257299345189586,-0.08177107641563448,-0.24141061200441757,-0.12989675335663123,-0.1709191025893016,-0.5045999999999998,-0.24283826706261274,-0.286220058834641,-0.8449999999999998,-0.3185190741467321,-0.36348190118017953,-1.0730981180976489,-1.4287241609754187,-1.4968800994107048,-4.419199999999999
80,400,0,0.75,0.002,111.56316728768053,83.6723754657604,3935,1673,0.57083084279737,-0.038532456045303434,-0.05423297917253922,-0.15722631955392333,-0.06947264749605889,-0.0850939389189118,-0.2466950375343071,-0.15893834286574135,-0.17433053035627938,-0.5053999999999998,-0.27465016139981946,-0.28974603383315145,-0.8400000000000001,-0.3521873178313116,-0.36708463295878946,-1.0642116049220722,-1.4896242560076396,-1.5016088203403073,-4.3533
80,400,0,1.0,0.002,111.56316728768053,111.56316728768053,3896,1646,0.48298906439854195,-0.047990640411697164,-0.07998719353609664,-0.263245380744625,-0.07472627212507442,-0.10673356082649879,-0.35127019233799717,-0.15203419331851706,-0.18407252468059396,-0.6057999999999999,-0.2520215696130719,-0.28410005047268966,-0.9350000000000002,-0.3190219584682701,-0.3511273430436094,-1.1555931271379145,-1.3018890207058973,-1.3343890712896942,-4.3916
80,400,0,1.3333333333333333,0.002,111.56316728768053,148.75088971690735,3852,1612,0.4162531017369727,-0.03075243264919131,-0.0649138042975927,-0.24078790224402727,-0.053877023144603034,-0.08815415671906138,-0.32699446135005183,-0.1207433698543173,-0.15535523701400575,-0.5762666666666668,-0.20722597689761038,-0.24227077683350273,-0.8986666666666668,-0.2651769754720923,-0.30051187867330453,-1.1147031921504567,-1.1152933508521878,-1.1548839449382207,-4.2838666666666665
80,400,0,2.0,0.002,111.56316728768053,223.12633457536106,3772,1580,0.32341772151898734,-0.012902855668939164,-0.05391857405527012,-0.23918086365522934,-0.03168222632702588,-0.0729663524048685,-0.32367612630257336,-0.08598407048997506,-0.12804431590120582,-0.5679999999999998,-0.1562161869664121,-0.19928023812793308,-0.8840000000000001,-0.20327791904129508,-0.24701460887078552,-1.0957479592210846,-0.8936534099690004,-0.9472574215085686,-4.202
80,400,0,3.0,0.002,111.56316728768053,334.6895018630416,3700,1545,0.2543689320388349,-0.015816755228081427,-0.016336385806188982,-0.08796483186539819,-0.031159594365736457,-0.03168081231367079,-0.17058836401106048,-0.07552447085915481,-0.07605027879631363,-0.40949999999999986,-0.1329044589862335,-0.13343620345580315,-0.7185000000000002,-0.17135412792939472,-0.17188985040093538,-0.9255573398712503,-0.735394334320559,-0.735988412380442,-3.9629999999999996
80,400,0,0.75,0.004,223.12633457536106,167.3447509315208,3500,1403,0.5609408410548824,0.014563154700535352,-0.04756657321655761,-0.23191693146094117,-0.0009777773959904184,-0.0629552881032502,-0.3069465855712091,-0.04591545332865653,-0.10745281748586563,-0.5238999999999998,-0.10403628032695601,-0.16500437424580827,-0.8045000000000002,-0.14298237686218257,-0.20356900935313174,-0.9925268270804943,-0.7143049638090999,-0.7692957202252051,-3.7508
80,400,0,1.0,0.004,223.12633457536106,223.12633457536106,3382,1351,0.47964470762398226,0.017252642045778904,-0.06371148553736376,-0.34413882708747806,0.003874293892328255,-0.07708712887108282,-0.4163876244523901,-0.0348101215661595,-0.11576372315695363,-0.6252999999999997,-0.08484319897234391,-0.16578668493051668,-0.8955000000000005,-0.11836978768851489,-0.19930649527781483,-1.0765579069035978,-0.6101905117372789,-0.6910277835529273,-3.7326000000000006
80,400,0,1.3333333333333333,0.004,223.12633457536106,297.5017794338147,3273,1313,0.4204112718964204,0.01969538506407239,-0.036461472538705755,-0.22064713542994718,0.008175604222099864,-0.048064622628764375,-0.2908637682501763,-0.025134635799322506,-0.08161593057519749,-0.4938999999999999,-0.0682169416234559,-0.1250100252685502,-0.7565000000000003,-0.0970858983854776,-0.15408790815957513,-0.9324652344666351,-0.5205811527768559,-0.5806480195487529,-3.5138
80,400,0,2.0,0.004,223.12633457536106,446.2526691507221,3115,1254,0.33253588516746413,0.016710361705114862,-0.01793866168878045,-0.12722582469851812,0.007362040859099187,-0.027394228650360262,-0.1942872546730548,-0.019669272969674165,-0.054735652011581544,-0.38819999999999966,-0.0546306340541451,-0.09009809797887858,-0.6390000000000006,-0.07805783931119606,-0.11379406559483095,-0.8070581904197716,-0.42172492544108886,-0.461403780635496,-3.2723999999999998
80,400,0,3.0,0.004,223.12633457536106,669.3790037260832,2943,1147,0.24062772449869224,0.009564987885255801,-0.03534467503324926,-0.2773939560838917,0.0019457400449479586,-0.043160335602248696,-0.33873323852471615,-0.020085840054096703,-0.06575985663920962,-0.5160999999999996,-0.048580719436698304,-0.09498929107640157,-0.7455000000000005,-0.06767480980858691,-0.11457559832723016,-0.8992182969788506,-0.34777695295401384,-0.4018983526669156,-3.1542
80,400,0,0.75,0.008,446.2526691507221,334.6895018630416,2707,1030,0.545631067961165,0.014524951353260903,-0.0649613312645051,-0.4666432212435994,0.006773414879389775,-0.07262933742369151,-0.5217255760073733,-0.015640686918335697,-0.09480190556123883,-0.6810000000000002,-0.04463030656087925,-0.12347913396889704,-0.8870000000000007,-0.0640559166808287,-0.14269541432155047,-1.0250382265808338,-0.3490213128075855,-0.42459003224930736,-3.05
80,400,0,1.0,0.008,446.2526691507221,446.2526691507221,2543,964,0.4678423236514523,0.023521992631835086,-0.07591903526397284,-0.5845787041542041,0.016834458403562024,-0.08261418042581524,-0.636131509971949,-0.0025030075908965494,-0.10197365395908566,-0.7852000000000005,-0.027513413499147526,-0.12701252365255444,-0.9780000000000005,-0.044272598342068654,-0.1437907817500059,-1.1071930586640035,-0.29012267553578236,-0.38992065543397664,-3.0023999999999993
80,400,0,1.3333333333333333,0.008,446.2526691507221,595.0035588676294,2376,879,0.3856655290102389,0.024566407585461043,-0.09820436543902106,-0.7847683412360433,0.018803752071806283,-0.10408675073675366,-0.8317755158354186,0.002140636605127843,-0.12109607312351658,-0.9677000000000003,-0.01941085735158343,-0.14309533906865896,-1.1435000000000008,-0.03385226514746677,-0.15783679371500628,-1.2613015545286923,-0.24570154389705115,-0.374087631492653,-2.9894
80,400,0,2.0,0.008,446.2526691507221,892.5053383014442,2132,799,0.3141426783479349,0.010054442792477816,-0.04956089425103806,-0.4414174114307149,0.00535813278909344,-0.054358358278213316,-0.4841463448833898,-0.008221571163065804,-0.06823055605971091,-0.6077000000000006,-0.025785087916228206,-0.0861723741580189,-0.7675000000000004,-0.037554198135302495,-0.09819497974989438,-0.8745801388719285,-0.21020201382443385,-0.2745614641902532,-2.4453999999999994
80,400,0,3.0,0.008,446.2526691507221,1338.7580074521663,1887,695,0.2316546762589928,0.011903614717657322,-0.05025370180119287,-0.4718612026837883,0.008085459401151119,-0.05421204882808238,-0.5090284226457522,-0.0029549997687401425,-0.06565788198780399,-0.6165000000000006,-0.01723434564226768,-0.08046152447978248,-0.7555000000000005,-0.026802770793316617,-0.09038127475419692,-0.8486422985181353,-0.16716747731430698,-0.23589977064555667,-2.215
80,400,0,0.75,0.015,836.7237546576039,627.5428159932029,1849,662,0.5317220543806647,0.0032349279152215187,-0.08652293734432917,-0.7508289441390903,-0.0008870524737413868,-0.09060259303260133,-0.78623138962804,-0.012806042774293123,-0.1023991985449194,-0.8886000000000001,-0.028221650254545868,-0.1176565177969421,-1.0210000000000006,-0.0385514712168774,-0.12788027164124702,-1.1097197145597204,-0.1900855287971984,-0.2778583699431798,-2.4111999999999996
80,400,0,1.0,0.015,836.7237546576039,836.7237546576039,1649,589,0.47368421052631576,-0.007942662977791665,-0.05878893527292888,-0.5191212206917286,-0.011506788648615755,-0.062356052488235,-0.5506197711343134,-0.021812703595287565,-0.07267061769189498,-0.6416999999999999,-0.03514201551992321,-0.08601111755803997,-0.7595000000000002,-0.04407383386759042,-0.0949504328164113,-0.838436422772923,-0.17509979072859708,-0.22608636615256217,-1.9963999999999993
80,400,0,1.3333333333333333,0.015,836.7237546576039,1115.6316728768052,1481,520,0.4173076923076923,0.019573640032428362,-0.028138910899268357,-0.25278104373463384,0.016497232564767334,-0.031234486383296175,-0.2805896111881894,0.007601588406493647,-0.040185556181577375,-0.36100000000000065,-0.0039037283334319803,-0.05176255851643623,-0.46500000000000086,-0.011613308522898437,-0.05952017439714526,-0.5346892017689643,-0.12470955410265105,-0.1733210830324539,-1.557
80,400,0,2.0,0.015,836.7237546576039,1673.4475093152078,1241,434,0.31797235023041476,0.038408478720751454,-0.03732718504651368,-0.33987879419390526,0.035923972728110286,-0.03987616355484867,-0.3630882524147574,0.028739852467071537,-0.04724671053719463,-0.43020000000000014,0.01944816120443358,-0.05677951963674947,-0.5170000000000001,0.013221905943117286,-0.06316734518255612,-0.5751636799379429,-0.07811459705326493,-0.15687401518207525,-1.4283999999999994
80,400,0,3.0,0.015,836.7237546576039,2510.1712639728116,1007,333,0.23123123123123124,0.021935238068020585,-0.04807578640319423,-0.4055982453146786,0.019907212590826246,-0.05018659977287052,-0.42340642408782053,0.014043037191866075,-0.056290162067056344,-0.47489999999999993,0.006458516702614679,-0.06418429724007377,-0.5415000000000003,0.001376216907458203,-0.06947406626761106,-0.5861278926712787,-0.07317894843452452,-0.1470727165567562,-1.2407999999999997
80,400,0,0.75,0.025,1394.5395910960067,1045.904693322005,1208,414,0.5531400966183575,0.006996404948627394,-0.04096019247239454,-0.36929106174257315,0.004523214964533545,-0.043415855700266626,-0.3914309596767505,-0.0026281842781135686,-0.05051657511969903,-0.45545000000000035,-0.011877555313688594,-0.059700398634708475,-0.5382499999999999,-0.018075452278440544,-0.06585437296113206,-0.593733326023752,-0.10899595118722681,-0.15613054554230812,-1.407649999999999
80,400,0,1.0,0.025,1394.5395910960067,1394.5395910960067,1048,343,0.46938775510204084,0.013495655946223423,-0.06492708111761378,-0.5565171115403443,0.011357240749420528,-0.06706709578528687,-0.5748600704568251,0.005173865870323223,-0.07325509564460947,-0.6279000000000006,-0.002823496123922743,-0.08125843942740957,-0.6965000000000002,-0.008182436255042478,-0.08662138788612056,-0.7424680696283745,-0.08679579706350564,-0.1652935491468109,-1.4167999999999994
80,400,0,1.3333333333333333,0.025,1394.5395910960067,1859.386121461342,897,283,0.4204946996466431,0.022793962902500527,-0.019518050995364963,-0.15933724751968198,0.020948767984547385,-0.02137192769702835,-0.17447152557613646,0.01561325974472171,-0.026732539912629933,-0.218233333333334,0.008712498970631859,-0.03366576929580469,-0.2748333333333336,0.0040883786827000885,-0.038311646424598736,-0.31276034121913526,-0.06374548915731205,-0.10646467781914014,-0.8691333333333331
80,400,0,2.0,0.025,1394.5395910960067,2789.0791821920134,703,217,0.29493087557603687,0.023329371759950885,-0.08669997058680051,-0.6449393970969529,0.021831142840147852,-0.08826000812997216,-0.656544126207379,0.01749891069004988,-0.09277096417317586,-0.6901000000000002,0.011895752313777985,-0.09860527781629398,-0.7335,0.00814114044235989,-0.10251478416878133,-0.7625818399689719,-0.04693741063707766,-0.15986557106903448,-1.1892
80,400,0,3.0,0.025,1394.5395910960067,4183.61877328802,535,168,0.20238095238095238,-0.018468158259775005,-0.12044870226366242,-0.8154369525911891,-0.019713887346781898,-0.12177577978222798,-0.8244212589992609,-0.02331599883302434,-0.12561311586325732,-0.8503999999999996,-0.02797484453822252,-0.13057619287760994,-0.8839999999999997,-0.031096683368607415,-0.1339018936030727,-0.9065149728792037,-0.07689272444280319,-0.18268850152831226,-1.2368000000000001
80,400,0,0.75,0.04,2231.2633457536103,1673.4475093152078,689,216,0.5462962962962963,0.06340017698644566,-0.05299497226861756,-0.39984751047438594,0.06183935607660847,-0.054525951493119895,-0.4113987615704785,0.057326134874717126,-0.05895288340576308,-0.4448000000000003,0.05148889155414073,-0.06467852316099909,-0.48800000000000054,0.047577422058542825,-0.06851520839329753,-0.5169478222732622,-0.00980216331191124,-0.12479774059097674,-0.9415999999999995
80,400,0,1.0,0.04,2231.2633457536103,2231.2633457536103,561,184,0.4891304347826087,0.04584343592416786,-0.023976557198257996,-0.17690713855225482,0.044506127949030444,-0.025310184756325554,-0.18674709318966637,0.040639209797941306,-0.029166460727875248,-0.21520000000000017,0.03563787236311735,-0.03415403393784647,-0.2520000000000001,0.032286533770712354,-0.037496149281761496,-0.2766592560105565,-0.01687617070253432,-0.0865235526425443,-0.6383999999999996
80,400,0,1.3333333333333333,0.04,2231.2633457536103,2975.0177943381473,456,143,0.3706293706293706,0.009380540662302048,-0.12158054097506518,-0.7864731203603579,0.008225800773246033,-0.12276274245339257,-0.7941204764100851,0.004886790822064949,-0.1261811594820648,-0.816233333333334,0.0005682314909377294,-0.13060242116522772,-0.8448333333333338,-0.002325585360775388,-0.1335650576797597,-0.8639978638197985,-0.04477664148589845,-0.17702566883843882,-1.1451333333333336
80,400,0,2.0,0.04,2231.2633457536103,4462.526691507221,348,102,0.30392156862745096,0.01050754487898294,-0.06528806792441234,-0.3693724355017928,0.009567511088656356,-0.06625221830885918,-0.37482719296383665,0.006849338615275732,-0.06904012557578,-0.39060000000000017,0.003333748883541279,-0.07264590786391593,-0.41099999999999987,0.0009779927090053508,-0.07506210103134732,-0.42466980496237355,-0.03357994329967043,-0.1105066218893436,-0.6251999999999995
80,400,0,3.0,0.04,2231.2633457536103,6693.790037260831,259,75,0.26666666666666666,-0.06377020536005545,0.03614683700690531,0.1931085033075049,-0.06457041356514075,0.03539606954931032,0.18909765223247296,-0.06688427072476523,0.03322517371753841,0.1774999999999999,-0.0698769330928596,0.03041741255830976,0.16249999999999967,-0.07188228166590298,0.028535964154996925,0.15244867282178406,-0.10129988795785035,0.0009359203864095104,0.0049999999999998795
80,400,1,0.75,0.001,55.781583643840264,41.8361877328802,2892,1256,0.5549363057324841,-0.11060193282984497,-0.13878310566998392,-0.15165959794365086,-0.17230211952915248,-0.2002486333303471,-0.21882798394685563,-0.35071246053426675,-0.3779804415562656,-0.41305,-0.5814621899996516,-0.6078525803262304,-0.66425,-0.7360849251424132,-0.7618872520551099,-0.8325762258111912,-3.0043343493861934,-3.021510037410859,-3.30185
80,400,1,1.0,0.001,55.781583643840264,55.781583643840264,2879,1248,0.4831730769230769,-0.07972166700443045,-0.12556128630930102,-0.156674504963118,-0.13319434450886652,-0.17904816856690017,-0.2234150668516527,-0.2878142757987991,-0.3337091738793162,-0.41639999999999994,-0.4877943168328869,-0.5337423386254193,-0.6659999999999999,-0.6217986382693325,-0.6677822576492242,-0.8332540842455147,-2.5875847476908085,-2.6340905684595017,-3.2867999999999995
80,400,1,1.3333333333333333,0.001,55.781583643840264,74.37544485845368,2864,1244,0.41318327974276525,-0.04863289882556637,-0.1111810258861205,-0.1589736251395183,-0.09475562887180314,-0.15770761902701522,-0.22550027497071795,-0.2281226806724467,-0.29224246879216836,-0.4178666666666666,-0.4006149866072934,-0.46624516399516336,-0.6666666666666666,-0.5162000934523654,-0.5828423652869436,-0.8333846801293433,-2.2117841989231826,-2.2932734636266097,-3.279066666666666
80,400,1,2.0,0.001,55.781583643840264,111.56316728768053,2848,1228,0.3135179153094462,-0.029861958269915206,-0.10868993912066326,-0.18583677251178596,-0.06723578641527807,-0.14709879152174765,-0.25150777411364544,-0.1753047855671972,-0.2581606346226126,-0.4413999999999999,-0.3150774701403713,-0.4018041594602059,-0.687,-0.4087375356885421,-0.4980580304718626,-0.8515737303313238,-1.7826906581586992,-1.910061170254935,-3.2657999999999996
80,400,1,3.0,0.001,55.781583643840264,167.3447509315208,2826,1215,0.23868312757201646,-0.015545764533946932,-0.08040377863814693,-0.16664224641842013,-0.04579380814378826,-0.11175416511264986,-0.23161803383394086,-0.13325811034224344,-0.20240596765607624,-0.4194999999999999,-0.24638139656248376,-0.31965185595268303,-0.6624999999999999,-0.3221840073141246,-0.3982169748573339,-0.8253315002870996,-1.4341759018750069,-1.5507336830670542,-3.2139999999999995
80,400,1,0.75,0.002,111.56316728768053,83.6723754657604,2759,1183,0.5722738799661876,-0.02720882085425292,-0.051333657308563096,-0.10520187449628889,-0.05820555814000927,-0.08220380780853064,-0.1684663654531293,-0.14783475968762425,-0.17146697494316415,-0.35139999999999993,-0.2637580514250565,-0.2869168505025059,-0.5880000000000001,-0.3414369136136377,-0.36427848196459045,-0.7465429340243941,-1.480952614668095,-1.4991405438755931,-3.0723
80,400,1,1.0,0.002,111.56316728768053,111.56316728768053,2733,1159,0.4857635893011217,-0.027282257830937854,-0.07441419212515751,-0.17249659555469044,-0.05402102864372545,-0.10115250201664619,-0.2344776141675205,-0.13133802675939812,-0.17846816734662543,-0.41369999999999985,-0.23133714282944565,-0.27846555963801495,-0.6455000000000002,-0.29834539837294205,-0.34547266009729305,-0.8008265093273651,-1.2813278615649435,-1.3284381786976032,-3.0793999999999997
80,400,1,1.3333333333333333,0.002,111.56316728768053,148.75088971690735,2693,1131,0.4146772767462423,-0.006101691976113385,-0.06813799820779283,-0.17725710345615894,-0.029155321333240093,-0.0913880326444791,-0.2377407376676439,-0.09581647902235649,-0.15861710915351945,-0.4126333333333334,-0.18203370172343328,-0.2455688583025446,-0.6388333333333334,-0.23980686930780906,-0.3038342235968793,-0.7904073471808312,-1.0873145400847395,-1.158562224367309,-3.013933333333333
80,400,1,2.0,0.002,111.56316728768053,223.12633457536106,2627,1108,0.3167870036101083,0.002475713702968904,-0.06845393478096971,-0.2118103778037938,-0.016209571510114835,-0.08760382177924371,-0.2710640176856021,-0.0702393611263184,-0.14297703946854756,-0.4423999999999999,-0.14011961171478218,-0.21459483319872424,-0.664,-0.18694556251214034,-0.2625850916363239,-0.8124916068461783,-0.8738622428936513,-0.966581667365579,-2.9908
80,400,1,3.0,0.002,111.56316728768053,334.6895018630416,2583,1082,0.256007393715342,0.0013925022762191295,-0.012547150144500032,-0.047421325617062096,-0.013804916322769865,-0.027857106017745437,-0.1052845371261926,-0.05774929930911037,-0.07212689828645515,-0.27259999999999995,-0.11458543576002764,-0.12938390778458028,-0.4890000000000001,-0.1526706759609542,-0.16775117016537214,-0.63400714675773,-0.7113648684946581,-0.7305825075148936,-2.7612
80,400,1,0.75,0.004,223.12633457536106,167.3447509315208,2445,1002,0.563872255489022,0.018117247689237483,-0.04168684154826911,-0.14507039581173414,0.002566890562951917,-0.057084801665274666,-0.19865536617416357,-0.04239803849265242,-0.10160906426833954,-0.3535999999999998,-0.10055411373222345,-0.15919519684575836,-0.5540000000000003,-0.1395238297078151,-0.19778300081000896,-0.688285731100966,-0.7111929037477184,-0.7638495889086547,-2.6582
80,400,1,1.0,0.004,223.12633457536106,223.12633457536106,2366,962,0.4792099792099792,0.01761393876654675,-0.06457398284293378,-0.2483949309090703,0.004236244333784415,-0.07794810207097962,-0.299840780698149,-0.03444628084629147,-0.11662028930028495,-0.4485999999999997,-0.08447691343212686,-0.16663755114017548,-0.6410000000000002,-0.11800186390234985,-0.20015354202759125,-0.769925023272584,-0.6097985555833974,-0.6918188004590248,-2.6612000000000005
80,400,1,1.3333333333333333,0.004,223.12633457536106,297.5017794338147,2294,936,0.41773504273504275,0.02738507983105186,-0.041911831335808,-0.18067254538900523,0.015874950227371898,-0.05352352571543817,-0.2307279668054062,-0.01740738257355389,-0.0870995400638719,-0.37546666666666656,-0.06045359416938503,-0.1305255891582172,-0.5626666666666669,-0.08929836460487932,-0.15962488432518618,-0.6881072298508026,-0.5124388159256115,-0.586499104648842,-2.5282666666666667
80,400,1,2.0,0.004,223.12633457536106,446.2526691507221,2199,893,0.3325867861142217,0.007807631895944437,-0.017827101662860497,-0.09005475395197504,-0.0015669928556406832,-0.02728078017600715,-0.13781062075202388,-0.02867436623971624,-0.05461674295846919,-0.2758999999999998,-0.0637341001074595,-0.0899721264031326,-0.4545000000000004,-0.0872272238331839,-0.1136633615040387,-0.5741778022686255,-0.4318613057187626,-0.461203652572097,-2.3297999999999996
80,400,1,3.0,0.004,223.12633457536106,669.3790037260832,2096,832,0.22956730769230768,0.019430080846743036,-0.062203271326645944,-0.3484496699754122,0.011852233117282122,-0.07014603731240655,-0.3929433779011019,-0.010059635708766732,-0.09311309241953925,-0.5215999999999997,-0.03839968469475504,-0.12281788263926972,-0.6880000000000005,-0.057390025001744095,-0.1427227203231884,-0.7995027228303433,-0.33597019904763076,-0.4347181799464381,-2.4352
80,400,1,0.75,0.008,446.2526691507221,334.6895018630416,1998,784,0.5369897959183674,0.003215550020258315,-0.08217708138853827,-0.4500391120922153,-0.004520870875762302,-0.0898329027213159,-0.4919658753298841,-0.02689126493866457,-0.11197023759376341,-0.6132000000000001,-0.05582435451726011,-0.1406018965218491,-0.7700000000000005,-0.07521208449266643,-0.15978764129126766,-0.8750698734362852,-0.35962179509251235,-0.441234315266748,-2.4164
80,400,1,1.0,0.008,446.2526691507221,446.2526691507221,1885,741,0.45883940620782726,-0.004588167734073259,-0.09406296016437475,-0.5560879873218519,-0.011271305081856201,-0.10076595075391054,-0.5957151959431685,-0.030596057193431104,-0.12014810988190885,-0.7103000000000002,-0.05559001940778324,-0.14521632033453297,-0.8585000000000003,-0.07233818552087799,-0.16201423933664622,-0.9578071125207744,-0.3180266226584805,-0.40843253008708574,-2.4145999999999996
80,400,1,1.3333333333333333,0.008,446.2526691507221,595.0035588676294,1775,684,0.35964912280701755,-0.005063070442245158,-0.15376366872470562,-0.9428504498355561,-0.010846601645155132,-0.15972910615558317,-0.9794294116398479,-0.02757008060565723,-0.1769785795076554,-1.0852000000000004,-0.04919964660567563,-0.19928844835823337,-1.2220000000000006,-0.06369336957827573,-0.2142380344329167,-1.3136681038653308,-0.27631008960586817,-0.4335420712893023,-2.6584000000000003
80,400,1,2.0,0.008,446.2526691507221,892.5053383014442,1629,630,0.28095238095238095,0.010043433089384202,-0.12495972528242412,-0.8498885722169591,0.0053474471945640315,-0.12991335904677714,-0.8835797212472286,-0.008231319575350669,-0.1442371323834727,-0.9810000000000003,-0.02579362420959567,-0.16276300259786364,-1.1070000000000002,-0.037561922201748796,-0.1751769747835977,-1.191431148297015,-0.2101978228691687,-0.35728463984896885,-2.4299999999999997
80,400,1,3.0,0.008,446.2526691507221,1338.7580074521663,1469,571,0.19439579684763572,0.011714392453218304,-0.147635299631151,-1.0684672614855297,0.007896124814157704,-0.15185459930179593,-1.099003207670107,-0.0031446591441386816,-0.1640549950106633,-1.1873000000000005,-0.0174244250876924,-0.17983456245799567,-1.3015000000000003,-0.026993131722826056,-0.19040826880091996,-1.3780241042501515,-0.16736196749500654,-0.34552002065498555,-2.5005999999999995
80,400,1,0.75,0.015,836.7237546576039,627.5428159932029,1448,542,0.5295202952029521,-0.013237507407828437,-0.0908921732423282,-0.6460525494310982,-0.017349237380828053,-0.09497004161028993,-0.6750376331999965,-0.029238587897364804,-0.10676147896278333,-0.7588499999999997,-0.04461586031192375,-0.12201211389665144,-0.8672500000000005,-0.05491999338840957,-0.13223138865637393,-0.9398875910745748,-0.20607722066479198,-0.28214378070226515,-2.0054499999999997
80,400,1,1.0,0.015,836.7237546576039,836.7237546576039,1317,491,0.46435845213849286,-0.012954869305971634,-0.07752722221576644,-0.5701163316802016,-0.016518799691501388,-0.0810978740638692,-0.5963740367180779,-0.026824149957289316,-0.09142265990179807,-0.6723,-0.040152731543310845,-0.10477637878080534,-0.7705000000000002,-0.04908406049948731,-0.11372455194739342,-0.8363026885933873,-0.18010283819653666,-0.24499042701038137,-1.8015999999999996
80,400,1,1.3333333333333333,0.015,836.7237546576039,1115.6316728768052,1203,445,0.40224719101123596,0.003807071521913913,-0.058972055908717104,-0.45088954704213835,0.000724726658390612,-0.06208457042581,-0.47468726342066203,-0.008188085889107445,-0.07108462060530403,-0.5435000000000006,-0.019715607626493187,-0.08272497246155433,-0.6325000000000005,-0.02744006712892385,-0.09052503812666933,-0.6921378745907483,-0.1407545858690435,-0.2049486669521826,-1.5669999999999997
80,400,1,2.0,0.015,836.7237546576039,1673.4475093152078,1028,379,0.3087071240105541,0.02092773942623032,-0.05765202435327719,-0.4548250299527421,0.018429564586726555,-0.06022114611541048,-0.4750931973852374,0.011205919913196279,-0.06764993870399136,-0.5337000000000001,0.0018631091502069811,-0.07725808064471189,-0.6095000000000002,-0.004397400699323853,-0.08369638585943993,-0.660292706673918,-0.09623640386118054,-0.17814357102227732,-1.4053999999999995
80,400,1,3.0,0.015,836.7237546576039,2510.1712639728116,850,311,0.18971061093247588,0.024584674813683344,-0.1574235190084503,-1.1535767396182135,0.022559786243373913,-0.1596931684744529,-1.1702084020760126,0.016704681426805437,-0.16625601628502784,-1.2183,0.00913189251332028,-0.1747441753697597,-1.2805000000000004,0.004057453911919935,-0.18043199297651866,-1.322179503365669,-0.07038239107827364,-0.26386984575944333,-1.9336
80,400,1,0.75,0.025,1394.5395910960067,1045.904693322005,1007,365,0.5342465753424658,-0.02109855896913104,-0.0786415098122661,-0.6272886172368094,-0.02356172152469884,-0.08108861463896537,-0.6468080924686327,-0.030684125766869706,-0.08816458685172977,-0.7032500000000004,-0.03989599567735267,-0.0973164031904091,-0.7762499999999999,-0.04606876357024788,-0.10344892987674302,-0.8251664589339843,-0.13662062973742456,-0.19341047474654244,-1.542749999999999
80,400,1,1.0,0.025,1394.5395910960067,1394.5395910960067,891,306,0.4738562091503268,0.004178658417357598,-0.05594806198541336,-0.4281173065053801,0.0020406726038702644,-0.058086609789702995,-0.44448157889151163,-0.004141460683785464,-0.06427036811248493,-0.49180000000000046,-0.012137216846846786,-0.07226822603945536,-0.5530000000000002,-0.017495080928991196,-0.07762749848937987,-0.5940094148871211,-0.09609265655899085,-0.15624573427264513,-1.1955999999999993
80,400,1,1.3333333333333333,0.025,1394.5395910960067,1859.386121461342,767,255,0.396078431372549,0.04731069366062154,-0.06952084529641575,-0.5067644220878172,0.045470456006999324,-0.07139163245667979,-0.5204013157429263,0.04014928203854389,-0.07680114242846155,-0.5598333333333338,0.03326706071245987,-0.08379761446868456,-0.6108333333333336,0.02865536349503542,-0.08848586977331935,-0.6450078457392678,-0.03899626321142296,-0.1572605708910265,-1.1463333333333332
80,400,1,2.0,0.025,1394.5395910960067,2789.0791821920134,608,201,0.27860696517412936,0.002048039468564382,-0.12449357126071796,-0.8434692111358874,0.0005391605915921931,-0.12608010393907687,-0.8542182920169732,-0.003823866643446082,-0.13066767249119843,-0.8853000000000002,-0.00946685431144411,-0.1366010740885622,-0.9254999999999999,-0.01324815533235657,-0.14057697813755246,-0.9524375568376191,-0.06871822482542371,-0.19890179086088222,-1.3476000000000004
80,400,1,3.0,0.025,1394.5395910960067,4183.61877328802,470,155,0.1870967741935484,-0.05017671555701634,-0.16312216387296427,-0.9892424264978232,-0.05144654227486142,-0.16448900239862135,-0.9975315187195564,-0.055118333721007676,-0.16844131017120267,-1.0214999999999996,-0.05986730106268943,-0.17355308757238458,-1.0524999999999998,-0.0630495293633498,-0.17697843071381728,-1.0732727428349798,-0.10973145815034725,-0.22722675028479428,-1.3780000000000001
80,400,1,0.75,0.04,2231.2633457536103,1673.4475093152078,614,203,0.5714285714285714,0.0576130377132066,-0.0026459969022163883,-0.018652984381020227,0.05605421964563585,-0.004185967099306308,-0.029509021290773874,0.05154678980015444,-0.00863889702866761,-0.06090000000000034,0.04571703681851972,-0.014398161714445995,-0.10150000000000045,0.04181058651274705,-0.01825737862529286,-0.12870559222903805,-0.015495369488644661,-0.07487044091511881,-0.5277999999999997
80,400,1,1.0,0.04,2231.2633457536103,2231.2633457536103,503,165,0.4666666666666667,0.0753897493487088,-0.06890783235782828,-0.45516129272348915,0.07405009579790747,-0.07024369708841849,-0.4639851650885596,0.07017639525317516,-0.07410644199845919,-0.48950000000000005,0.06516628570632299,-0.07910238190846769,-0.5225000000000002,0.061809069022715345,-0.08245010368168114,-0.5446129197920752,0.01256013546437501,-0.13155975096355674,-0.8689999999999999
80,400,1,1.3333333333333333,0.04,2231.2633457536103,2975.0177943381473,422,136,0.41911764705882354,0.06044441390715402,-0.021077269596546183,-0.13249658066905834,0.059296081869186834,-0.02223424429512022,-0.13976959061844924,0.05597560066093229,-0.025579716352001815,-0.1608000000000006,0.051681005761426826,-0.029906633545872717,-0.1880000000000004,0.04880324719923837,-0.03280605090511567,-0.20622640661649844,0.00658775931661901,-0.07533926408151753,-0.47360000000000024
80,400,1,2.0,0.04,2231.2633457536103,4462.526691507221,324,88,0.36363636363636365,-0.0016218327111458659,0.061052419257983936,0.31191397721413944,-0.0025657393490327303,0.060131278525661414,0.3072079119527683,-0.005295110427974523,0.057467736631237824,0.29359999999999997,-0.008825184046624211,0.05402280419012822,0.276,-0.0111906457069066,0.051714394651965354,0.26420644277756,-0.045890957042445786,0.017851013558477166,0.09120000000000006
80,400,1,3.0,0.04,2231.2633457536103,6693.790037260831,242,64,0.265625,-0.035363646277449284,0.03380989481762207,0.1541192561557375,-0.03614969271341673,0.03305906387393669,0.1506966632383768,-0.03842260014188628,0.030887984467760258,0.1407999999999999,-0.04136229955204644,0.028079985879782023,0.12799999999999975,-0.04333215825718824,0.026198378378199563,0.11942286747458894,-0.07222914335872768,-0.001403999293989129,-0.006400000000000114
