tf,rapida,lenta,modo,toques,razao,stop_pct,stop_pts,alvo_pts,n_tr,n_ho,acerto_ho,acerto_neutro,"sh_tr|0,60 pts (pedido)","sh_ho|0,60 pts (pedido)","ret_ho|0,60 pts (pedido)","usd_ho|0,60 pts (pedido)","sh_tr|15,82 pts medidos (0,0145%)","sh_ho|15,82 pts medidos (0,0145%)","ret_ho|15,82 pts medidos (0,0145%)","usd_ho|15,82 pts medidos (0,0145%)",sh_tr|30 pts (folga slippage),sh_ho|30 pts (folga slippage),ret_ho|30 pts (folga slippage),usd_ho|30 pts (folga slippage)
5,10,30,0,1,0.2,0.002,111.56307036342837,22.312614072685676,9293,3989,0.7510654299323138,0.8333333333333334,-0.26514078569314525,-0.20272215821524966,-0.839246016548687,-484.95622391999996,-0.3899984184952619,-0.3302959667346405,-1.3674595365955478,-789.5079196661549,-0.5107075955223513,-0.45583574059680176,-1.887207212254515,-1083.940736712961
5,10,30,0,1,0.25,0.002,111.56307036342837,27.89076759085709,9265,3965,0.7316519546027743,0.8,-0.2296666402371242,-0.1659131295029036,-0.7287696778771224,-428.17632315000003,-0.3471833842038947,-0.28543900817233303,-1.253870785309939,-731.2446088733275,-0.46078604613090846,-0.40304575886215377,-1.7704913754297196,-1024.21872338387
5,10,30,0,1,0.3333333333333333,0.002,111.56307036342837,37.187690121142786,9218,3935,0.6922490470139772,0.75,-0.18932300892062945,-0.13559360483527555,-0.6567772387111364,-390.21204080000007,-0.296383676001766,-0.24319205043242015,-1.1780098462029285,-691.5020091969565,-0.3998656474724273,-0.34903787003957365,-1.6907215793987256,-982.7208177853784
5,10,30,0,1,0.5,0.002,111.56307036342837,55.78153518171418,9138,3873,0.6238058352698167,0.6666666666666666,-0.1286480564745848,-0.09731680677388885,-0.5478100593473172,-331.4308966,-0.2206698746830393,-0.18847714035540528,-1.0609972387151052,-628.5726249417949,-0.3096026704451766,-0.2781209793152528,-1.5656306676013376,-915.7397897892442
5,10,30,0,1,0.75,0.002,111.56307036342837,83.67230277257129,9012,3818,0.5505500261917234,0.5714285714285714,-0.07782030181554495,-0.049321239947535,-0.3278999748809484,-194.98556935000002,-0.15506970070708403,-0.12544901733456185,-0.8340021836855855,-488.794189984446,-0.2297096234051131,-0.20027708315025175,-1.331469374877849,-772.6779877465474
5,10,30,0,1,1.0,0.002,111.56307036342837,111.56307036342837,8900,3753,0.4876099120703437,0.5,-0.05453069943454542,-0.031184999469545945,-0.23402494308173752,-157.8487928,-0.1220368274958157,-0.09747944240143026,-0.7315534822870616,-446.82641075986544,-0.18725981465523617,-0.16263838654645968,-1.2205514834773619,-726.030447591148
5,10,30,0,1,1.3333333333333333,0.002,111.56307036342837,148.75076048457115,8759,3678,0.41163675910821096,0.4285714285714286,-0.03699347002959989,-0.039959570332911004,-0.3375664358811509,-231.57067206666676,-0.09570153327900024,-0.09769308365059154,-0.8253178011862018,-515.5922796998543,-0.15241219417252613,-0.15441917371169914,-1.3045436600665434,-789.9507269968576
5,10,30,0,1,2.0,0.002,111.56307036342837,223.12614072685673,8508,3548,0.3334272829763247,0.3333333333333333,-0.020018422246770907,-0.0042859895404343705,-0.04302008394122959,-41.388533200000005,-0.0679965134920309,-0.0511840424440556,-0.5137537317224876,-316.17319866091236,-0.11433251329243903,-0.0972406265214772,-0.9760412105989021,-581.5531225696185
5,10,30,0,1,0.2,0.004,223.12614072685673,44.62522814537135,8697,3634,0.7991194276279582,0.8333333333333334,-0.0975003600987748,-0.09203608571233086,-0.6433106099095134,-362.59348904,-0.16724142027325897,-0.16095818011848934,-1.1250550904959185,-642.0165524362196,-0.23463057904788512,-0.22869935216677667,-1.5985479592210845,-912.0165371997084
5,10,30,0,1,0.25,0.004,223.12614072685673,55.78153518171418,8587,3568,0.7684977578475336,0.8,-0.07811128697858329,-0.08072588819015485,-0.6075345403181914,-345.7563249000001,-0.14212161124299172,-0.14359352831118333,-1.0806610244604942,-620.6735290302852,-0.20396402792693194,-0.20536653549215858,-1.5455544079528971,-886.279811872728
5,10,30,0,1,0.3333333333333333,0.004,223.12614072685673,74.37538024228557,8415,3482,0.7297530155083285,0.75,-0.04841409740824934,-0.050949056032362876,-0.4202396590962812,-248.61438626666683,-0.1054108061159912,-0.10695201053455991,-0.8821596656870629,-517.6015485844221,-0.1604668465079394,-0.16195661453420832,-1.335847659330714,-777.4300265658237
5,10,30,0,1,0.5,0.004,223.12614072685673,111.56307036342837,8059,3307,0.6468097973994557,0.6666666666666666,-0.04048059459449219,-0.04595609441439127,-0.43587649015873037,-300.49332,-0.08759153017144454,-0.09222013290394687,-0.8747208542294993,-556.595730524914,-0.13309027499971524,-0.13764764759725598,-1.305607182483249,-803.9340201104569
5,10,30,0,1,0.75,0.004,223.12614072685673,167.34460554514257,7667,3117,0.5579082451074752,0.5714285714285714,-0.027986897020825012,-0.030842990955365572,-0.33425575936555296,-246.0922155,-0.06681431926142782,-0.06902691302584339,-0.7481015732184311,-488.54633298678687,-0.10430116938439016,-0.10650032221360466,-1.1542318076202855,-722.6293763472571
5,10,30,0,1,1.0,0.004,223.12614072685673,223.12614072685673,7373,2949,0.5005086469989827,0.5,-0.018472114174063588,-0.0021210852025475477,-0.025024148438586177,-45.96702279999998,-0.05221290308651405,-0.03531789386832133,-0.41668031421916985,-275.3670842211901,-0.08478860351758975,-0.06788619509565533,-0.8009209498467189,-496.8458320690078
5,10,30,0,1,1.3333333333333333,0.004,223.12614072685673,297.5015209691423,7025,2755,0.43738656987295826,0.4285714285714286,-0.013411259569579113,0.01506258168049701,0.19216294429987052,97.65791079999975,-0.042676716682979836,-0.013624075536562353,-0.1738129079938326,-116.64684378860179,-0.07093166089932408,-0.04176090380529887,-0.5327762688462899,-323.55182609368245
5,10,30,0,1,2.0,0.004,223.12614072685673,446.25228145371346,6449,2479,0.345703912868092,0.3333333333333333,-0.021621830074106417,0.023810610650525258,0.3369409625253189,190.13954,-0.04564689985932238,0.0005399694717770811,0.007641065124000923,-2.4753568061584303,-0.06884430453483942,-0.02228553327663377,-0.3153608120278107,-188.4546587474562
5,10,30,0,1,0.2,0.008,446.25228145371346,89.2504562907427,7292,2899,0.8202828561572956,0.8333333333333334,-0.041140700435525444,-0.037418277524825405,-0.3998884448069377,-306.41557823999995,-0.07760000740331485,-0.07341487347919615,-0.7846120823741518,-530.5098134304628,-0.11281628544075527,-0.10875806775176983,-1.1623379564617289,-746.9638700044685
5,10,30,0,1,0.25,0.008,446.25228145371346,111.56307036342837,6958,2753,0.7864148201961496,0.8,-0.037365664253877315,-0.03623565923494034,-0.4088949706054831,-320.58034940000005,-0.07023711277774272,-0.06860415276917628,-0.7741888453866984,-533.2901921384895,-0.10198891455955804,-0.10039032458663474,-1.132891615777559,-738.7548451114219
5,10,30,0,1,0.3333333333333333,0.008,446.25228145371346,148.75076048457115,6539,2560,0.7328125,0.75,-0.01980200426156453,-0.04150127946685615,-0.5015450498745231,-349.93007706666685,-0.04872643524716474,-0.06962720410902963,-0.8414668037982626,-548.9119407425526,-0.07665367954582003,-0.09722729127371685,-1.1750225946448307,-741.0337882093077
5,10,30,0,1,0.5,0.008,446.25228145371346,223.12614072685673,5934,2291,0.6717590571802706,0.6666666666666666,-0.01499352385640189,0.00862571799501816,0.11137672021072928,6.382805199999964,-0.03874338643946467,-0.014949318439273733,-0.19303038313873125,-172.21429366429055,-0.06166963843316878,-0.03806726891397501,-0.49153675690024956,-344.617905667808
5,10,30,0,1,0.75,0.008,446.25228145371346,334.68921109028514,5289,1972,0.5745436105476673,0.5714285714285714,-0.02370103696230834,0.00449015145612561,0.06130428055934463,13.040355200000008,-0.0431185339447092,-0.014696863744857644,-0.2006590639675146,-140.11037556192267,-0.06186771972144977,-0.03351607060030812,-0.457601259104012,-287.9899660931536
5,10,30,0,1,1.0,0.008,446.25228145371346,446.25228145371346,4813,1751,0.4894346087949743,0.5,-0.037263953236027096,-0.022690830999062397,-0.31787382068251746,-171.21325280000005,-0.05414426338655038,-0.0392989125297766,-0.5505334792125343,-307.6184866372853,-0.07044000558115746,-0.0555848012837409,-0.7786804283423558,-439.2999844762685
5,10,30,0,1,1.3333333333333333,0.008,446.25228145371346,595.0030419382846,4393,1536,0.4192708333333333,0.4285714285714286,-0.04641007330184397,-0.020189987227791535,-0.2857387246663744,-179.78141280000017,-0.06113676350829243,-0.034619064599609214,-0.4899467489456235,-300.2064488407819,-0.07534697726445927,-0.048760261979620086,-0.6900802234535658,-416.40808544370844
5,10,30,0,1,2.0,0.008,446.25228145371346,892.5045629074269,3790,1255,0.3115537848605578,0.3333333333333333,-0.04666657309074416,-0.04812408826638132,-0.6715625170111823,-481.8781952,-0.05880756228033945,-0.06008119746801905,-0.8384326193099556,-580.3145457267541,-0.07052240055649135,-0.07179890513431023,-1.001953133963253,-675.2957625705826
5,10,30,0,1,0.2,0.015,836.7230277257128,167.34460554514257,5312,2023,0.8304498269896193,0.8333333333333334,-0.006410240717955254,-0.009541811985141337,-0.1304087258956963,-129.35974919999984,-0.026435270555144667,-0.02919916313813857,-0.39907266044943374,-286.29167669958025,-0.045772666110234735,-0.04848519280728741,-0.6626599123567016,-437.8347596290397
5,10,30,0,1,0.25,0.015,836.7230277257128,209.1807569314282,4936,1882,0.80605738575983,0.8,-0.00027140426252483444,0.01363343269073624,0.19026525172699094,69.23102550000002,-0.01828113371189907,-0.00428682594644225,-0.05982624664648333,-77.4460652890921,-0.03566661714030168,-0.0218576541351226,-0.3050418710110294,-219.0390935690748
5,10,30,0,1,0.3333333333333333,0.015,836.7230277257128,278.90767590857087,4383,1634,0.7570379436964504,0.75,-0.0018543290118465535,0.014953832739885233,0.20965075326881624,130.0938854999996,-0.017435272079253248,-0.0005367976470265181,-0.007525816695193074,2.3750169829571277,-0.03247303911400542,-0.015722592866390415,-0.2204282238214788,-120.89137211765399
5,10,30,0,1,0.5,0.015,836.7230277257128,418.3615138628564,3661,1315,0.6555133079847909,0.6666666666666666,-0.012900372007055433,-0.02462969364834836,-0.3464224186189527,-220.49144550000005,-0.02557043509591742,-0.03705237443717874,-0.5211544975239766,-322.86467094678693,-0.03780230447734056,-0.049233960181892904,-0.6924927260252413,-421.6973218213411
5,10,30,0,1,0.75,0.015,836.7230277257128,627.5422707942846,3039,1048,0.5486641221374046,0.5714285714285714,-0.024370841571540125,-0.04667588796498251,-0.6392826215325996,-370.30137525,-0.034728318373289775,-0.056847178462533246,-0.7785921394715799,-452.12495464642785,-0.044725514978622316,-0.06681703022955536,-0.915141541349394,-531.1023374429739
5,10,30,0,1,1.0,0.015,836.7230277257128,836.7230277257128,2652,892,0.4876681614349776,0.5,-0.02256203528208691,-0.025485374859735344,-0.3410791829134474,-254.9744159999999,-0.03156286065408831,-0.03434583825451229,-0.4596652561151229,-324.72469855180526,-0.04024964925686995,-0.04302995824324613,-0.5758886019882248,-392.0414094610725
5,10,30,0,1,1.3333333333333333,0.015,836.7230277257128,1115.6307036342835,2288,746,0.3967828418230563,0.4285714285714286,-0.020592077492052392,-0.06565939590659856,-0.8392646699351887,-684.7910235000004,-0.02840869482332362,-0.073416894672871,-0.9384420191276717,-743.0923325398156,-0.03595289133663889,-0.0810211363804987,-1.0356422613040535,-799.3617536639986
5,10,30,0,1,2.0,0.015,836.7230277257128,1673.4460554514255,1829,586,0.31399317406143346,0.3333333333333333,-0.05093187864188824,-0.04223781692315712,-0.5173684939667051,-493.46674050000007,-0.057407975748929314,-0.04858986422178995,-0.5951836772236127,-538.4179369053769,-0.06366675663045358,-0.05482320411319125,-0.6715366824720844,-581.86072104117
5,10,30,0,1,0.2,0.025,1394.5383795428547,278.907675908571,3571,1315,0.8365019011406845,0.8333333333333334,-0.012686399043715707,0.007445739741346798,0.10867086478411656,51.12405950000051,-0.024636572210327015,-0.0045327039465225885,-0.0661544975239769,-51.97359981636127,-0.03616764828354044,-0.0162722756096039,-0.23749272602523952,-151.45558522129187
5,10,30,0,1,0.25,0.025,1394.5383795428547,348.6345948857137,3189,1121,0.7894736842105263,0.8,-0.02104682177331282,-0.026788315673103306,-0.38274974967753295,-270.67776499999997,-0.03168566484291796,-0.03721330790572929,-0.5317037579653069,-358.39469593803295,-0.04195282136592365,-0.04743593876471819,-0.6777647116914787,-443.04708283444893
5,10,30,0,1,0.3333333333333333,0.025,1394.5383795428547,464.8461265142849,2727,922,0.7407809110629068,0.75,-0.024308881505293634,-0.02188023118547113,-0.29483209773396135,-178.30588250000028,-0.03353824086593486,-0.030973240170410823,-0.4173595285554686,-250.577916365201,-0.04244404512404696,-0.03988853577253351,-0.537491731352552,-320.31629817357924
5,10,30,0,1,0.5,0.025,1394.5383795428547,697.2691897714274,2199,718,0.6615598885793872,0.6666666666666666,-0.020696794954833304,-0.01148668705368847,-0.14644480723856465,-208.42317749999998,-0.028278704598453726,-0.018971488184615918,-0.24187180929446112,-264.4794453272684,-0.03559690189934598,-0.02630934292296976,-0.3354237850084585,-318.5859761610649
5,10,30,0,1,0.75,0.025,1394.5383795428547,1045.9037846571412,1734,544,0.5257352941176471,0.5714285714285714,-0.013109537323909529,-0.09200201672004163,-1.0943594905540797,-911.637345625,-0.019327228486029233,-0.0980716438708833,-1.166578362473798,-953.6735303512934,-0.025333093671432164,-0.10403041846240864,-1.237458968028692,-994.2776150174643
5,10,30,0,1,1.0,0.025,1394.5383795428547,1394.5383795428547,1431,459,0.5032679738562091,0.5,-0.013693337507071301,0.006024141016215079,0.06920001249112517,-166.89449499999986,-0.019087024318485867,0.0007205914017961512,0.008277631662732488,-202.31403402609584,-0.024297471490124466,-0.004485648585325962,-0.051527879274209376,-236.53026559310126
5,10,30,0,1,1.3333333333333333,0.025,1394.5383795428547,1859.3845060571396,1169,365,0.4301369863013699,0.4285714285714286,-0.03511028901695198,0.0027285091453426863,0.028801677227885236,-86.33117000000016,-0.03981359532105867,-0.0018686057485166883,-0.019724759135299502,-115.06418614074911,-0.044350646154987475,-0.006373943516964089,-0.06728251837709553,-142.7815293060982
5,10,30,0,1,2.0,0.025,1394.5383795428547,2789.0767590857095,891,267,0.3146067415730337,0.3333333333333333,-0.041373042547762966,-0.04060949601699483,-0.3783193244437841,-492.33532,-0.04525047697719862,-0.044418326551951985,-0.41381235805239697,-513.3628473226986,-0.048990734375599164,-0.04815253465678582,-0.4486011846758473,-533.6464565158633
5,10,30,0,2,0.2,0.002,111.56307036342837,22.312614072685676,5918,2553,0.7461809635722679,0.8333333333333334,-0.27951696258391673,-0.21268759434815618,-0.5672169219400938,-310.08154804000003,-0.4033661497207279,-0.3393695681049114,-0.9051159180066264,-504.37580861434475,-0.5231283102302875,-0.46409299278370203,-1.2377596422375974,-692.2583531746614
5,10,30,0,2,0.25,0.002,111.56307036342837,27.89076759085709,5907,2545,0.7218074656188606,0.8,-0.2521986044136418,-0.18605619295342812,-0.5305775715699195,-283.99407295000003,-0.3684571746745902,-0.3041931276811798,-0.8674530009114236,-477.8577740678284,-0.48087165394581444,-0.4204770709739234,-1.199054363295999,-665.3113696336189
5,10,30,0,2,0.3333333333333333,0.002,111.56307036342837,37.187690121142786,5888,2534,0.6890292028413575,0.75,-0.20373913363636523,-0.14220681419912107,-0.4448954209021314,-235.5885395333334,-0.3102049174481821,-0.24943189383988268,-0.7803539899055199,-428.8135029776007,-0.41314266059388977,-0.3549666373496815,-1.1105221047513014,-615.6354183783407
5,10,30,0,2,0.5,0.002,111.56307036342837,55.78153518171418,5851,2506,0.6213088587390263,0.6666666666666666,-0.13803688883755316,-0.10236812722172935,-0.3733556262024932,-208.13395500000001,-0.22985417747855602,-0.1933653086700465,-0.7052837800723093,-400.0806498102896,-0.318599937749334,-0.282886169709952,-1.0318036284557068,-585.6062258159726
5,10,30,0,2,0.75,0.002,111.56307036342837,83.67230277257129,5789,2470,0.5396761133603238,0.5714285714285714,-0.08289011336662445,-0.07106705386250947,-0.30626343392811073,-173.17342535,-0.16009966530427816,-0.14700430727725217,-0.6335506531438964,-362.895789004853,-0.2347111234295796,-0.2216791281836432,-0.955379873218514,-546.2340138231725
5,10,30,0,2,1.0,0.002,111.56307036342837,111.56307036342837,5728,2444,0.4795417348608838,0.5,-0.06261655749502314,-0.04736193335960836,-0.23134397899593134,-137.3602818,-0.13014709632382812,-0.11367079754564804,-0.5552711725844868,-325.44958841492723,-0.1953960883292451,-0.17885967475326606,-0.8737127166583193,-507.1842210192047
5,10,30,0,2,1.3333333333333333,0.002,111.56307036342837,148.75076048457115,5677,2405,0.41081081081081083,0.4285714285714286,-0.03568698744182793,-0.04166504796604213,-0.23010267310818405,-121.64836746666674,-0.09437231596287808,-0.09939411260855,-0.5489352850787064,-307.04358815334126,-0.15106813829688054,-0.1561333002007527,-0.8622953151513604,-486.1536785033437
5,10,30,0,2,2.0,0.002,111.56307036342837,223.12614072685673,5562,2340,0.31324786324786325,0.3333333333333333,-0.008672945693847274,-0.047866763423349855,-0.31178050407157243,-146.8383162,-0.05644696391947724,-0.0955197947277444,-0.6221532503468492,-327.804489586694,-0.10259067077120256,-0.14232998247760478,-0.9270440904175399,-502.5951051760313
5,10,30,0,2,0.2,0.004,223.12614072685673,44.62522814537135,5663,2388,0.7981574539363484,0.8333333333333334,-0.1020558017594225,-0.09432992563213619,-0.4340426706373396,-255.04312248,-0.17151929585604714,-0.16305555175481704,-0.7503307529180665,-437.7024694563835,-0.23866570728930195,-0.23067096172083928,-1.0614757640671297,-614.2688778081606
5,10,30,0,2,0.25,0.004,223.12614072685673,55.78153518171418,5617,2355,0.7681528662420383,0.8,-0.07954624071796346,-0.08156712404445984,-0.4053694754447825,-249.2759871,-0.1434673795874386,-0.14432561298187047,-0.717333719900354,-429.6916186716553,-0.2052493245426637,-0.20606205481220538,-1.024178988433036,-604.0694350867043
5,10,30,0,2,0.3333333333333333,0.004,223.12614072685673,74.37538024228557,5525,2307,0.7243172951885566,0.75,-0.05592392883919672,-0.06285132801316025,-0.34562627537832524,-193.02314920000003,-0.11267291987631714,-0.11844286568239698,-0.651356217329137,-370.34629580293773,-0.16750960339030851,-0.17310246673309898,-0.9519473147834455,-541.694069433131
5,10,30,0,2,0.5,0.004,223.12614072685673,111.56307036342837,5346,2217,0.6531348669373027,0.6666666666666666,-0.03508562721016372,-0.03290940069029898,-0.20839466550501676,-146.3478156,-0.08225375373360495,-0.07931284145283263,-0.502273400008104,-316.888717772172,-0.1278298044385916,-0.12492677682296345,-0.7911379266904635,-481.6733165586071
5,10,30,0,2,0.75,0.004,223.12614072685673,167.34460554514257,5189,2118,0.5670443814919736,0.5714285714285714,-0.006963733362347479,-0.012511331695403093,-0.09192772941740565,-51.0101748,-0.04588281985977274,-0.05074754173635089,-0.37288230095496855,-214.97227988949894,-0.08347105816316573,-0.08830513158295061,-0.6488475997881824,-373.32765853482726
5,10,30,0,2,1.0,0.004,223.12614072685673,223.12614072685673,5020,2024,0.4980237154150198,0.5,-0.01535635421374793,-0.007115095958002654,-0.05761790623823722,6.7256624000000045,-0.049089263082559134,-0.04028408785738015,-0.32621802508633424,-150.37472080536736,-0.0816624735028686,-0.07285010206101317,-0.5899355722244011,-302.0741742726309
5,10,30,0,2,1.3333333333333333,0.004,223.12614072685673,297.5015209691423,4829,1932,0.43167701863354035,0.4285714285714286,-0.016337796042243922,0.0035367975656327476,0.03159676267833396,60.98180333333319,-0.04561292528804088,-0.025168007280588125,-0.2248444784915008,-89.10273219140389,-0.07387991895583156,-0.05334549345990588,-0.4765748643960189,-234.01886833178162
5,10,30,0,2,2.0,0.004,223.12614072685673,446.25228145371346,4519,1780,0.33876404494382023,0.3333333333333333,-0.029518394333585905,0.009260195428424382,0.09364335410719848,128.3494292,-0.053616102925765685,-0.014116371437755019,-0.14274905368264565,-10.101414142588794,-0.07688186959482816,-0.03705135119563908,-0.3746745645056486,-143.77242290351876
5,10,30,0,2,0.2,0.008,446.25228145371346,89.2504562907427,4983,2029,0.8353868900936422,0.8333333333333334,-0.02839289926269343,0.001960872643562787,0.014166898906694689,12.50278368000004,-0.06525540800882916,-0.035286604889260775,-0.25494484827083624,-144.40748302345796,-0.10086003809773848,-0.07187759832622824,-0.5193138715629002,-295.9634186653692
5,10,30,0,2,0.25,0.008,446.25228145371346,111.56307036342837,4821,1956,0.8072597137014315,0.8,-0.02491551166386396,0.015178183996981752,0.11713396825491187,72.28179540000002,-0.05808177159579405,-0.018443082963198593,-0.1423332297771095,-78.79540981768986,-0.09011914740473878,-0.051466695909999124,-0.3971907012208157,-224.73038137185225
5,10,30,0,2,0.3333333333333333,0.008,446.25228145371346,148.75076048457115,4615,1860,0.7569892473118279,0.75,-0.007359218789863252,0.01353974712025296,0.1152471794346219,105.68919413333323,-0.036490201283155686,-0.015474187014813142,-0.13171155796800837,-39.083202278604496,-0.06461409667445427,-0.043946674982607306,-0.3740606872549681,-178.85067264025295
5,10,30,0,2,0.5,0.008,446.25228145371346,223.12614072685673,4289,1671,0.6792339916217833,0.6666666666666666,-0.003483095690076511,0.024673998655502218,0.23101513374761334,222.36524080000004,-0.02732665732057247,0.0009715030587432488,0.009095691739493705,92.13188248453169,-0.050343751152524555,-0.022283339756920338,-0.20862763892637148,-33.58731479191226
5,10,30,0,2,0.75,0.008,446.25228145371346,334.68921109028514,3889,1487,0.5810356422326832,0.5714285714285714,-0.015134722729993695,0.017643037372113646,0.1812776999438001,131.21455940000004,-0.03457032609632376,-0.0015725030489290885,-0.016157215070838934,15.9180613543828,-0.05333918790004039,-0.020429150359976545,-0.20990622326960745,-95.4231714071128
5,10,30,0,2,1.0,0.008,446.25228145371346,446.25228145371346,3599,1355,0.48929889298892987,0.5,-0.03994442797387018,-0.022961512174830882,-0.24893995427044951,-81.9761176,-0.05682692709628381,-0.03956725145461848,-0.4289690829999909,-187.62808586252572,-0.07312372715867302,-0.055851874319417655,-0.6055191207332336,-289.6147046970784
5,10,30,0,2,1.3333333333333333,0.008,446.25228145371346,595.0030419382846,3339,1218,0.4244663382594417,0.4285714285714286,-0.029701903927671837,-0.009660858345820249,-0.10860828402519003,-45.211673600000125,-0.04437403081692223,-0.02405122160967824,-0.2703874610779749,-139.83680308129908,-0.05854082867069052,-0.03816770105004943,-0.42908705219169474,-231.20290776175614
5,10,30,0,2,2.0,0.008,446.25228145371346,892.5045629074269,2968,1035,0.3352657004830918,0.3333333333333333,-0.0162591875689237,0.002982062804771336,0.03498638007123936,61.810859199999996,-0.028247383384772264,-0.008732569067920193,-0.10245239919187563,-18.281086225227114,-0.03982596397400775,-0.02022703415650628,-0.23730796306929636,-95.63643300965919
5,10,30,0,2,0.2,0.015,836.7230277257128,167.34460554514257,3941,1557,0.8368657675016057,0.8333333333333334,0.007943481364649027,0.00767812726999846,0.0795356543808366,121.48595640000015,-0.012354592754930043,-0.012292465614064343,-0.12733273965386466,-0.4818619510632942,-0.031941980954790804,-0.0318771262670973,-0.3302024140085933,-118.17928446800886
5,10,30,0,2,0.25,0.015,836.7230277257128,209.1807569314282,3702,1410,0.8042553191489362,0.8,-0.008493981137263828,0.009036202022821453,0.09482101373413407,118.55573249999995,-0.026395997932328455,-0.008811643643340117,-0.0924641380295119,8.376949416841683,-0.043674274604071424,-0.026319429743391288,-0.2761804134567224,-97.96299648196899
5,10,30,0,2,0.3333333333333333,0.015,836.7230277257128,278.90767590857087,3344,1286,0.76049766718507,0.75,-0.002569084862202917,0.023130842631436128,0.25400267841746926,225.27729799999958,-0.01814931663074024,0.0075640406822805465,0.0830610769461332,124.18398307883447,-0.03318029687109761,-0.00769494924470591,-0.08449858986194718,26.654521284768165
5,10,30,0,2,0.5,0.015,836.7230277257128,418.3615138628564,2865,1058,0.6465028355387523,0.6666666666666666,-0.0098254099277842,-0.04331127370049649,-0.4931143545976184,-320.68347675000007,-0.022516542177674022,-0.055666976921726494,-0.6337957858405832,-403.8003362287068,-0.03476082860219556,-0.06777469993047061,-0.7716481400263921,-483.9907096426175
5,10,30,0,2,0.75,0.015,836.7230277257128,627.5422707942846,2452,871,0.5499425947187141,0.5714285714285714,-0.011604877184437418,-0.04411146757465642,-0.5020403624438312,-312.53770125000005,-0.021983834032839704,-0.05428781440607653,-0.6178625987402158,-381.0110210811454,-0.03199686486104053,-0.06425923707110533,-0.7313497447665287,-447.07020914724205
5,10,30,0,2,1.0,0.015,836.7230277257128,836.7230277257128,2195,766,0.5013054830287206,0.5,0.012520871948332445,0.0017827573454814152,0.020497165101743486,-16.899640499999975,0.0035203744565451764,-0.007075410927446857,-0.08134931186567737,-76.92766400932088,-0.005164753410867422,-0.015756117444142813,-0.18115545865804977,-134.85235764789098
5,10,30,0,2,1.3333333333333333,0.015,836.7230277257128,1115.6307036342835,1916,661,0.41603630862329805,0.4285714285714286,0.017133459936827435,-0.02613487366985444,-0.2982456104076034,-264.78213450000027,0.009360935632223061,-0.033831969167126504,-0.38608602499114075,-316.3489395208693,0.0018583454062877248,-0.041378948721172454,-0.4722111725495705,-366.12486715651505
5,10,30,0,2,2.0,0.015,836.7230277257128,1673.4460554514255,1571,527,0.3187855787476281,0.3333333333333333,-0.017694197277969382,-0.03177952971512423,-0.3515372339836547,-294.92805,-0.02409843691151602,-0.038113704896339994,-0.42160716364649115,-336.34299033193315,-0.030277043479696605,-0.04432114189234417,-0.49027275027779604,-376.29880663451274
5,10,30,0,2,0.2,0.025,1394.5383795428547,278.907675908571,2856,1061,0.8426013195098964,0.8333333333333334,-0.014826988628744493,0.02429661862055638,0.28177487764787146,247.9048280000003,-0.026757375764500123,0.012138116522403784,0.1407681202487153,164.40450205157657,-0.0382662568832926,0.00021771472182930117,0.002524880370510185,83.85428068946248
5,10,30,0,2,0.25,0.025,1394.5383795428547,348.6345948857137,2591,915,0.7923497267759563,0.8,-0.0035169993748871346,-0.019828270417039322,-0.23010145007034194,-86.627995,-0.014299172525493165,-0.03031178433437209,-0.35175864276383234,-158.7009957923016,-0.0246997643341543,-0.04058523498182062,-0.4709787789453194,-228.2233315214313
5,10,30,0,2,0.3333333333333333,0.025,1394.5383795428547,464.8461265142849,2263,794,0.7481108312342569,0.75,-0.01412074051406638,-0.005204123970185931,-0.059828862399699034,13.227254166666455,-0.02340771836295918,-0.014388851735707421,-0.16541952169888863,-49.51505695006206,-0.0323640058612539,-0.023387730455940565,-0.2688739349536436,-110.02324226202221
5,10,30,0,2,0.5,0.025,1394.5383795428547,697.2691897714274,1851,604,0.6589403973509934,0.6666666666666666,-0.02445245220202297,-0.01699147611707163,-0.18259738449205792,-202.03525125,-0.032019083676612936,-0.024454541884935236,-0.2628002406878196,-248.7128960823838,-0.039327875391149486,-0.031777713823721375,-0.34149856009068097,-293.7999582646338
5,10,30,0,2,0.75,0.025,1394.5383795428547,1045.9037846571412,1512,493,0.5578093306288032,0.5714285714285714,0.003526997832483593,-0.02797394569008997,-0.29995912524882556,-360.7682762499998,-0.0027054213899332627,-0.03407787718299605,-0.36541476599187916,-398.90489096566114,-0.008725042878451453,-0.040068360726554696,-0.42965031477600196,-435.73938127337686
5,10,30,0,2,1.0,0.025,1394.5383795428547,1394.5383795428547,1268,403,0.4987593052109181,0.5,-0.024079899822385786,-0.0029873552801702933,-0.030134629571290983,-198.3808775,-0.029470516383792153,-0.00828570139691911,-0.08358194867084703,-229.1732611356728,-0.03468172880608338,-0.013491056373501644,-0.1360909266830204,-258.9408489962181
5,10,30,0,2,1.3333333333333333,0.025,1394.5383795428547,1859.3845060571396,1071,326,0.4233128834355828,0.4285714285714286,-0.015481980681214098,-0.011059329003266831,-0.10407101468633208,-130.77670500000028,-0.020166589951408152,-0.015662544311360816,-0.1473888716295187,-156.2158366773344,-0.02468841998545588,-0.02017635913269745,-0.1898651168701364,-180.7710179152991
5,10,30,0,2,2.0,0.025,1394.5383795428547,2789.0767590857095,808,254,0.3110236220472441,0.3333333333333333,-0.011714980296686585,-0.048462334893853855,-0.42820733343216666,-305.36560249999997,-0.015542315211145038,-0.05227797980409226,-0.46192261777269245,-324.9028999385595,-0.019240485048292535,-0.056023497084010894,-0.49501760639575,-343.78085175137676
5,10,30,1,1,0.2,0.002,111.56307036342837,22.312614072685676,7489,3143,0.7674196627426026,0.8333333333333334,-0.2424371083934318,-0.16878972827076377,-0.5380240653997099,-299.09209147999997,-0.3689070151354027,-0.29933506171150465,-0.9540810537778407,-538.2800367504715,-0.49120370467830465,-0.427817928546511,-1.3635989641804813,-769.5753277704011
5,10,30,1,1,0.25,0.002,111.56307036342837,27.89076759085709,7456,3127,0.742244963223537,0.8,-0.20816054056516056,-0.14389390959701195,-0.4921098215552229,-280.01224405,-0.3269032014437682,-0.2649354741165401,-0.9060552195874347,-518.0391168607025,-0.44172563270678067,-0.38407115388331875,-1.3134884062972845,-748.207651402786
5,10,30,1,1,0.3333333333333333,0.002,111.56307036342837,37.187690121142786,7406,3092,0.6995472186287193,0.75,-0.17157977761574328,-0.12061748568648714,-0.4560259631410874,-261.29757200000006,-0.27934880392312555,-0.228915738986568,-0.8654674572959222,-497.33798715317016,-0.3835380275472329,-0.3354754209587966,-1.2683403109277915,-725.5377625559481
5,10,30,1,1,0.5,0.002,111.56307036342837,55.78153518171418,7310,3039,0.6347482724580454,0.6666666666666666,-0.1198765966307353,-0.07520626942324604,-0.33021732633556644,-179.55794830000002,-0.21206539132088342,-0.16689498497920582,-0.7327631315402027,-412.060298392461,-0.30117772993749226,-0.2570809374648308,-1.1287303379397018,-636.8037525208488
5,10,30,1,1,0.75,0.002,111.56307036342837,83.67230277257129,7204,2965,0.5527824620573356,0.5714285714285714,-0.06250091306718875,-0.04489574812160963,-0.23168625497328657,-144.41335679999997,-0.1398199416869355,-0.12101360146521568,-0.624506148409576,-371.61693446890445,-0.21455006088627937,-0.19587375006064162,-1.0108315077299168,-591.212947828264
5,10,30,1,1,1.0,0.002,111.56307036342837,111.56307036342837,7111,2909,0.48779649364042627,0.5,-0.02932146483395343,-0.030837131728976744,-0.17937676659694016,-128.0664354,-0.0967507456303507,-0.097101568105392,-0.5648657287431553,-351.4336647069259,-0.16191262341852652,-0.1622573945741835,-0.9438945551387278,-567.2898613929063
5,10,30,1,1,1.3333333333333333,0.002,111.56307036342837,148.75076048457115,6995,2838,0.4168428470754052,0.4285714285714286,-0.0062447265158920755,-0.029349024427606344,-0.19167313715124037,-115.79021553333345,-0.06464801686050549,-0.0869521843151654,-0.5678781728565635,-334.24393079629897,-0.12107733756917102,-0.143571710493073,-0.9376560378653751,-545.3141408107647
5,10,30,1,1,2.0,0.002,111.56307036342837,223.12614072685673,6789,2735,0.3246800731261426,0.3333333333333333,0.0009829137831816718,-0.0230022343429852,-0.17677942090076343,-122.74796860000004,-0.04662706509721471,-0.07020677768306594,-0.5395722819224925,-334.1325945446292,-0.09261435501435072,-0.11657444619367809,-0.895929738158962,-538.3126069273624
5,10,30,1,1,0.2,0.004,223.12614072685673,44.62522814537135,6947,2860,0.8003496503496503,0.8333333333333334,-0.08634930022046315,-0.08922313491184786,-0.48969796153821366,-293.06904887999997,-0.15668361453626226,-0.1582461411489502,-0.8685428615350377,-511.6017100358032,-0.22467700774998714,-0.22614092748151127,-1.241187221621437,-722.8609979744435
5,10,30,1,1,0.25,0.004,223.12614072685673,55.78153518171418,6831,2802,0.7765881513204854,0.8,-0.0749232230327291,-0.06235805314219807,-0.363966598033226,-210.18799860000001,-0.139053124097566,-0.12598166862556065,-0.7353117125948163,-425.25084671608056,-0.2010284145986617,-0.188532418852369,-1.100398949294848,-633.0880999579281
5,10,30,1,1,0.3333333333333333,0.004,223.12614072685673,74.37538024228557,6686,2706,0.7254249815225425,0.75,-0.041192609239343925,-0.060459671156284575,-0.38948073165281866,-241.1567525333334,-0.09837566752434415,-0.11611320768266399,-0.7480233741190482,-448.4264820704626,-0.15364572426218703,-0.1708428696465602,-1.1006022686623336,-648.7622118325672
5,10,30,1,1,0.5,0.004,223.12614072685673,111.56307036342837,6431,2561,0.6489652479500195,0.6666666666666666,-0.010404585826557436,-0.04155728786766404,-0.3048225375633313,-228.1325568,-0.057960785935110844,-0.08782991293218415,-0.6442788351018287,-424.9046007536349,-0.10391571083717413,-0.13331894390776225,-0.9779649211791959,-615.051090213973
5,10,30,1,1,0.75,0.004,223.12614072685673,167.34460554514257,6123,2388,0.5561139028475712,0.5714285714285714,0.010917752585035304,-0.03446581129950319,-0.2862947967240881,-200.3179492,-0.028112001513361802,-0.07260566563485901,-0.6031307529180665,-385.5788038471981,-0.06580131176125062,-0.11006170735407843,-0.9142757640671293,-564.4770313375437
5,10,30,1,1,1.0,0.004,223.12614072685673,223.12614072685673,5854,2266,0.4872021182700794,0.5,0.010715856786801871,-0.028761304231304546,-0.2606585170795436,-191.4777844,-0.02301701372458699,-0.06194354886974943,-0.561396267216222,-367.30596575987965,-0.055590930753934675,-0.09452084140645114,-0.8566452602077534,-537.0932534768893
5,10,30,1,1,1.3333333333333333,0.004,223.12614072685673,297.5015209691423,5571,2129,0.42649131047440114,0.4285714285714286,0.009492175361594957,-0.0069378059998678075,-0.0681963839313035,-44.36744813333348,-0.01967601365433914,-0.03568931098624301,-0.3508146452942056,-209.94828805187754,-0.047837400286550126,-0.0639098061149447,-0.6282131916662134,-369.8137513922668
5,10,30,1,1,2.0,0.004,223.12614072685673,446.25228145371346,5177,1933,0.33626487325400933,0.3333333333333333,0.0023953397825568455,0.003991479014123435,0.04375205581578219,48.31716200000001,-0.02142897125475601,-0.019431005520035696,-0.21298984312840114,-102.49812501218398,-0.0444257122035989,-0.042408187030376555,-0.4648505242637184,-248.07463637961575
5,10,30,1,1,0.2,0.008,446.25228145371346,89.2504562907427,5953,2349,0.8254576415495956,0.8333333333333334,-0.0051204637041945686,-0.024263695646007305,-0.20771263490741854,-267.03694096,-0.04272258653641399,-0.06062814997386776,-0.5190615320789521,-446.9129345730894,-0.07906748509168426,-0.09637740600578261,-0.8251250292268374,-620.7747872553657
5,10,30,1,1,0.25,0.008,446.25228145371346,111.56307036342837,5745,2228,0.7881508078994613,0.8,0.00390669420790867,-0.032128493123882364,-0.2925382895041986,-326.0227688,-0.029958816594672477,-0.06455833769973102,-0.5878724110140081,-496.69837136189085,-0.06269112716938478,-0.09643794523110558,-0.878170185235162,-661.6628646822206
5,10,30,1,1,0.3333333333333333,0.008,446.25228145371346,148.75076048457115,5396,2068,0.7316247582205029,0.75,0.018503847455270953,-0.04414126799719413,-0.4315395638560541,-391.8613229333335,-0.01106248593341783,-0.07220589184272698,-0.7059474024432837,-552.0599911641496,-0.03961641587282958,-0.09976590025896834,-0.9753979397365273,-706.7731741927824
5,10,30,1,1,0.5,0.008,446.25228145371346,223.12614072685673,4894,1846,0.6505958829902492,0.6666666666666666,0.02322615831176349,-0.03589042887725485,-0.3791592759920135,-308.9296596,-0.0008534704196421385,-0.05909803759573203,-0.6243431197180699,-452.95834801051495,-0.02409664573643866,-0.08186525454854444,-0.8648681157738372,-591.9839157514191
5,10,30,1,1,0.75,0.008,446.25228145371346,334.68921109028514,4358,1629,0.570902394106814,0.5714285714285714,-0.0007006944177885063,-0.0028688922332757148,-0.0323930166392698,-78.19134800000002,-0.020186701095656054,-0.022034701898090217,-0.24879899351069035,-205.537583074557,-0.03899320368241191,-0.04083255122044111,-0.46104992448297966,-328.44307822988105
5,10,30,1,1,1.0,0.008,446.25228145371346,446.25228145371346,3992,1473,0.49490835030549896,0.5,-0.004292840269628138,-0.011731320213485892,-0.13828143623843658,-116.63295199999996,-0.021174034757406285,-0.02834572259083631,-0.33412211015423365,-232.54113843207625,-0.03745897211309644,-0.044627941273103724,-0.5260469851218104,-344.35535610633974
5,10,30,1,1,1.3333333333333333,0.008,446.25228145371346,595.0030419382846,3649,1338,0.429745889387145,0.4285714285714286,-0.02103080180616423,0.0010333009856455947,0.012780467771435738,-81.82958720000013,-0.03569762287839132,-0.013353389714900564,-0.16516455083935183,-187.3714814674233,-0.04984396256693262,-0.027448202647150893,-0.33949956964900463,-289.16801122166305
5,10,30,1,1,2.0,0.008,446.25228145371346,892.5045629074269,3179,1118,0.31663685152057247,0.3333333333333333,-0.016792926670934682,-0.03698366683837945,-0.4618170799827886,-242.19095600000003,-0.028801482534660586,-0.04889273891667061,-0.6105176640546057,-330.524031819622,-0.04038254822315067,-0.060558590739938974,-0.7561877320883801,-415.7125561636317
5,10,30,1,1,0.2,0.015,836.7230277257128,167.34460554514257,4575,1683,0.8241235888294712,0.8333333333333334,0.033193746810976824,-0.02602918562792745,-0.3002840739519456,-287.83266899999984,0.01244173602988331,-0.04538939174955007,-0.5236486839033104,-417.7037044230464,-0.007605273772658193,-0.064396978534078,-0.7429355573387686,-543.1626754912387
5,10,30,1,1,0.25,0.015,836.7230277257128,209.1807569314282,4269,1548,0.791343669250646,0.8,0.03210108434116982,-0.022935301483555923,-0.2705889803755136,-228.03502500000008,0.013639890491739488,-0.04036885137480247,-0.47627445792176215,-348.54762613101417,-0.004182821031867789,-0.05746461785521958,-0.6779714751992951,-464.8922863103935
5,10,30,1,1,0.3333333333333333,0.015,836.7230277257128,278.90767590857087,3779,1384,0.7579479768786127,0.75,0.030375287751264867,0.017093195455636697,0.20272639373539358,2.3214784999996425,0.014495939372338621,0.0015864085092619,0.01881534252989764,-105.66823421766917,-0.0008317354572985882,-0.013617929341021111,-0.1615132568965281,-209.9062143906496
5,10,30,1,1,0.5,0.015,836.7230277257128,418.3615138628564,3222,1142,0.6716287215411558,0.6666666666666666,0.01624316482492461,0.009389230076656546,0.11334662246470434,-26.007942749999955,0.003433753220134519,-0.0031896793533437097,-0.03850641534021379,-115.63245989305727,-0.008925542413193308,-0.015515293264549012,-0.18730356891317523,-202.10761874821253
5,10,30,1,1,0.75,0.015,836.7230277257128,627.5422707942846,2672,940,0.5702127659574469,0.5714285714285714,-0.020293303711737962,-0.0034079575188312758,-0.04165063339774028,-161.11377825000008,-0.03065857096674648,-0.013634930566469645,-0.1666427586863407,-234.7884228006591,-0.040660541920996204,-0.023656202734258405,-0.2891202756378153,-305.88081595668666
5,10,30,1,1,1.0,0.015,836.7230277257128,836.7230277257128,2367,806,0.49379652605459057,0.5,-0.0061756688755669415,-0.013221760974010028,-0.15993838458170453,-119.65242599999999,-0.015180181345700204,-0.022085910973748638,-0.26716389734169177,-183.26363070518303,-0.02386482596933918,-0.030767537684832303,-0.3721818533660418,-244.61517070009472
5,10,30,1,1,1.3333333333333333,0.015,836.7230277257128,1115.6307036342835,2069,682,0.43255131964809385,0.4285714285714286,-0.027777687675491266,0.007310274775574491,0.08651426760891426,7.917366499999559,-0.035604185323303436,-0.00034971070797170566,-0.004138682366048335,-45.4423247300749,-0.043157311167505055,-0.007858323827772436,-0.09300002977126631,-96.93821484653806
5,10,30,1,1,2.0,0.015,836.7230277257128,1673.4460554514255,1665,541,0.33271719038817005,0.3333333333333333,-0.028811022985751066,-0.0018988870654267115,-0.021802122936697532,-143.59959300000008,-0.03523645756081258,-0.008155823269593835,-0.09364226856309626,-185.5863738013194,-0.04144104583409509,-0.014295162975298807,-0.16413198842559348,-226.13004205433498
5,10,30,1,1,0.2,0.025,1394.5383795428547,278.907675908571,3237,1136,0.8380281690140845,0.8333333333333334,0.013742609665774418,0.011590847266898616,0.14559710914960952,19.54533150000033,0.0015244971504474489,-0.00040872879491310064,-0.005134227518811985,-67.64484945311568,-0.010283131944547552,-0.012192029898867415,-0.15314960970697497,-151.9057625956682
5,10,30,1,1,0.25,0.025,1394.5383795428547,348.6345948857137,2877,992,0.8004032258064516,0.8,-0.0004888852080114366,4.102029098387653e-06,5.0852219486571815e-05,-61.99764187499997,-0.01128256813906687,-0.010623792247445632,-0.13170171980516032,-138.7986234090601,-0.021707093437675493,-0.021050046583189326,-0.2609545887582042,-212.97291406348276
5,10,30,1,1,0.3333333333333333,0.025,1394.5383795428547,464.8461265142849,2497,821,0.7344701583434835,0.75,-0.01060173443305224,-0.03599304628274722,-0.43526114989554554,-296.7341058333335,-0.019896597882618786,-0.045013567362174364,-0.5443443668951986,-360.5515722886427,-0.028870981604830995,-0.05385945413497776,-0.6513167513815384,-422.1686616904303
5,10,30,1,1,0.5,0.025,1394.5383795428547,697.2691897714274,1979,651,0.6344086021505376,0.6666666666666666,-0.029588656533287273,-0.06762351423586771,-0.7956578028715849,-521.843115,-0.03714557644726032,-0.07497304934684063,-0.8821323786221368,-572.4182502497025,-0.044442229006093646,-0.08218214719239456,-0.9669545738725717,-621.2515307706113
5,10,30,1,1,0.75,0.025,1394.5383795428547,1045.9037846571412,1595,517,0.5299806576402321,0.5714285714285714,-0.02878363127679134,-0.0835424482511178,-0.9440265141633674,-628.7834637499997,-0.034988996792080986,-0.0896156747682634,-1.012653517277488,-668.7231687578119,-0.04098306572857888,-0.09557699107838782,-1.0800161516007973,-707.3029018179104
5,10,30,1,1,1.0,0.025,1394.5383795428547,1394.5383795428547,1341,438,0.4885844748858447,0.5,-0.013091201842178445,-0.023315334326880988,-0.2555268537164542,-228.37604499999995,-0.01848628160311545,-0.028620376777032375,-0.31366971096236007,-262.3112285894906,-0.02369656590463085,-0.033827590380139466,-0.37073902205251374,-295.0840442215364
5,10,30,1,1,1.3333333333333333,0.025,1394.5383795428547,1859.3845060571396,1110,343,0.40233236151603496,0.4285714285714286,-0.010778394761364428,-0.0538751015350397,-0.5293641920033686,-320.0746925000002,-0.01545539182413738,-0.05850525398892898,-0.574860070456825,-346.50601881762447,-0.019973952017521085,-0.06305361957454966,-0.619551334621033,-372.0419636459376
5,10,30,1,1,2.0,0.025,1394.5383795428547,2789.0767590857095,853,258,0.34108527131782945,0.3333333333333333,-0.03896255771750808,0.01596186021890705,0.14670779446022977,43.48997500000016,-0.042832116127159536,0.012239577722560444,0.11249592367970615,23.47128872081366,-0.04656873674253849,0.008582132133086305,0.07887975413345089,4.140339830873096
5,10,30,1,2,0.2,0.002,111.56307036342837,22.312614072685676,3228,1329,0.781790820165538,0.8333333333333334,-0.25517036567848095,-0.137968841249455,-0.1818458186059167,-96.98217159999999,-0.38062189760456516,-0.2713334988041152,-0.3575896024405823,-197.29563232987203,-0.50200680102634,-0.40272643962055904,-0.5307519641730383,-294.3573385972288
5,10,30,1,2,0.25,0.002,111.56307036342837,27.89076759085709,3221,1318,0.7564491654021245,0.8,-0.22184550206855028,-0.11363835578463466,-0.1607914079451201,-86.12455635,-0.3396914778502072,-0.2368412324474054,-0.3350905914346783,-185.5636903844283,-0.45372108521955157,-0.35821896161189853,-0.5068197056283406,-281.782550094175
5,10,30,1,2,0.3333333333333333,0.002,111.56307036342837,37.187690121142786,3207,1312,0.7111280487804879,0.75,-0.16538286334885685,-0.09658561797346085,-0.15320780591402083,-88.71524633333337,-0.2733191920093118,-0.20595809566585493,-0.3267184036132762,-187.6977785128832,-0.37776037469194557,-0.3137205871407042,-0.4976657464221418,-283.4751025524543
5,10,30,1,2,0.5,0.002,111.56307036342837,55.78153518171418,3186,1295,0.6324324324324324,0.6666666666666666,-0.10051386150220659,-0.08000498964075273,-0.14992100849048384,-81.5918791,-0.193059546794301,-0.17143714652260528,-0.32124720478596985,-179.54194560522188,-0.28259161560620716,-0.2614830292635685,-0.48997952867124517,-274.3024097672982
5,10,30,1,2,0.75,0.002,111.56307036342837,83.67230277257129,3167,1278,0.5539906103286385,0.5714285714285714,-0.04909857509868636,-0.04255667029207893,-0.09467139435541858,-33.99184580000001,-0.1264430639183249,-0.11858867280947155,-0.2637760059586638,-130.7875754195885,-0.20126147047767148,-0.1934516844145179,-0.43029331092034856,-224.4219424237456
5,10,30,1,2,1.0,0.002,111.56307036342837,111.56307036342837,3143,1265,0.4901185770750988,0.5,-0.015821877410666773,-0.026256660547660918,-0.06644692368376186,-27.0083478,-0.0831731919049478,-0.09242666879351145,-0.23388626567895893,-123.03570260729222,-0.14831403321931638,-0.15756125010809155,-0.39870973264025117,-215.91143529802568
5,10,30,1,2,1.3333333333333333,0.002,111.56307036342837,148.75076048457115,3118,1256,0.42436305732484075,0.4285714285714286,0.012033823602868124,-0.014133571624979786,-0.040962971241560286,-7.763725466666713,-0.04616777264782665,-0.07151066858514263,-0.2072446506135226,-103.30246746013057,-0.10245079174644,-0.1279790927141476,-0.3708954604976196,-195.69183797007463
5,10,30,1,2,2.0,0.002,111.56307036342837,223.12614072685673,3063,1235,0.3384615384615385,0.3333333333333333,0.012100104709520039,0.006262826842218826,0.02196902097591171,27.128295799999982,-0.035265820161608334,-0.04034668403158014,-0.14152532657194816,-66.73489920588868,-0.0810731473538496,-0.08622095321363829,-0.30243993660925705,-157.50948234011744
5,10,30,1,2,0.2,0.004,223.12614072685673,44.62522814537135,3114,1268,0.8123028391167192,0.8333333333333334,-0.09050205531225909,-0.06077509702139283,-0.14448751750511024,-83.09669807999998,-0.1605721630380679,-0.1313661371266845,-0.31232235958966015,-179.52267609160472,-0.22833376889295912,-0.20085706737745482,-0.47753671224335037,-272.7718422233718
5,10,30,1,2,0.25,0.004,223.12614072685673,55.78153518171418,3084,1245,0.7767068273092369,0.8,-0.06352019371893593,-0.06212290107284252,-0.16111338431851163,-86.04340050000002,-0.12811902658835583,-0.12569252832312122,-0.3259789729409516,-181.03958014239004,-0.19057425878753706,-0.18824115029601177,-0.4881965352862547,-272.8834756752025
5,10,30,1,2,0.3333333333333333,0.004,223.12614072685673,74.37538024228557,3045,1220,0.728688524590164,0.75,-0.0377981929399578,-0.053345453641882916,-0.15440199169276858,-78.27632746666671,-0.09507690477963203,-0.10918456597777527,-0.3160115236851092,-171.61906786639366,-0.15044393079127866,-0.164106608790188,-0.4749717052604263,-261.8464799313829
5,10,30,1,2,0.5,0.004,223.12614072685673,111.56307036342837,2974,1188,0.6447811447811448,0.6666666666666666,-0.007755789974012961,-0.05017865912382558,-0.17125082990386478,-94.46666079999999,-0.05534822060384635,-0.09631323780086161,-0.3286931886376308,-185.654242554937,-0.10134149104286629,-0.14166981136777468,-0.4834839228273661,-273.7778170988693
5,10,30,1,2,0.75,0.004,223.12614072685673,167.34460554514257,2896,1155,0.5636363636363636,0.5714285714285714,0.020870377324632688,-0.01938108562520233,-0.0777446477353658,-51.466479699999994,-0.01820424167652606,-0.05756053367001394,-0.2308961556199191,-140.58964452072874,-0.05595151470828987,-0.09507671389499336,-0.3813871471932724,-226.68533839923276
5,10,30,1,2,1.0,0.004,223.12614072685673,223.12614072685673,2820,1127,0.49955634427684115,0.5,0.015103282962286906,-0.00408519628034595,-0.01842394273643587,-24.628062800000002,-0.01861028820848999,-0.0372119650307516,-0.16782594578670884,-111.41283989606475,-0.05118344032001817,-0.06977133078456822,-0.3146686708976779,-195.2619738544844
5,10,30,1,2,1.3333333333333333,0.004,223.12614072685673,297.5015209691423,2732,1086,0.42357274401473294,0.4285714285714286,0.013332769964769347,-0.01287780442235519,-0.06452582256055664,-66.87252173333343,-0.015797447717896124,-0.04161703975123018,-0.20853266234046053,-150.5115627250031,-0.04394200699628284,-0.06985643826197832,-0.3500332829886525,-231.32056912588033
5,10,30,1,2,2.0,0.004,223.12614072685673,446.25228145371346,2620,1020,0.3264705882352941,0.3333333333333333,-0.005371878584914743,-0.0168910795768423,-0.0969956705371561,-42.94565720000001,-0.029236520468291394,-0.040448461062578336,-0.23227192963837,-121.4839898093401,-0.05229404647044017,-0.06359222367475836,-0.36517306505379865,-197.3661109471685
5,10,30,1,2,0.2,0.008,446.25228145371346,89.2504562907427,2887,1128,0.8342198581560284,0.8333333333333334,-0.04564401428591435,-0.0011888011560393728,-0.004789633817951687,2.372142560000027,-0.08195534993183679,-0.038316616385455256,-0.15437131042360921,-84.67859444424059,-0.11703288806211716,-0.0747968977537605,-0.3013443307653778,-168.77149524829457
5,10,30,1,2,0.25,0.008,446.25228145371346,111.56307036342837,2829,1097,0.7912488605287147,0.8,-0.032140007651654846,-0.024665496200749485,-0.11001877610750443,-74.7517364,-0.06512143461508414,-0.0572737710213404,-0.25546500667969785,-159.14687410006124,-0.09698937795746604,-0.08931871425695148,-0.3983988748666844,-240.69275353033132
5,10,30,1,2,0.3333333333333333,0.008,446.25228145371346,148.75076048457115,2737,1057,0.7445600756859035,0.75,-0.017090595306382697,-0.015195006192357918,-0.07474882571542985,-51.76724453333341,-0.046049456064005234,-0.043702082932308095,-0.21498375453701699,-133.66248802424593,-0.07401636564381364,-0.07169834178927062,-0.3527058134920258,-212.75250779043682
5,10,30,1,2,0.5,0.008,446.25228145371346,223.12614072685673,2579,987,0.6534954407294833,0.6666666666666666,-0.018461820455739245,-0.02988714693997372,-0.16853212060818262,-83.36633319999999,-0.042170987191501724,-0.05310875839993866,-0.29947489662065807,-159.84520714660488,-0.06506787074880259,-0.07591487796832293,-0.428076289419706,-233.70389188509156
5,10,30,1,2,0.75,0.008,446.25228145371346,334.68921109028514,2411,902,0.5587583148558758,0.5714285714285714,-0.025489287178093643,-0.027329165008794846,-0.1714557082779393,-95.75255819999998,-0.04489574950804877,-0.04640285394523205,-0.2911189024841269,-165.57146570589646,-0.06363876124312436,-0.06513594067606884,-0.4086452006652225,-233.00346750321737
5,10,30,1,2,1.0,0.008,446.25228145371346,446.25228145371346,2285,829,0.48854041013269,0.5,-0.026252891684663316,-0.02449241111208131,-0.1624919888126771,-39.66220879999997,-0.043119857575348475,-0.04107575887834802,-0.27250728399040014,-103.93616508833895,-0.059408265825665246,-0.057357113309320654,-0.3805220303231369,-166.00544575639537
5,10,30,1,2,1.3333333333333333,0.008,446.25228145371346,595.0030419382846,2154,776,0.4252577319587629,0.4285714285714286,-0.030481149164040346,-0.008062812286454783,-0.057778266000415614,4.3205975999998465,-0.045151871429767794,-0.02244000002609467,-0.16080295823468138,-55.84159779875897,-0.05931941337043735,-0.03654974160895375,-0.261912057335048,-113.94033425605411
5,10,30,1,2,2.0,0.008,446.25228145371346,892.5045629074269,1971,683,0.3235724743777452,0.3333333333333333,-0.010646998561640296,-0.02197582128721156,-0.16865416496063101,-55.650002400000034,-0.022607838390888004,-0.03378541561880003,-0.2592840470029479,-108.39642139015331,-0.03416167650049351,-0.04538126838263554,-0.3482756896389657,-159.34799289965835
5,10,30,1,2,0.2,0.015,836.7230277257128,167.34460554514257,2481,931,0.8335123523093448,0.8333333333333334,-0.011729131961232913,-0.0014112703320067492,-0.008814802128645383,-15.67415069999992,-0.03164992084006846,-0.021187046714865498,-0.1323344769542377,-87.50134990512555,-0.05089423189759767,-0.040608226985108464,-0.2536393368285167,-156.88941341515599
5,10,30,1,2,0.25,0.015,836.7230277257128,209.1807569314282,2356,878,0.7904328018223234,0.8,-0.02514050807983832,-0.02515384798014633,-0.16863455142033013,-68.02433024999999,-0.04280871149302099,-0.04253101667092144,-0.2851301511985188,-135.83003660352813,-0.0598757054003373,-0.05959520577741033,-0.3995293638404272,-201.32846619221522
5,10,30,1,2,0.3333333333333333,0.015,836.7230277257128,278.90767590857087,2205,817,0.7417380660954712,0.75,-0.014447180087838529,-0.020306209372634845,-0.1453139522348738,-53.86460300000018,-0.029905074613836652,-0.03546130050016169,-0.2537629083475965,-117.16200411441942,-0.04483352651948127,-0.05033698955470922,-0.3602141119107393,-178.29142938638327
5,10,30,1,2,0.5,0.015,836.7230277257128,418.3615138628564,1977,707,0.652050919377652,0.6666666666666666,-0.007398703052942201,-0.03183281232170354,-0.24136938715145712,-126.723066,-0.020092745167993118,-0.044217117585365895,-0.3352727982885561,-181.85005787450268,-0.03234638372828183,-0.056366103892426,-0.427391526463761,-235.06448927655387
5,10,30,1,2,0.75,0.015,836.7230277257128,627.5422707942846,1746,615,0.5479674796747968,0.5714285714285714,-0.016636761375737358,-0.04806369352119552,-0.38649050301063326,-199.33800637500005,-0.026996213050789006,-0.05821894149589345,-0.4681492516937229,-246.92011939111674,-0.03700183321836317,-0.06818408613912924,-0.5482808186353791,-292.8770449643494
5,10,30,1,2,1.0,0.015,836.7230277257128,836.7230277257128,1599,540,0.48703703703703705,0.5,-0.01382785527792684,-0.0267515211165879,-0.21681487434799865,-146.48088000000007,-0.02281901392400996,-0.03559587278310452,-0.28849690392619554,-188.23896107667588,-0.03150339501593847,-0.04427709290782061,-0.35885632855789407,-228.5722600442657
5,10,30,1,2,1.3333333333333333,0.015,836.7230277257128,1115.6307036342835,1460,481,0.4074844074844075,0.4285714285714286,0.0011808498223287926,-0.04359468569194639,-0.36099228289047625,-265.1168885000003,-0.0066091749303539464,-0.051314150338204585,-0.42492039034907514,-302.7379567243843,-0.014127278043058845,-0.05888253446772245,-0.48759239636360563,-339.04580927948916
5,10,30,1,2,2.0,0.015,836.7230277257128,1673.4460554514255,1228,416,0.3269230769230769,0.3333333333333333,-0.006251721634238994,-0.014231202617928112,-0.12511833868349684,-145.301256,-0.0126315693327752,-0.020526999990977783,-0.18047168895055085,-178.20104809808132,-0.01878388407206825,-0.026692073362157856,-0.23467450496311792,-209.9274913313804
5,10,30,1,2,0.2,0.025,1394.5383795428547,278.907675908571,1977,707,0.8231966053748232,0.8333333333333334,0.0010971396749584826,-0.02765785525306595,-0.22395811816357242,-85.03146599999975,-0.010983201735297637,-0.03924385012485553,-0.3177727982885564,-139.43495375714565,-0.022655511912931973,-0.05062019694141748,-0.40989152646376004,-192.00088399711564
5,10,30,1,2,0.25,0.025,1394.5383795428547,348.6345948857137,1828,647,0.7851622874806801,0.8,-0.0027430149228453186,-0.037074133926154815,-0.30810434175023393,-132.28471500000006,-0.01352074965826783,-0.047416248096127066,-0.3940509200745349,-182.5953246165783,-0.023926603632010154,-0.05756021073257864,-0.47835193440177226,-231.16998987341
5,10,30,1,2,0.3333333333333333,0.025,1394.5383795428547,464.8461265142849,1660,571,0.7390542907180385,0.75,-0.0007220840858522506,-0.02575838608043419,-0.2154889632857984,-108.01066583333353,-0.01006812353125654,-0.034824607344346975,-0.29133654100344086,-152.35388259619168,-0.019092522499222175,-0.043717763055757794,-0.365735117789921,-195.1710440182732
5,10,30,1,2,0.5,0.025,1394.5383795428547,697.2691897714274,1412,472,0.6567796610169492,0.6666666666666666,0.02620336067792117,-0.021498792310619224,-0.1808609055447272,-70.85677500000011,0.01849292368144738,-0.028958009297627593,-0.24361210861697163,-107.80822405091696,0.011052122464017019,-0.03626839599571035,-0.30511145755430696,-143.4674723152659
5,10,30,1,2,0.75,0.025,1394.5383795428547,1045.9037846571412,1187,384,0.5442708333333334,0.5714285714285714,0.021225265724692407,-0.055032195948430215,-0.4610559615372257,-219.1570749999998,0.014974534400597402,-0.061121344733434564,-0.5120700205697396,-248.96201133209019,0.008938686265072512,-0.06709339279167156,-0.5621033891967235,-277.74233479536616
5,10,30,1,2,1.0,0.025,1394.5383795428547,1394.5383795428547,1038,328,0.4603658536585366,0.5,0.03233628688725558,-0.07990442559990404,-0.6541381139230257,-508.8748375,0.026942189971887995,-0.08522124378892336,-0.6976796009033197,-534.1015453729103,0.021730095046567293,-0.09044152870112387,-0.7404164366055352,-558.4770799897157
5,10,30,1,2,1.3333333333333333,0.025,1394.5383795428547,1859.3845060571396,888,290,0.4241379310344828,0.4285714285714286,0.041339873429200466,-0.009386528180903886,-0.07861013234927577,-80.20298166666683,0.0366902203617575,-0.013988976034018885,-0.11715574470110551,-102.84914724406357,0.032202362010850964,-0.018500765797624972,-0.15494136163294323,-124.70729059978333
5,10,30,1,2,2.0,0.025,1394.5383795428547,2789.0767590857095,705,213,0.3333333333333333,0.3333333333333333,0.02356164210536685,-0.00035662562955009083,-0.0026919661251411653,81.20063249999994,0.01978404635038524,-0.004101869979681503,-0.030962667659777537,64.9812583256357,0.01613126211688607,-0.00777851450002808,-0.05871555182005814,49.2977712338226
5,20,50,0,1,0.2,0.002,111.56307036342837,22.312614072685676,5902,2531,0.7593836428289213,0.8333333333333334,-0.26144671447320883,-0.1857132928010944,-0.48228670013842606,-271.06918540000004,-0.38649478093631345,-0.3146315940218163,-0.8171178959948185,-462.857231232441,-0.5074545886203365,-0.4416124566234166,-1.1468951251482018,-648.3750548673343
5,20,50,0,1,0.25,0.002,111.56307036342837,27.89076759085709,5891,2521,0.7294724315747719,0.8,-0.22640077865981623,-0.17049674478484186,-0.47743256621265984,-266.7144545,-0.3440348034163486,-0.2895959581773509,-0.8109642496258149,-457.88223530427814,-0.45781695575557285,-0.40689437544240803,-1.1394385264712037,-642.7903144322594
5,20,50,0,1,0.3333333333333333,0.002,111.56307036342837,37.187690121142786,5872,2514,0.6909307875894988,0.75,-0.18275310767254074,-0.13838658387955385,-0.4287926571622742,-238.3655471333334,-0.290012425103888,-0.24573893057993246,-0.7614466971675126,-429.2330731361726,-0.3937503963692927,-0.3514518945204144,-1.0890089073973055,-613.8343777329019
5,20,50,0,1,0.5,0.002,111.56307036342837,55.78153518171418,5832,2484,0.6256038647342995,0.6666666666666666,-0.12769816658963454,-0.09377442832575165,-0.33827273906333577,-179.2274771,-0.219690138910972,-0.1849294153192815,-0.6670857580605013,-368.44970225438567,-0.3086402185167302,-0.27465255011830064,-0.9907391113663111,-551.414928088089
5,20,50,0,1,0.75,0.002,111.56307036342837,83.67230277257129,5784,2452,0.5513866231647635,0.5714285714285714,-0.0733884852928422,-0.04773061060320042,-0.20376613302743912,-110.97257425000001,-0.1506159949404949,-0.12377972585191442,-0.5284340896796897,-298.150923596213,-0.22527835753881742,-0.1986152276888137,-0.8479179955999175,-479.1120584716429
5,20,50,0,1,1.0,0.002,111.56307036342837,111.56307036342837,5742,2413,0.4720265230004144,0.5,-0.06180809561839375,-0.06249762019757834,-0.3011958178342323,-177.25580200000002,-0.12930341845947477,-0.12880435707376126,-0.6207648688405756,-361.74957505621444,-0.1945493127312952,-0.1940406486010548,-0.9351672607596253,-540.0946914871323
5,20,50,0,1,1.3333333333333333,0.002,111.56307036342837,148.75076048457115,5696,2382,0.40973971452560876,0.4285714285714286,-0.03243321060729241,-0.04390037594200121,-0.24003697948174868,-143.9117964000001,-0.0910591420498218,-0.10161091759787753,-0.555591898429998,-326.41181236386757,-0.14772273062018715,-0.15837253285939065,-0.8659551381942647,-502.80313893577886
5,20,50,0,1,2.0,0.002,111.56307036342837,223.12614072685673,5602,2331,0.3268983268983269,0.3333333333333333,-0.012977191836243018,-0.01827423835809594,-0.1199160388511795,-62.608172,-0.06080410055289231,-0.06535321166092574,-0.42884496861474597,-241.790680112955,-0.10701908138390244,-0.11163790694967252,-0.7325631516082415,-414.934134287525
5,20,50,0,1,0.2,0.004,223.12614072685673,44.62522814537135,5654,2374,0.8058129738837405,0.8333333333333334,-0.09181808490012797,-0.07639105229180886,-0.3443888182428636,-217.42728135999997,-0.16182820437695683,-0.1460979495593597,-0.6586956480014614,-398.27380932217426,-0.22952320230507106,-0.2147049703538887,-0.9680165259193326,-573.1400347648816
5,20,50,0,1,0.25,0.004,223.12614072685673,55.78153518171418,5600,2343,0.7780623132735809,0.8,-0.07307836018389623,-0.05900845573712933,-0.28730788489307685,-181.5809992,-0.137264799576542,-0.12272841782435043,-0.5975893442575497,-360.5069029459694,-0.19931753117965648,-0.1854248891614358,-0.9028710700206384,-533.484889995138
5,20,50,0,1,0.3333333333333333,0.004,223.12614072685673,74.37538024228557,5529,2295,0.7372549019607844,0.75,-0.03477380031606489,-0.03443687451015286,-0.1855441467236273,-133.97080173333342,-0.09215905078233112,-0.09086564454265682,-0.48961184168633254,-309.89103718506675,-0.14762152134183074,-0.14636130289695048,-0.788639396371048,-479.9167981651919
5,20,50,0,1,0.5,0.004,223.12614072685673,111.56307036342837,5382,2194,0.6490428441203282,0.6666666666666666,-0.026766809484616835,-0.04140193023888377,-0.26015847493800875,-193.36238379999998,-0.07405560300580315,-0.08766895481536736,-0.5509300133593956,-361.7547231577326,-0.11975569486508185,-0.13315880843674247,-0.8367977497333681,-524.4897985112503
5,20,50,0,1,0.75,0.004,223.12614072685673,167.34460554514257,5200,2087,0.562050790608529,0.5714285714285714,0.004984797983784808,-0.02254723631982088,-0.16345191371661372,-160.3117813,-0.034006157455925896,-0.06074344561157136,-0.4403759972110573,-322.08886419167567,-0.07166021057225234,-0.09825169130555517,-0.7123021438894885,-478.3190156078553
5,20,50,0,1,1.0,0.004,223.12614072685673,223.12614072685673,5050,2016,0.49702380952380953,0.5,0.002938696894004043,-0.009113023371414682,-0.0735020021525161,-79.41050200000004,-0.03079402878984164,-0.04228379848894501,-0.3410551079911315,-236.0206281992743,-0.06336511185588617,-0.07485010329622596,-0.6037302932828026,-387.2376237432509
5,20,50,0,1,1.3333333333333333,0.004,223.12614072685673,297.5015209691423,4886,1932,0.42598343685300205,0.4285714285714286,-0.006804967718041839,-0.007965357628626183,-0.07104074852377289,-82.83153693333344,-0.03604204986549681,-0.03672072034516463,-0.32751114515816737,-233.25543022951496,-0.0642677403184026,-0.06494486245402645,-0.5792415310626855,-378.47574419537176
5,20,50,0,1,2.0,0.004,223.12614072685673,446.25228145371346,4617,1804,0.3303769401330377,0.3333333333333333,-0.021741595049829917,-0.008500221571821091,-0.08657360732656175,-77.7410376,-0.0457787673106654,-0.0320314087941079,-0.32623780496825433,-218.8641633235587,-0.06897660095528162,-0.055109867781797495,-0.5612904013304438,-355.0595010454337
5,20,50,0,1,0.2,0.008,446.25228145371346,89.2504562907427,4985,1988,0.8345070422535211,0.8333333333333334,-0.01995309419443989,-0.0004362554461003766,-0.003094679523228172,-49.271253119999955,-0.05707057116554443,-0.03757802160726614,-0.26658489815792136,-201.93909293537396,-0.09293958966511219,-0.07409066437093983,-0.5256118169872083,-349.4719000518092
5,20,50,0,1,0.25,0.008,446.25228145371346,111.56307036342837,4841,1883,0.7950079660116834,0.8,-0.021327219158871362,-0.01552263729307261,-0.11801970767432633,-137.44217980000002,-0.05457706494981234,-0.04836144307671315,-0.36772161128338293,-282.6660386236655,-0.08669860887559219,-0.08062846889334457,-0.6130675308787301,-422.96186404209686
5,20,50,0,1,0.3333333333333333,0.008,446.25228145371346,148.75076048457115,4636,1777,0.7433877321328081,0.75,-0.0012636232589549115,-0.017847935189418018,-0.14779554705694098,-122.94705653333341,-0.030490348147312916,-0.046328284547730546,-0.3836462931052783,-260.8067600929018,-0.05871330325403623,-0.07428789783860966,-0.6151809182358844,-393.93177630495506
5,20,50,0,1,0.5,0.008,446.25228145371346,223.12614072685673,4302,1629,0.6660527931246163,0.6666666666666666,0.005074644669612701,-0.003527345723107834,-0.03252857001108958,-61.36237239999998,-0.018837966753964697,-0.02697861883367962,-0.24879899351069107,-188.03804533239716,-0.04192542044471569,-0.04999413382027444,-0.4610499244829797,-310.3424930050516
5,20,50,0,1,0.75,0.008,446.25228145371346,334.68921109028514,3930,1440,0.5597222222222222,0.5714285714285714,-0.003917969420456347,-0.02537326899624019,-0.25402270814082034,-99.43558239999999,-0.023394474791437036,-0.04448218553418118,-0.4453250771365218,-211.9857729702087,-0.04219205819217183,-0.06322349694153886,-0.6329502094877166,-320.6126315217615
5,20,50,0,1,1.0,0.008,446.25228145371346,446.25228145371346,3625,1333,0.49287321830457614,0.5,-0.024195183717728663,-0.015808928345050908,-0.16863359962328892,-78.4519008,-0.04107223402755535,-0.0324152716039303,-0.34577106098818294,-182.62229613958382,-0.057361161564870165,-0.048697719279643316,-0.5194546036438378,-283.16261509756777
5,20,50,0,1,1.3333333333333333,0.008,446.25228145371346,595.0030419382846,3378,1204,0.42524916943521596,0.4285714285714286,-0.04372040495026761,-0.008061274935721527,-0.08960600898333812,-58.05405733333356,-0.058439552494348075,-0.02246251716987094,-0.24968568949470318,-152.48499785732784,-0.07264211095866939,-0.03657553130916303,-0.4065611473772307,-243.6017523851566
5,20,50,0,1,2.0,0.008,446.25228145371346,892.5045629074269,2985,1038,0.3236994219653179,0.3333333333333333,-0.03327981545597016,-0.02167903155453089,-0.2528133647796994,-107.80589280000004,-0.045359998902151324,-0.03351923906137894,-0.3908884931025767,-189.51538592032932,-0.057013189385612,-0.04511681267975573,-0.5261349426723958,-268.33672931137005
5,20,50,0,1,0.2,0.015,836.7230277257128,167.34460554514257,3917,1462,0.8207934336525308,0.8333333333333334,0.0024436334944299663,-0.03452072875994072,-0.34852562238924517,-226.28197829999988,-0.01773503146171914,-0.053734830322771786,-0.5425230991483303,-339.29300143021516,-0.03722576234680996,-0.07260229475675276,-0.7330147265771121,-448.451235816211
5,20,50,0,1,0.25,0.015,836.7230277257128,209.1807569314282,3681,1379,0.7918781725888325,0.8,0.01037914324145206,-0.021662294620301538,-0.227460673459159,-159.99688162499996,-0.007768191553960367,-0.039089263289256826,-0.4104578342856007,-266.8361139867702,-0.025293960960896186,-0.0562005127087653,-0.5901349575580286,-370.0159897699499
5,20,50,0,1,0.3333333333333333,0.015,836.7230277257128,278.90767590857087,3366,1227,0.7457212713936431,0.75,0.022086758749411753,-0.011258216573054196,-0.12035413815292068,-80.99899550000032,0.006283679288593461,-0.026506192687483287,-0.2833624094767454,-177.0268823279701,-0.008967104478543033,-0.041460909594904526,-0.4432346576676589,-269.6987277907145
5,20,50,0,1,0.5,0.015,836.7230277257128,418.3615138628564,2867,1017,0.6499508357915438,0.6666666666666666,0.0010033233077225842,-0.03618421587556098,-0.39512721986845,-274.2879577499999,-0.011738185559023282,-0.0485656387213771,-0.5303358357276684,-354.3747099710879,-0.024028996090136746,-0.060700298462215085,-0.6628460854506999,-431.62859786584335
5,20,50,0,1,0.75,0.015,836.7230277257128,627.5422707942846,2442,863,0.5735805330243338,0.5714285714285714,-0.016837284324621782,0.003386293500934573,0.03795982772882717,-111.740987625,-0.027201961481246435,-0.006842045845133919,-0.07669968164501281,-178.92957800867896,-0.0372081368938361,-0.01687275721061206,-0.18914446582493039,-243.79419568507433
5,20,50,0,1,1.0,0.015,836.7230277257128,836.7230277257128,2157,732,0.49453551912568305,0.5,-0.004863721277951239,-0.011754351729335656,-0.12914101420496837,-234.964668,-0.013860344231780394,-0.020607078785792505,-0.226406914211065,-292.0489057571135,-0.022544754788563125,-0.02928801062996599,-0.3217830231562564,-347.1521327732879
5,20,50,0,1,1.3333333333333333,0.015,836.7230277257128,1115.6307036342835,1900,623,0.41412520064205455,0.4285714285714286,0.02982074961511097,-0.030023635536037985,-0.32272124594542095,-377.8089965000003,0.022053575207147114,-0.037729780296982526,-0.4055621687889268,-426.9877610495534,0.01456242548782496,-0.04528145728934525,-0.4867360975769779,-474.4188433069907
5,20,50,0,1,2.0,0.015,836.7230277257128,1673.4460554514255,1549,505,0.35445544554455444,0.3333333333333333,0.023509405842787764,0.043541099344830504,0.4737745152086022,129.99228300000001,0.017194480187529282,0.03736623663195364,0.40659085836531667,90.08910225862736,0.011104392537539807,0.031319213255558156,0.34079176681159956,51.60664316174612
5,20,50,0,1,0.2,0.025,1394.5383795428547,278.907675908571,2859,1040,0.8201923076923077,0.8333333333333334,0.000478340925520946,-0.03529352889942011,-0.42307487512653014,-272.41698099999974,-0.011606608381184096,-0.04681403909536321,-0.5611792223763772,-353.416194459736,-0.02327324105801063,-0.05811814947005755,-0.6966862624077942,-431.6116462207381
5,20,50,0,1,0.25,0.025,1394.5383795428547,348.6345948857137,2608,908,0.7665198237885462,0.8,-0.00692602661270386,-0.08003420281496948,-0.9612631741910094,-485.1598068750001,-0.017679902500650355,-0.09008693927077725,-1.0819910903055296,-556.5944950031474,-0.02805409203479966,-0.09993730862568177,-1.2002991598714208,-625.5070435276178
5,20,50,0,1,0.3333333333333333,0.025,1394.5383795428547,464.8461265142849,2224,790,0.7278481012658228,0.75,-0.022235673165322493,-0.050566514865812436,-0.5930200839684048,-296.8303908333336,-0.03148386363879473,-0.05953263569246179,-0.6981713964846207,-359.5804414327055,-0.04039949679974243,-0.06830968764832362,-0.8011046288161778,-420.07405189408934
5,20,50,0,1,0.5,0.025,1394.5383795428547,697.2691897714274,1829,627,0.6443381180223285,0.6666666666666666,-0.02853331345220029,-0.047300743207013204,-0.5328245863869179,-393.53483499999993,-0.03609140416149772,-0.05469668116270911,-0.6161436273365279,-442.13201592249953,-0.04339040844691288,-0.06194896970417301,-0.6978387370477764,-489.0633171539181
5,20,50,0,1,0.75,0.025,1394.5383795428547,1045.9037846571412,1466,495,0.5555555555555556,0.5714285714285714,0.0012926085946747166,-0.032487347438730885,-0.3499454301005189,-357.2396812499997,-0.004941469981386249,-0.03859143215576198,-0.4157054952656799,-395.85615215809827,-0.010959044939975075,-0.04457884009324693,-0.4802016345114015,-433.13150977357355
5,20,50,0,1,1.0,0.025,1394.5383795428547,1394.5383795428547,1240,408,0.5073529411764706,0.5,0.007645622876195952,0.014188051833088319,0.14487765221165047,-53.125704999999975,0.002249096377710494,0.00888135440098117,0.0906912281446512,-84.88959994639232,-0.0029607803130386463,0.0036753731476032235,0.03753077397848066,-115.55487620049026
5,20,50,0,1,1.3333333333333333,0.025,1394.5383795428547,1859.3845060571396,1026,335,0.4626865671641791,0.4285714285714286,0.002172476465124612,0.06789224900961832,0.6624975873366334,300.0559958333332,-0.002501214459622632,0.06332846837542508,0.6179695133050447,273.78687928202544,-0.007010939990775158,0.05885540284299787,0.5743206109872319,248.43935256283817
5,20,50,0,1,2.0,0.025,1394.5383795428547,2789.0767590857095,803,232,0.34913793103448276,0.3333333333333333,-0.03144996382361087,0.03273835886707124,0.2721344436479318,99.61561749999991,-0.03531400639198564,0.02902570673155628,0.24127540423911553,81.22468165198707,-0.039039626484207134,0.025389184428943116,0.21104691069364565,63.49256848354058
5,20,50,0,2,0.2,0.002,111.56307036342837,22.312614072685676,3583,1498,0.7817089452603472,0.8333333333333334,-0.25251044551007273,-0.13831357224743135,-0.20548065850524191,-109.55844399999998,-0.37805051151339564,-0.27150647599240507,-0.40335622607674365,-221.24890450256288,-0.4996315319210185,-0.4028872332624592,-0.5985384818143051,-329.4170821211685
5,20,50,0,2,0.25,0.002,111.56307036342837,27.89076759085709,3579,1491,0.7578806170355467,0.8,-0.20957646744785471,-0.11068642846327056,-0.17678868640408824,-95.76031365,-0.3280522327311156,-0.23398581028740212,-0.37373867361844104,-206.9102983141595,-0.4427931597988412,-0.35561215196698315,-0.5680088627404065,-314.5563831774832
5,20,50,0,2,0.3333333333333333,0.002,111.56307036342837,37.187690121142786,3572,1488,0.7163978494623656,0.75,-0.15702607843398944,-0.08555660521958228,-0.1530704574794742,-81.53368853333336,-0.26524551671827984,-0.19541886817017418,-0.34963591304107344,-192.52137467641728,-0.370049122888344,-0.30378209009519686,-0.5435152164706405,-300.005851889371
5,20,50,0,2,0.5,0.002,111.56307036342837,55.78153518171418,3554,1476,0.6497289972899729,0.6666666666666666,-0.09590017756940071,-0.04473747671971822,-0.09453323493453777,-47.414694499999996,-0.18847823844369732,-0.13702912226845632,-0.28955820406493554,-157.72564699573718,-0.2781209593436952,-0.22803970152911832,-0.4818739647249094,-264.53900896726395
5,20,50,0,2,0.75,0.002,111.56307036342837,83.67230277257129,3532,1465,0.5645051194539249,0.5714285714285714,-0.04506070467316201,-0.02155520283575159,-0.05482360209988729,-9.479405149999987,-0.1223812292412038,-0.09769574699652991,-0.24845919305903164,-119.31740322372562,-0.19723249281647448,-0.17275197445323714,-0.4393417061802118,-225.64768215453665
5,20,50,0,2,1.0,0.002,111.56307036342837,111.56307036342837,3509,1448,0.4951657458563536,0.5,-0.026756712967689618,-0.01624258496519315,-0.04705527269164099,-10.475540199999994,-0.09406401425603715,-0.08232623378754006,-0.23848799423172537,-119.14252411032166,-0.15921722977447875,-0.1474543937414885,-0.42715548842931517,-224.33175747621047
5,20,50,0,2,1.3333333333333333,0.002,111.56307036342837,148.75076048457115,3493,1435,0.41602787456445994,0.4285714285714286,-0.00813236602396683,-0.031153601380606525,-0.10287414210606678,-30.45569786666672,-0.06643996556300487,-0.08861442004215576,-0.2925982539520209,-138.1857751876609,-0.12288000266665515,-0.14524005564759884,-0.4795719101492178,-242.46531351962648
5,20,50,0,2,2.0,0.002,111.56307036342837,223.12614072685673,3454,1412,0.3293201133144476,0.3333333333333333,-0.0070818925329993836,-0.013188851308071098,-0.052533385282065755,-2.0695624000000095,-0.05472549080288739,-0.060069528604730464,-0.23925486730331244,-108.2055939212282,-0.10083882384260891,-0.10626045350702822,-0.42323173319212226,-210.93264113810642
5,20,50,0,2,0.2,0.004,223.12614072685673,44.62522814537135,3469,1430,0.8272727272727273,0.8333333333333334,-0.063026861051399,-0.023297748976914032,-0.060463689145422106,-46.71790287999998,-0.13461378704742438,-0.09611403881556264,-0.24947143076751893,-153.751723807748,-0.2039231952564004,-0.1678985200676899,-0.43579361081071843,-257.38029401985074
5,20,50,0,2,0.25,0.004,223.12614072685673,55.78153518171418,3448,1415,0.7964664310954064,0.8,-0.04154001519537786,-0.015325721053938401,-0.043667039499287484,-39.125100800000006,-0.10705512131773183,-0.08095596559624994,-0.23069096121401325,-145.0045602861681,-0.17048728909934044,-0.145655810252147,-0.4150587127952212,-247.51776733508498
5,20,50,0,2,0.3333333333333333,0.004,223.12614072685673,74.37538024228557,3415,1387,0.7469358327325162,0.75,-0.017527191842794335,-0.012684646719104532,-0.04080792750027362,-30.09981120000007,-0.07539327445421905,-0.06971337879558612,-0.22428741804746982,-134.63025242927023,-0.13138991967011712,-0.12588490206473976,-0.40500690316629345,-235.78370480797136
5,20,50,0,2,0.5,0.004,223.12614072685673,111.56307036342837,3346,1346,0.6760772659732541,0.6666666666666666,-0.00862929422718049,0.015464185514081435,0.058463086723996,23.704891400000008,-0.05615057184594756,-0.03165011757344891,-0.11966080126788815,-77.88578743484447,-0.10213160116153565,-0.0780371938647136,-0.29503818192393505,-176.18373344483794
5,20,50,0,2,0.75,0.004,223.12614072685673,167.34460554514257,3284,1296,0.5740740740740741,0.5714285714285714,0.00827671335117402,0.0016061637933962735,0.0072076332113932065,-6.06318620000004,-0.03067115671091654,-0.03663199069805697,-0.16439256942287028,-104.37960247826649,-0.06834255711582449,-0.0742600532949605,-0.3332551885389446,-199.47381631049274
5,20,50,0,2,1.0,0.004,223.12614072685673,223.12614072685673,3214,1253,0.5131683958499601,0.5,-0.002035478630270515,0.023107409170384383,0.11582026270711587,88.90743159999998,-0.035713331407217046,-0.010003844630710423,-0.050141890036154525,-6.360641634318132,-0.0682820775314337,-0.04257594980779262,-0.21340181422785315,-98.4912685915009
5,20,50,0,2,1.3333333333333333,0.004,223.12614072685673,297.5015209691423,3134,1216,0.43667763157894735,0.4285714285714286,-0.006259427605548062,0.013558903564236236,0.07635545356219792,87.98362839999994,-0.035448025650951766,-0.015052214182938402,-0.08476339847084102,-4.728622447520735,-0.06366962968825757,-0.043187680855700655,-0.24320239912296016,-94.36939343474236
5,20,50,0,2,2.0,0.004,223.12614072685673,446.25228145371346,2989,1143,0.34120734908136485,0.3333333333333333,-0.012088711335279851,0.01434719502402981,0.09334132337080216,95.091432,-0.03599513575987891,-0.008938443756119609,-0.05815177997711453,7.911985032300009,-0.059108922259618356,-0.031829912003500375,-0.20707922878087437,-76.37695289450059
5,20,50,0,2,0.2,0.008,446.25228145371346,89.2504562907427,3182,1275,0.8258823529411765,0.8333333333333334,-0.00856302223967957,-0.023218650450594167,-0.10780815120993584,-65.16701567999996,-0.046015100662947374,-0.05955600204262707,-0.2765399120479626,-161.63196420741116,-0.08224684370518613,-0.09533320791524616,-0.44266633131724886,-254.95370694563437
5,20,50,0,2,0.25,0.008,446.25228145371346,111.56307036342837,3099,1233,0.805352798053528,0.8,-0.017153089471878123,0.010247404954934711,0.050044653686906526,31.800889400000017,-0.050467757702538286,-0.023185833372715917,-0.1132345972981472,-61.882453416253256,-0.08268689207681634,-0.056081232989246485,-0.2738886168738577,-152.48507295699125
5,20,50,0,2,0.3333333333333333,0.008,446.25228145371346,148.75076048457115,3017,1171,0.7386848847139197,0.75,-0.008197329202582992,-0.028489085338483836,-0.1564097990409586,-48.7491981333334,-0.037271718309517685,-0.05674821018936948,-0.3115553231436584,-138.10577330711175,-0.06538116913121562,-0.08453909712511984,-0.4641310384098033,-224.49672880421528
5,20,50,0,2,0.5,0.008,446.25228145371346,223.12614072685673,2853,1090,0.6697247706422018,0.6666666666666666,0.004082291889079751,0.004226814878246791,0.026014019653949852,52.98133480000001,-0.019787305075535472,-0.01924564609356503,-0.11844745422139547,-30.158736791054572,-0.04286542309083363,-0.042321712595632326,-0.2604692557927857,-110.54201208569148
5,20,50,0,2,0.75,0.008,446.25228145371346,334.68921109028514,2666,1004,0.5747011952191236,0.5714285714285714,-0.013195208656134435,0.0047714903608911015,0.03317447274612334,70.63094419999999,-0.03261693389692068,-0.0143753875811099,-0.09994609544796379,-6.237985728198751,-0.05138952465241503,-0.0331908962015749,-0.23076250717060257,-80.53771685221032
5,20,50,0,2,1.0,0.008,446.25228145371346,446.25228145371346,2511,933,0.48981779206859594,0.5,-0.005697387607850737,-0.021945384802084057,-0.16385895970266617,2.886254400000041,-0.02254702982177532,-0.03852232743049775,-0.28762520622803806,-68.7075114788031,-0.03883084648774543,-0.05480387710233636,-0.40919065656391657,-137.89709682402633
5,20,50,0,2,1.3333333333333333,0.008,446.25228145371346,595.0030419382846,2371,859,0.4109429569266589,0.4285714285714286,0.0004417362672620878,-0.037190233168320236,-0.29356772274142834,-164.64167893333348,-0.014147202363704458,-0.05162766388486804,-0.40753488976407803,-230.57863434549674,-0.028245897183925565,-0.06580646014220533,-0.5194584930207984,-294.29985733819484
5,20,50,0,2,2.0,0.008,446.25228145371346,892.5045629074269,2152,773,0.314359637774903,0.3333333333333333,0.001699170925320394,-0.041970644283489386,-0.3617286842840468,-161.82411439999998,-0.010208068119602233,-0.05388002794004997,-0.46436686432398044,-221.43498124689324,-0.021711326088954253,-0.0655662626165774,-0.565085077731948,-279.0234093056127
5,20,50,0,2,0.2,0.015,836.7230277257128,167.34460554514257,2661,1034,0.8239845261121856,0.8333333333333334,0.03324757795728341,-0.0264023774593848,-0.18723308608412106,-81.60579689999993,0.012499457291231699,-0.04573179667879445,-0.32430703455497506,-161.21438889027985,-0.00754709052018258,-0.06472993096748755,-0.4590323032015964,-238.1311116729707
5,20,50,0,2,0.25,0.015,836.7230277257128,209.1807569314282,2515,973,0.7954779033915724,0.8,0.020814924404986983,-0.012891016319072355,-0.09491009927942454,-24.001031249999997,0.0025287779834245083,-0.03041653172163545,-0.2239397917040532,-99.0378145582805,-0.01513692264248618,-0.04763600177599599,-0.3507170512719085,-171.52861274484292
5,20,50,0,2,0.3333333333333333,0.015,836.7230277257128,278.90767590857087,2342,866,0.7251732101616628,0.75,0.014212797169235444,-0.05698186584875623,-0.4408526721077872,-189.96999000000022,-0.0015142912112068947,-0.07185158829880554,-0.5558857755557143,-257.69125136986236,-0.01669260019380854,-0.08643627899174623,-0.6687214454280297,-323.04945403893
5,20,50,0,2,0.5,0.015,836.7230277257128,418.3615138628564,2104,768,0.6536458333333334,0.6666666666666666,0.009478466220674308,-0.028510106948276312,-0.23456780434354207,-24.466175999999976,-0.0032982810676568204,-0.04091736405438416,-0.33664004113947826,-84.75165016220748,-0.015625877284117694,-0.053080109472593874,-0.43670677839344885,-142.91786151619652
5,20,50,0,2,0.75,0.015,836.7230277257128,627.5422707942846,1850,660,0.5515151515151515,0.5714285714285714,0.00012423759336586097,-0.040982548072108445,-0.35339357743115796,-160.59070987499996,-0.01025254964622151,-0.05113579739622941,-0.4409406603542393,-211.204200511652,-0.020281329705020626,-0.06110860267622251,-0.5269355126818702,-260.1202622833164
5,20,50,0,2,1.0,0.015,836.7230277257128,836.7230277257128,1673,588,0.4897959183673469,0.5,-0.0012944223888379871,-0.021234568582864186,-0.18741193343268492,-73.03886399999995,-0.010285630875745124,-0.03007979832839149,-0.265474406497413,-118.55793937722434,-0.018969384719258683,-0.03876056548247244,-0.3420880022074847,-162.52048860914894
5,20,50,0,2,1.3333333333333333,0.015,836.7230277257128,1115.6307036342835,1509,530,0.41509433962264153,0.4285714285714286,-0.004239328749684057,-0.02805508066076585,-0.25667730146478107,-105.31748150000023,-0.012029780943097696,-0.0357466106084021,-0.3270432575571931,-146.34306625125004,-0.01955388474484091,-0.04329464827346114,-0.3960997298808959,-185.96602401185157
5,20,50,0,2,2.0,0.015,836.7230277257128,1673.4460554514255,1279,438,0.3219178082191781,0.3333333333333333,-0.021097267302575502,-0.0250015789172733,-0.23049648188727576,-173.0076345,-0.02750309304253302,-0.031311551371920966,-0.2886697109623588,-206.97567088991434,-0.033689072601638705,-0.037501770151724026,-0.3457390220525135,-239.77793359591837
5,20,50,0,2,0.2,0.025,1394.5383795428547,278.907675908571,2088,766,0.8120104438642297,0.8333333333333334,0.021344066142889414,-0.055608547354720005,-0.49959847001884805,-291.92788949999976,0.00902297953051152,-0.06693379634600331,-0.6013493118656779,-352.00425262382157,-0.0028657065266058396,-0.07804282095393707,-0.7011554586580484,-409.9722746905591
5,20,50,0,2,0.25,0.025,1394.5383795428547,348.6345948857137,1948,704,0.7869318181818182,0.8,0.018171924960370657,-0.03286213103437813,-0.2962520934904009,-68.91017500000004,0.007209490677302593,-0.04324376775836926,-0.3898367043778556,-124.51281535180819,-0.0033629669851457313,-0.053418944884476814,-0.48156454686066097,-178.13745253187363
5,20,50,0,2,0.3333333333333333,0.025,1394.5383795428547,464.8461265142849,1760,617,0.7358184764991896,0.75,-0.004639566768340736,-0.03298239539266045,-0.2993206401893358,-125.98636583333351,-0.013972045932799179,-0.04202218412773377,-0.38135664763419097,-174.43587873380193,-0.022976228192661263,-0.05088070032715724,-0.4617488050374452,-221.18104010729365
5,20,50,0,2,0.5,0.025,1394.5383795428547,697.2691897714274,1481,510,0.6470588235294118,0.6666666666666666,-0.016724926972943976,-0.04169119949919143,-0.381412560373224,-216.42994874999997,-0.024312230748282107,-0.049093856148768565,-0.4491359648191855,-255.963761050164,-0.03163938004682717,-0.056357390729794316,-0.5155865325268996,-294.142032757896
5,20,50,0,2,0.75,0.025,1394.5383795428547,1045.9037846571412,1229,412,0.5776699029126213,0.5714285714285714,-0.02388264549384208,0.012044097063152659,0.10736060433937367,88.4605325000002,-0.030096845451455093,0.00590197740759817,0.052609769597050327,56.21339665121516,-0.03609382731370514,-0.00012024621981997972,-0.0010718654923180804,25.09346325451753
5,20,50,0,2,1.0,0.025,1394.5383795428547,1394.5383795428547,1067,355,0.5098591549295775,0.5,-0.014470520297512238,0.019191788849460437,0.17053497584350463,64.03543750000001,-0.019865340814597943,0.01388682780597752,0.12339555390037053,36.51967287274749,-0.025075222042521387,0.00868135225369758,0.07714074696657018,9.947173352239979
5,20,50,0,2,1.3333333333333333,0.025,1394.5383795428547,1859.3845060571396,921,279,0.46953405017921146,0.4285714285714286,-0.05060297876203995,0.08149377983589362,0.6631097313574803,350.9211166666666,-0.05531074143985333,0.07694627327489482,0.6261099329714651,329.5105051860763,-0.059860389596533385,0.07247872021079967,0.5897575635784211,308.81898870094534
5,20,50,0,2,2.0,0.025,1394.5383795428547,2789.0767590857095,732,210,0.3761904761904762,0.3333333333333333,-0.020720300762661136,0.08791461401153806,0.6723639334823911,249.80305249999998,-0.024562606196840118,0.08426710102761571,0.6444734262509237,233.50627857005418,-0.0282728693439182,0.0806894263007872,0.6171114277830414,217.76954947228984
5,20,50,1,1,0.2,0.002,111.56307036342837,22.312614072685676,4782,2007,0.7483806676631789,0.8333333333333334,-0.2278958812070585,-0.20840166225131249,-0.4356299260487869,-256.48290708,-0.35532189024873323,-0.33526248110805545,-0.7009468262590284,-406.5169631798154,-0.47870532125414783,-0.46033899638828346,-0.9624493544735049,-551.791203097349
5,20,50,1,1,0.25,0.002,111.56307036342837,27.89076759085709,4767,1998,0.7252252252252253,0.8,-0.1921107316090186,-0.17929509488466303,-0.3998065347057482,-238.96191815,-0.3117004381122867,-0.2976862662382759,-0.663938544526925,-388.34910406056485,-0.42749467928327517,-0.4144088574599792,-0.9242684156642068,-532.9951303697815
5,20,50,1,1,0.3333333333333333,0.002,111.56307036342837,37.187690121142786,4740,1988,0.682092555331992,0.75,-0.14343713597852206,-0.1563943634649887,-0.38611177204452984,-232.2730142666667,-0.2523169626630281,-0.26282593510243146,-0.6489848981579216,-381.22634793935583,-0.3577247271793956,-0.36772666908136437,-0.9080118169872087,-525.4297178179102
5,20,50,1,1,0.5,0.002,111.56307036342837,55.78153518171418,4687,1958,0.6241062308478039,0.6666666666666666,-0.08760129871462494,-0.09687560435482002,-0.2756508882812861,-174.48164789999998,-0.1804136055401769,-0.18786320269302936,-0.5346239590509104,-321.38444423719716,-0.2702572814022613,-0.27750994478713936,-0.7897420209562146,-463.58850821074043
5,20,50,1,1,0.75,0.002,111.56307036342837,83.67230277257129,4635,1924,0.5462577962577962,0.5714285714285714,-0.026862401544056176,-0.058042724698967256,-0.1946138054656159,-146.58628610000002,-0.10436521505066425,-0.13394684989373618,-0.4491815613962982,-291.30581114767773,-0.17937496344945994,-0.20870252558151275,-0.6998695854544215,-431.3700832827011
5,20,50,1,1,1.0,0.002,111.56307036342837,111.56307036342837,4582,1886,0.48038176033934255,0.5,0.0029505557542162802,-0.045752814155300685,-0.17247161255859114,-140.6859166,-0.06438418425891015,-0.11197534919171077,-0.4221577051940843,-283.3177176404507,-0.12952693046103045,-0.17715588301307056,-0.667894510481829,-421.30632818113276
5,20,50,1,1,1.3333333333333333,0.002,111.56307036342837,148.75076048457115,4528,1847,0.4141851651326475,0.4285714285714286,0.02316202070656681,-0.03482152378692844,-0.14787261909225743,-115.89007453333338,-0.03495388527321169,-0.09241834578711908,-0.3924884843549704,-256.0679505596819,-0.09116329556476994,-0.14908488458296007,-0.6331437756415368,-391.64728318001175
5,20,50,1,1,2.0,0.002,111.56307036342837,223.12614072685673,4436,1799,0.32684824902723736,0.3333333333333333,0.018258897863927093,-0.01839743656623988,-0.09316783961374715,-98.6476378,-0.02901466283044204,-0.06545837151460601,-0.3315109817837528,-235.4771341984948,-0.07473019980825743,-0.11174195321518582,-0.5659121019919462,-367.7970570133275
5,20,50,1,1,0.2,0.004,223.12614072685673,44.62522814537135,4536,1874,0.8159018143009605,0.8333333333333334,-0.06950943689151429,-0.05198422612207866,-0.18127401708942192,-86.43124863999998,-0.140737226728897,-0.12308433076511154,-0.42921332955128,-227.35962686952303,-0.2096748956807803,-0.1931052283900765,-0.6733865920694311,-363.75686601583374
5,20,50,1,1,0.25,0.004,223.12614072685673,55.78153518171418,4495,1840,0.782608695652174,0.8,-0.042032818609317714,-0.04847188140785405,-0.1839834561235928,-92.31506789999997,-0.10755595264888593,-0.11261786636503401,-0.4274709318966674,-230.85674187130388,-0.17096662702782192,-0.17577858309054975,-0.6672141565676375,-364.93184534242215
5,20,50,1,1,0.3333333333333333,0.004,223.12614072685673,74.37538024228557,4423,1790,0.7324022346368715,0.75,-0.008924429908920766,-0.04524814016958151,-0.1912816917878818,-111.71475186666672,-0.0670787440615467,-0.10128852008110376,-0.4282027000516493,-246.67273129165298,-0.12335259701103206,-0.1564571723770366,-0.6614311631826473,-377.26674824780383
5,20,50,1,1,0.5,0.004,223.12614072685673,111.56307036342837,4265,1719,0.6556137289121582,0.6666666666666666,0.011542956139401324,-0.02779006981921822,-0.13623220163669036,-79.71260000000001,-0.03633771594877072,-0.07422666136837955,-0.36388181083172344,-209.91327103635325,-0.08265450436471294,-0.1199148537462983,-0.5878593125759616,-335.8613137225411
5,20,50,1,1,0.75,0.004,223.12614072685673,167.34460554514257,4094,1626,0.560270602706027,0.5714285714285714,0.020991237939518684,-0.026169550998990185,-0.14788171788397547,-117.1476595,-0.018054752989701668,-0.06429789352306792,-0.36336289959999,-241.2228303853928,-0.05580489557521831,-0.10178701155959477,-0.5752229448798795,-361.18022628645923
5,20,50,1,1,1.0,0.004,223.12614072685673,223.12614072685673,3951,1556,0.4955012853470437,0.5,0.0021568492167868395,-0.012200883475033753,-0.07595848231006952,-51.06826479999999,-0.03152862398319984,-0.045325851919911224,-0.28218737501696445,-169.67537702008457,-0.06409868580239957,-0.07789050891760116,-0.4849267541408934,-284.3551071895409
5,20,50,1,1,1.3333333333333333,0.004,223.12614072685673,297.5015209691423,3813,1499,0.4296197464976651,0.4285714285714286,-0.016180670089833586,-0.000653810986376263,-0.004529553967121767,0.7702555999998992,-0.04541629186543958,-0.02933530865892573,-0.20323492404697696,-113.61468450796852,-0.07368163567280903,-0.057527087185605834,-0.3985474750153377,-224.2033931508885
5,20,50,1,1,2.0,0.004,223.12614072685673,446.25228145371346,3613,1385,0.33212996389891697,0.3333333333333333,-0.02457444169766209,-0.004806998055289086,-0.03764089178843394,-5.687458800000002,-0.0485979399247153,-0.028265225687985108,-0.22133002210700234,-111.67233330452181,-0.07181936482602833,-0.051310953223424584,-0.40178891676422657,-214.11868731679255
5,20,50,1,1,0.2,0.008,446.25228145371346,89.2504562907427,3998,1622,0.8168927250308261,0.8333333333333334,0.0019365819739562665,-0.045995435824812934,-0.2770729104941875,-171.74736159999995,-0.03586303627340197,-0.0816358315498165,-0.4917814410523885,-294.104969008708,-0.07243892088891522,-0.11671813130808353,-0.7031203054090807,-412.5013427795982
5,20,50,1,1,0.25,0.008,446.25228145371346,111.56307036342837,3864,1565,0.7827476038338658,0.8,-0.00985341563563965,-0.044950824969528326,-0.29018126407114353,-201.16142019999998,-0.04334807679856468,-0.07706248229430883,-0.4974956567490676,-319.98758326078735,-0.07574293198392812,-0.10864862272823754,-0.7014076929501925,-434.9120581155264
5,20,50,1,1,0.3333333333333333,0.008,446.25228145371346,148.75076048457115,3669,1466,0.7339699863574352,0.75,0.004171194985682209,-0.03898686217831825,-0.26947964134962665,-182.63709546666675,-0.025111474268250798,-0.06709473823414326,-0.46377122436259877,-294.43243254629124,-0.05342362322988331,-0.09472895463762697,-0.6547840327145786,-402.5225185000888
5,20,50,1,1,0.5,0.008,446.25228145371346,223.12614072685673,3383,1329,0.6561324303987961,0.6666666666666666,0.0023101229748302378,-0.024416398848064732,-0.1850204511649176,-202.7946528,-0.021545602377306163,-0.04766221246460056,-0.3611896024405822,-304.2028223394192,-0.044609673435054245,-0.07051254154383278,-0.5343519641730388,-402.24575306438555
5,20,50,1,1,0.75,0.008,446.25228145371346,334.68921109028514,3093,1204,0.5672757475083057,0.5714285714285714,-0.031075300635561888,-0.010210029574574694,-0.08530102644557506,-100.13276659999994,-0.05045932191092667,-0.02932662761037445,-0.2450190228280364,-192.62306863774188,-0.06919092235699895,-0.0481032437335917,-0.40189448071056316,-282.00036338459313
5,20,50,1,1,1.0,0.008,446.25228145371346,446.25228145371346,2880,1103,0.4941069809610154,0.5,-0.03813563484008098,-0.013364476808924226,-0.11797184366554396,-89.14493680000001,-0.05500385795548349,-0.02994511492270551,-0.2643371945010996,-174.2629331287066,-0.07129897479403446,-0.046225764913296497,-0.40805283407288295,-256.4890031629079
5,20,50,1,1,1.3333333333333333,0.008,446.25228145371346,595.0030419382846,2684,1007,0.43892750744786496,0.4285714285714286,-0.027051131745294735,0.019497082165487428,0.1819617951408149,90.02078533333317,-0.041711068033223386,0.0051735620069867545,0.048284477308001575,12.156961912517552,-0.05587090368993798,-0.008884974541225213,-0.08292282010703633,-63.05065983888424
5,20,50,1,1,2.0,0.008,446.25228145371346,892.5045629074269,2397,858,0.3146853146853147,0.3333333333333333,-0.0386149002235113,-0.04124712745372817,-0.3946671505108109,-165.54092559999998,-0.05071408140967006,-0.053167499106560434,-0.5087228584605114,-232.65004084354058,-0.062390908194730636,-0.06485120960971037,-0.6205161664864314,-297.4165322565242
5,20,50,1,1,0.2,0.015,836.7230277257128,167.34460554514257,3203,1252,0.8242811501597445,0.8333333333333334,0.010102873468429262,-0.025654507407320257,-0.22010843956109744,-257.3178213,-0.010186195618988958,-0.044986912860960605,-0.385996525399254,-352.16829994728556,-0.029812256394331008,-0.0639992560304077,-0.5491261543601534,-443.9192447777856
5,20,50,1,1,0.25,0.015,836.7230277257128,209.1807569314282,3008,1163,0.8039552880481513,0.8,0.023615363386066568,0.008223062170079952,0.07121490355293797,-94.57309200000006,0.005318946253607877,-0.009561293001621434,-0.0828090727151222,-182.2431424272499,-0.012386065568242025,-0.02705762213633822,-0.23434242613487116,-267.0793848456066
5,20,50,1,1,0.3333333333333333,0.015,836.7230277257128,278.90767590857087,2744,1050,0.7466666666666667,0.75,0.012338304107763,-0.009128682940685631,-0.08341186868877755,-149.40862350000023,-0.003345176849131765,-0.024364277185597888,-0.22263286874538107,-229.58897289445346,-0.01850735879247341,-0.03933635473147521,-0.3594428610847937,-307.1042291784832
5,20,50,1,1,0.5,0.015,836.7230277257128,418.3615138628564,2376,881,0.6685584562996595,0.6666666666666666,-0.0036641219886964574,0.002820630309970802,0.026333699095948765,-42.13549499999999,-0.016364665231711005,-0.009700366716977995,-0.09056624510921925,-110.03280881909552,-0.028634861999656362,-0.021995301192597502,-0.20535634344352663,-175.6294832789424
5,20,50,1,1,0.75,0.015,836.7230277257128,627.5422707942846,2057,745,0.5812080536912752,0.5714285714285714,-0.010054721259331266,0.018836629510579416,0.18185883716153806,25.624487250000044,-0.020421098818087128,0.008591948877393082,0.08295334550922988,-31.821670793006,-0.03043584128102861,-0.001462136543368094,-0.014116601436353682,-87.31921321082078
5,20,50,1,1,1.0,0.015,836.7230277257128,836.7230277257128,1823,641,0.46333853354134164,0.5,-0.02318033502875885,-0.07429204849378128,-0.7129536926733537,-359.254077,-0.032180688350115366,-0.08317301086617644,-0.7981787322531321,-409.39108523033985,-0.040866851397980866,-0.09187600760122797,-0.8816979751955742,-457.77787768964606
5,20,50,1,1,1.3333333333333333,0.015,836.7230277257128,1115.6307036342835,1626,556,0.4064748201438849,0.4285714285714286,-0.0191086265778472,-0.045667512291701136,-0.4368913251621169,-259.4134360000003,-0.026924670755404202,-0.05339493750832916,-0.5108227381166024,-303.0234655289612,-0.03446637060398584,-0.060967330990443956,-0.583266886441091,-345.1027764468284
5,20,50,1,1,2.0,0.015,836.7230277257128,1673.4460554514255,1339,456,0.31798245614035087,0.3333333333333333,-0.010552933256188531,-0.033515989512480054,-0.32063383834231457,-47.412900000000064,-0.016940936176278617,-0.039856369767460605,-0.3812862744265654,-83.31803646266101,-0.02310302801738993,-0.04606706087325268,-0.4407008996711099,-117.9533913956907
5,20,50,1,1,0.2,0.025,1394.5383795428547,278.907675908571,2376,906,0.8333333333333334,0.8333333333333334,0.008156111462746873,-0.0011422100326823803,-0.011576039540146965,-89.32022499999972,-0.003998966416218106,-0.012994631013352437,-0.1317003610317287,-158.8091148988941,-0.01574627121159404,-0.024642157421022225,-0.24974784013602055,-225.96682278551347
5,20,50,1,1,0.25,0.025,1394.5383795428547,348.6345948857137,2169,811,0.8014796547472256,0.8,-0.0022218197499230636,0.0026860140134524362,0.027170184371052397,20.058430000000072,-0.012995835109479619,-0.00794727727458005,-0.08039072052619445,-42.32095496595189,-0.023406266773634124,-0.018393561018175908,-0.1860601527045399,-102.5952633614761
5,20,50,1,1,0.3333333333333333,0.025,1394.5383795428547,464.8461265142849,1908,706,0.7577903682719547,0.75,-0.0031370693740630884,0.01728926867520379,0.1744389638646278,230.42485249999982,-0.012471257847706247,0.007999149244333736,0.08070589968167671,175.53282204816668,-0.02148344983249696,-0.0011182660471996287,-0.011282533262727684,122.53437250284459
5,20,50,1,1,0.5,0.025,1394.5383795428547,697.2691897714274,1600,567,0.6701940035273368,0.6666666666666666,-0.02642592351281519,0.006782851385822821,0.06786414491361567,137.18207749999996,-0.03398647695645072,-0.0007417867757360461,-0.007421749122506066,93.43231206307945,-0.04129022139274699,-0.008125662782945402,-0.08129914498578827,51.16859310634558
5,20,50,1,1,0.75,0.025,1394.5383795428547,1045.9037846571412,1306,438,0.5753424657534246,0.5714285714285714,-0.03326649149168699,0.007324970314096583,0.06946104122392793,235.30530500000017,-0.03946766444458011,0.001194840272732859,0.011330289037640828,201.51394788604114,-0.04545826326953595,-0.004823427310830368,-0.045739022052512845,168.87004877883976
5,20,50,1,1,1.0,0.025,1394.5383795428547,1394.5383795428547,1129,366,0.48633879781420764,0.5,-0.006618114762571759,-0.027800886466044936,-0.25463409826302497,52.64622000000003,-0.012009671310977466,-0.033104048393007464,-0.30320345710553354,24.493950921566466,-0.017219272013939826,-0.03831067656967651,-0.3508915115781277,-2.7082270513901676
5,20,50,1,1,1.3333333333333333,0.025,1394.5383795428547,1859.3845060571396,952,307,0.4201954397394137,0.4285714285714286,0.033435593338883636,-0.017380811758325482,-0.15388795071964795,136.98566083333316,0.02878676337022094,-0.02198228517557306,-0.19462694352841184,113.36155107441337,0.024294961737789937,-0.026500186801305146,-0.23462757938384013,90.5354172955584
5,20,50,1,1,2.0,0.025,1394.5383795428547,2789.0767590857095,741,219,0.3561643835616438,0.3333333333333333,0.00255421802830258,0.047209427297079706,0.3721698846527401,255.67516250000006,-0.0012466533781895156,0.04353025769968618,0.34316514451882035,239.23290630691974,-0.004925764624563223,0.03991065667350775,0.3146304889737431,223.31737452323594
5,20,50,1,2,0.2,0.002,111.56307036342837,22.312614072685676,2231,951,0.7812828601472135,0.8333333333333334,-0.23387479397990418,-0.13943917507286271,-0.1315962762037975,-81.19503900000001,-0.36061324106599124,-0.2722939115593214,-0.2570417696922451,-150.64583202597078,-0.483546434750756,-0.4035571952962711,-0.3809525341825128,-218.01140251321888
5,20,50,1,2,0.25,0.002,111.56307036342837,27.89076759085709,2225,948,0.7563291139240507,0.8,-0.20867993481935554,-0.11420220429797902,-0.11623201704620659,-72.51466615000001,-0.3270405571162332,-0.23704608199879162,-0.241305675781544,-141.86085420758758,-0.44183307607071653,-0.3583855541150957,-0.36482555457941346,-209.11652972317492
5,20,50,1,2,0.3333333333333333,0.002,111.56307036342837,37.187690121142786,2218,944,0.7182203389830508,0.75,-0.14725594474236955,-0.08178279494489836,-0.09265676942983621,-55.96719320000001,-0.25576932199968777,-0.19171393997998382,-0.2172242172339427,-125.11995716063326,-0.36100000970704904,-0.3002679736058273,-0.34022291510861424,-192.18074811902633
5,20,50,1,2,0.5,0.002,111.56307036342837,55.78153518171418,2199,936,0.6452991452991453,0.6666666666666666,-0.08294692922838731,-0.05399171889016213,-0.07256011285788957,-50.075212900000004,-0.17570126973334632,-0.14586496543318314,-0.19606130013873962,-118.61386602948839,-0.2656524436617185,-0.23659759204809364,-0.3180176361670157,-185.08118470054688
5,20,50,1,2,0.75,0.002,111.56307036342837,83.67230277257129,2185,925,0.5589189189189189,0.5714285714285714,-0.032645890766664805,-0.03288898754756255,-0.052885384372402894,-51.335576750000016,-0.10994413577217711,-0.10878428809778652,-0.17496228913283568,-119.22000066749982,-0.18489367043817914,-0.18372054119356448,-0.29548537762231797,-185.04175358470255
5,20,50,1,2,1.0,0.002,111.56307036342837,111.56307036342837,2172,913,0.48630887185104055,0.5,-0.0248178817359838,-0.034059364767011185,-0.06219089325966017,-60.2698624,-0.09201535430659141,-0.10004727401176698,-0.18271791349003122,-127.42195799384352,-0.15716015144755488,-0.16518362566785352,-0.3016774592099204,-192.52276428465902
5,20,50,1,2,1.3333333333333333,0.002,111.56307036342837,148.75076048457115,2151,906,0.4249448123620309,0.4285714285714286,-0.010251859439963946,-0.013113503579776906,-0.027418873691085137,-38.6810536666667,-0.06848668184827557,-0.070310640281841,-0.1470336943650622,-105.37855054679433,-0.12493876311640409,-0.12676024440368588,-0.26508117346935517,-170.0342386479453
5,20,50,1,2,2.0,0.002,111.56307036342837,223.12614072685673,2124,893,0.3393057110862262,0.3333333333333333,0.02778971754047649,0.007929842393146699,0.020127455481513734,5.809945199999998,-0.019223664224552097,-0.03853400438261645,-0.09781062075202403,-60.07762668313464,-0.06479015857312989,-0.08437331796389026,-0.21416426185592438,-123.93743763780259
5,20,50,1,2,0.2,0.004,223.12614072685673,44.62522814537135,2163,917,0.8189749182115594,0.8333333333333334,-0.08840082343934832,-0.04451816448999092,-0.07549114862799652,-40.21735575999998,-0.1583964350835291,-0.11588013324847317,-0.19649937203763274,-107.34519526496265,-0.22627817716831386,-0.1863406257195314,-0.31598009868071947,-172.44577201467
5,20,50,1,2,0.25,0.004,223.12614072685673,55.78153518171418,2144,910,0.7758241758241758,0.8,-0.07215419304869107,-0.06437389939189855,-0.12221293644505898,-71.25213260000001,-0.13617458220257297,-0.12761291627716317,-0.24228181957933004,-137.81072271764884,-0.1982655690779688,-0.19006453774614135,-0.3608504796068207,-202.36341600894218
5,20,50,1,2,0.3333333333333333,0.004,223.12614072685673,74.37538024228557,2118,892,0.7275784753363229,0.75,-0.041487088756071135,-0.055945233654693644,-0.11854936185926625,-78.13890586666669,-0.09849061740371395,-0.11152047230875124,-0.23633192278179022,-143.82744072594272,-0.15374772385238047,-0.1663640256997121,-0.35255526865489095,-207.5034700751548
5,20,50,1,2,0.5,0.004,223.12614072685673,111.56307036342837,2077,865,0.638150289017341,0.6666666666666666,-0.028812738434945175,-0.06393345035482637,-0.15953089291034547,-101.4669742,-0.07591939037876551,-0.10969700598893808,-0.27374041091881374,-165.14475281506088,-0.12158404318053397,-0.15486184707154552,-0.38644578556032966,-226.87326740175902
5,20,50,1,2,0.75,0.004,223.12614072685673,167.34460554514257,2019,837,0.5615292712066906,0.5714285714285714,-0.018845012828619667,-0.023774702931195893,-0.06915511005523783,-58.69967310000003,-0.057553185409517066,-0.061764149069103096,-0.17967020108560372,-120.31706355211615,-0.09507640843628055,-0.09925405805747169,-0.288727309264735,-180.04819860970193
5,20,50,1,2,1.0,0.004,223.12614072685673,223.12614072685673,1976,824,0.4854368932038835,0.5,-0.0027285412334031277,-0.03243574934018793,-0.10692712612229775,-57.90895120000003,-0.03633196242392482,-0.06545540539946243,-0.21578046080589888,-118.79691299148406,-0.0688975267204642,-0.09802325861617615,-0.32314373098463767,-177.8043224860001
5,20,50,1,2,1.3333333333333333,0.004,223.12614072685673,297.5015209691423,1952,806,0.4267990074441687,0.4285714285714286,-0.011248306379129372,-0.006451868025911971,-0.024020059457399878,-33.29651373333338,-0.04038859486194165,-0.035050541277102235,-0.13049723067502567,-92.86718219390247,-0.06862841720507626,-0.063257547536376,-0.23551518669937435,-150.5970531655125
5,20,50,1,2,2.0,0.004,223.12614072685673,446.25228145371346,1894,767,0.318122555410691,0.3333333333333333,-0.01807141168616912,-0.03499282582858998,-0.15010033232592157,-83.14804199999999,-0.04198411117144375,-0.05862981121484813,-0.2514946765025782,-140.22505294479927,-0.06514603009825672,-0.08192753986176853,-0.3514311185257486,-195.5100324136523
5,20,50,1,2,0.2,0.008,446.25228145371346,89.2504562907427,2000,841,0.83115338882283,0.8333333333333334,-0.04765983035681546,-0.009514235244148359,-0.02879171584884492,-36.89294847999998,-0.08379016148835026,-0.046212054470929353,-0.13985165963320514,-98.94644981368832,-0.11880843212478576,-0.08242069066523139,-0.24942994873553437,-159.08999778535093
5,20,50,1,2,0.25,0.008,446.25228145371346,111.56307036342837,1961,817,0.7906976744186046,0.8,-0.04802336204254408,-0.026118571679020566,-0.08685773550552073,-72.2476094,-0.08053493811792645,-0.058563360294362495,-0.19476290834759635,-132.57358097979838,-0.11204413423249442,-0.09057222810666024,-0.30121411191073943,-191.03961366004768
5,20,50,1,2,0.3333333333333333,0.008,446.25228145371346,148.75076048457115,1898,786,0.7417302798982188,0.75,-0.04912438312554212,-0.02172707981252234,-0.07977451959466138,-80.12794453333338,-0.07747947531379518,-0.049999010600929844,-0.1835899379370186,-138.1620853731422,-0.10496043916472725,-0.07788997947192644,-0.286001989345379,-194.40715472260433
5,20,50,1,2,0.5,0.008,446.25228145371346,223.12614072685673,1807,746,0.6487935656836461,0.6666666666666666,-0.021339288606969167,-0.039718385219235784,-0.16983792384167623,-88.71121919999999,-0.04494899706541488,-0.0627775910897571,-0.2684420191276707,-144.0629899944435,-0.06782244726345919,-0.08550874576145627,-0.3656422613040533,-197.68864042840113
5,20,50,1,2,0.75,0.008,446.25228145371346,334.68921109028514,1713,694,0.5619596541786743,0.5714285714285714,-0.004935844075309604,-0.02097057353688313,-0.10116099384815086,-55.26008720000001,-0.024333176917850818,-0.03998377859166223,-0.19288305800885153,-106.77048713117685,-0.04312515047767683,-0.058728446087337946,-0.28330794818366345,-156.6733310644316
5,20,50,1,2,1.0,0.008,446.25228145371346,446.25228145371346,1636,665,0.49774436090225566,0.5,-0.006239942210639088,-0.006146711186807028,-0.032725070001196614,26.944162400000007,-0.023053781869472312,-0.022665027999809188,-0.12066748353874096,-22.69848570025777,-0.03933590196748321,-0.03893984706062326,-0.20731381202036925,-70.7712385486559
5,20,50,1,2,1.3333333333333333,0.008,446.25228145371346,595.0030419382846,1556,629,0.43879173290937995,0.4285714285714286,-0.015294993909117083,0.01917236662836366,0.11179544220524779,80.55906293333332,-0.029890278465020022,0.004898801513425123,0.028565643389671935,33.46091809908439,-0.044020812187050416,-0.009156009105184158,-0.05339005678317682,-12.1375024919178
5,20,50,1,2,2.0,0.008,446.25228145371346,892.5045629074269,1435,571,0.30998248686514884,0.3333333333333333,-0.02379679037022326,-0.05160048122390684,-0.3273297035201608,-121.4242424,-0.03580033399615064,-0.0635304440381555,-0.40300320767010733,-164.80019179213798,-0.04740931701762556,-0.0752588236864907,-0.4774017844565876,-206.75035881998326
5,20,50,1,2,0.2,0.015,836.7230277257128,167.34460554514257,1759,714,0.8179271708683473,0.8333333333333334,-0.004427151275240421,-0.04181775841297262,-0.20754117998058186,-129.65844209999997,-0.02439853931869211,-0.060806555687126,-0.301790350746859,-181.8840003336524,-0.04376796854189738,-0.07955096613651563,-0.39482114553765935,-232.53542484396795
5,20,50,1,2,0.25,0.015,836.7230277257128,209.1807569314282,1682,680,0.7735294117647059,0.8,0.02488215879415644,-0.06489390087182652,-0.3465596389233571,-161.54978475000001,0.006609923709176114,-0.08170692554824921,-0.43634795309224683,-211.31776138514311,-0.01111077454177628,-0.09829757390538817,-0.5249487100358662,-259.5835204677178
5,20,50,1,2,0.3333333333333333,0.015,836.7230277257128,278.90767590857087,1590,642,0.735202492211838,0.75,0.027514479687216382,-0.03501139781088359,-0.19850795515223735,-55.155608000000136,0.011732179471514613,-0.0499711746307482,-0.283324096890033,-102.42627394421733,-0.00356677755640972,-0.06472482857589382,-0.36697363506327385,-148.24924506235908
5,20,50,1,2,0.5,0.015,836.7230277257128,418.3615138628564,1448,576,0.6475694444444444,0.6666666666666666,-0.0117166007412614,-0.0411566826474191,-0.2550385420810073,-91.22558324999999,-0.024349089582442546,-0.05345242744835394,-0.3312300308546087,-134.1568527304371,-0.03658351994528678,-0.065563670802242,-0.4062800837950866,-175.73532815601237
5,20,50,1,2,0.75,0.015,836.7230277257128,627.5422707942846,1319,516,0.5697674418604651,0.5714285714285714,-0.02329653416895495,-0.004354605972377247,-0.029231096588340166,-10.941487499999937,-0.033619176381123814,-0.014525805746274236,-0.09750815264058699,-49.451456341282935,-0.04361556424747755,-0.024541418503550076,-0.16474049173309857,-86.7442906124206
5,20,50,1,2,1.0,0.015,836.7230277257128,836.7230277257128,1218,459,0.49673202614379086,0.5,-0.03355388624796715,-0.007379998914940538,-0.050866008757949416,29.31163800000003,-0.042537179697835055,-0.016209583709510995,-0.11172236833726615,-5.585946853004764,-0.0512246478987577,-0.024886650354714778,-0.17152787927420982,-39.33433327624193
5,20,50,1,2,1.3333333333333333,0.015,836.7230277257128,1115.6307036342835,1129,419,0.4295942720763723,0.4285714285714286,-0.03997543101588373,0.0013239617441504114,0.00962278619854906,86.74008849999973,-0.047799778518170855,-0.006316321113158777,-0.04590778286125269,54.9560536096567,-0.055367725679596386,-0.0138277130652979,-0.10050148456621785,24.213567216163597
5,20,50,1,2,2.0,0.015,836.7230277257128,1673.4460554514255,969,353,0.34844192634560905,0.3333333333333333,-0.04048166350282733,0.031075726616865577,0.23554305034204903,244.7804640000001,-0.046929414285277096,0.024894036454032036,0.1886862831741719,217.69975466379532,-0.05316075665683809,0.018825859783888312,0.14269206670196977,191.52796589088882
5,20,50,1,2,0.2,0.025,1394.5383795428547,278.907675908571,1465,584,0.8321917808219178,0.8333333333333334,0.01984442928217973,-0.004227854019396496,-0.027704680522793318,60.68037050000021,0.0075901826596984565,-0.01600743392308641,-0.10489294794981177,17.329518293898857,-0.004281527938157834,-0.027619695047940533,-0.18098536273668436,-24.668067311822696
5,20,50,1,2,0.25,0.025,1394.5383795428547,348.6345948857137,1355,530,0.7943396226415095,0.8,-0.013642542426969254,-0.01502710621456085,-0.10069201461802811,29.892947500000005,-0.024302971294409996,-0.025489205846615143,-0.17079325755719243,-9.784224761983069,-0.0346241008131577,-0.03579520189865788,-0.23984972988089526,-48.198554893141036
5,20,50,1,2,0.3333333333333333,0.025,1394.5383795428547,464.8461265142849,1259,481,0.7546777546777547,0.75,-0.026488552695220192,0.009951657204373975,0.06872693923009221,120.1866974999999,-0.035673397424655896,0.0007355384135236516,0.0050796096509250765,84.22150672396498,-0.04456670958534417,-0.008339502986139278,-0.0575923963636053,49.397873019529115
5,20,50,1,2,0.5,0.025,1394.5383795428547,697.2691897714274,1111,414,0.678743961352657,0.6666666666666666,-0.03207016277013058,0.025097253796012964,0.18216390336480376,125.56635375000002,-0.03960474443384866,0.017541146008419377,0.1273190403232495,94.26182271149825,-0.04689413138547354,0.010109355350821778,0.07337681477228161,63.976021818580875
5,20,50,1,2,0.75,0.025,1394.5383795428547,1045.9037846571412,947,342,0.5730994152046783,0.5714285714285714,-0.04322736086810437,0.0027739449496637096,0.02055972660125699,55.23173250000025,-0.049408858150582005,-0.003334548672455685,-0.024714705819924243,29.54993609166428,-0.0553922488033626,-0.009346787737039015,-0.0692756747533319,4.691198223763365
5,20,50,1,2,1.0,0.025,1394.5383795428547,1394.5383795428547,832,300,0.49,0.5,-0.010034202674429067,-0.020479789591195095,-0.15382569059403556,58.763547500000016,-0.015421407399235133,-0.025776681105273997,-0.19360939107010938,35.90164296996164,-0.020630324395012115,-0.030980837673235586,-0.23269796030994067,13.796345483493099
5,20,50,1,2,1.3333333333333333,0.025,1394.5383795428547,1859.3845060571396,733,261,0.42911877394636017,0.4285714285714286,-0.0007632703354159058,0.0006590537022323644,0.004975976390200698,162.81434166666645,-0.005426009708597984,-0.003921385079043129,-0.029606836897661637,143.06305009595016,-0.00993674579167172,-0.008425573062920105,-0.06361389213631558,123.95564210146478
5,20,50,1,2,2.0,0.025,1394.5383795428547,2789.0767590857095,590,193,0.37305699481865284,0.3333333333333333,-0.028134130465519963,0.08157020301937304,0.572512584860541,529.8432900000001,-0.03197528395051024,0.07792828558085454,0.5469446250782297,515.4544778032637,-0.03569532575997188,0.07434536161822637,0.5217976455339381,501.51934525271264
5,40,100,0,1,0.2,0.002,111.56307036342837,22.312614072685676,2807,1214,0.7677100494233937,0.8333333333333334,-0.2618485612582244,-0.16855725683323824,-0.20747496484983946,-110.86320568000001,-0.38662425995617467,-0.29870235935717454,-0.36767266919704056,-200.4272713462235,-0.507560625691217,-0.4272086865379813,-0.525851079387561,-287.2354616842165
5,40,100,0,1,0.25,0.002,111.56307036342837,27.89076759085709,2804,1211,0.7390586292320397,0.8,-0.21984510562714948,-0.15089072130825057,-0.20072041745574082,-99.62980885000002,-0.3376259815616358,-0.2710658925809049,-0.3605365752863395,-189.04163229165573,-0.4517761203893377,-0.38969689730558815,-0.5183240997844616,-275.69722877728645
5,40,100,0,1,0.3333333333333333,0.002,111.56307036342837,37.187690121142786,2801,1208,0.7086092715231788,0.75,-0.1835362513805467,-0.1020665830132813,-0.1494898020957628,-67.01039420000002,-0.29055025875213414,-0.21096415414537067,-0.30893381470897185,-156.31721059468694,-0.3942552629858408,-0.31844688083313855,-0.4663304535146956,-242.86255171204843
5,40,100,0,1,0.5,0.002,111.56307036342837,55.78153518171418,2787,1200,0.6525,0.6666666666666666,-0.1450342230884446,-0.03907474537838619,-0.067019384529789,-20.395910600000008,-0.23648227215747297,-0.13145438835655976,-0.22543756428043538,-109.25314484559293,-0.32509201640384133,-0.2226257772518593,-0.3817918412397638,-195.35248628696513
5,40,100,0,1,0.75,0.002,111.56307036342837,83.67230277257129,2776,1189,0.543313708999159,0.5714285714285714,-0.0944538813093967,-0.06406482142641627,-0.1328607974998272,-65.7085902,-0.1713938959019585,-0.13976203904766335,-0.28983855327453145,-153.7379374633821,-0.2459467448065949,-0.21446596893744715,-0.44475958269506605,-239.03605782967534
5,40,100,0,1,1.0,0.002,111.56307036342837,111.56307036342837,2772,1185,0.4860759493670886,0.5,-0.07997176584939376,-0.034519830238564406,-0.0818186329448329,-31.79709499999999,-0.14737789792496872,-0.10052698060341178,-0.23825709472693,-119.49974724224957,-0.2126943711636271,-0.1656723673246373,-0.3926569432242669,-204.4835278234821
5,40,100,0,1,1.3333333333333333,0.002,111.56307036342837,148.75076048457115,2764,1180,0.43050847457627117,0.4285714285714286,-0.050093777910143716,-0.001850403185688288,-0.005047639787333028,7.780716733333303,-0.10875921835785053,-0.058972619903942786,-0.16086360487576168,-79.73627568802358,-0.16559698854470997,-0.11533679457263943,-0.3146119772191012,-164.52675309224853
5,40,100,0,1,2.0,0.002,111.56307036342837,223.12614072685673,2746,1169,0.3455945252352438,0.3333333333333333,-0.03618958475705935,0.02112103569730256,0.07048408485186253,60.4683846,-0.08431022799517769,-0.025151579347796858,-0.08393126053652425,-26.48970035070799,-0.13092140518962883,-0.07079566860490978,-0.23624638534107004,-110.7200520954006
5,40,100,0,1,0.2,0.004,223.12614072685673,44.62522814537135,2745,1174,0.8100511073253833,0.8333333333333334,-0.1098819903519311,-0.06634298926878536,-0.14673135522421443,-53.38390584,-0.17879760698135336,-0.13650037388040906,-0.30185808372102607,-141.015698003431,-0.24553429534642732,-0.20567194604659794,-0.45482468467956894,-225.87680627634194
5,40,100,0,1,0.25,0.004,223.12614072685673,55.78153518171418,2730,1167,0.7840616966580977,0.8,-0.10335769335673672,-0.04512597817855613,-0.10839987638212582,-38.80331970000001,-0.16617537768932258,-0.10934395380261733,-0.26264053126272324,-126.09710131587583,-0.22699736852654212,-0.1726481357532782,-0.4146950656056701,-210.6175933078556
5,40,100,0,1,0.3333333333333333,0.004,223.12614072685673,74.37538024228557,2698,1144,0.708916083916084,0.75,-0.08677216230037572,-0.09582031689119119,-0.26571206547810244,-121.4060062666667,-0.14253415253799423,-0.1503755382725705,-0.4169638112806817,-207.15543808016764,-0.19651637294782354,-0.2041323341538403,-0.5660215553152412,-290.16798315699725
5,40,100,0,1,0.5,0.004,223.12614072685673,111.56307036342837,2671,1119,0.6371760500446828,0.6666666666666666,-0.06267134430704094,-0.06584108498781865,-0.21265289624250977,-85.3782858,-0.10936225831405735,-0.11167306905427556,-0.3606630286915058,-169.58278310026986,-0.15454983887929605,-0.15681762987620015,-0.5064633919560797,-251.0761011608153
5,40,100,0,1,0.75,0.004,223.12614072685673,167.34460554514257,2629,1094,0.5548446069469836,0.5714285714285714,-0.046087373919103475,-0.037080702132751886,-0.1411945566754214,-41.17461859999999,-0.08476100886205673,-0.07511981143861067,-0.28602891276899695,-124.11780759229501,-0.1221687887630814,-0.1125558939074429,-0.4285718952635843,-204.3461223780563
5,40,100,0,1,1.0,0.004,223.12614072685673,223.12614072685673,2586,1077,0.48746518105849584,0.5,-0.03282587872075049,-0.028293886155063022,-0.12190817053840619,-38.00372399999998,-0.06652097890826088,-0.06140157843937821,-0.2645577139416907,-119.99653746127991,-0.09910331249865732,-0.0939704963290371,-0.4048856775126878,-199.281572535929
5,40,100,0,1,1.3333333333333333,0.004,223.12614072685673,297.5015209691423,2543,1059,0.4183191690273843,0.4285714285714286,-0.012534091345552733,-0.023578681019179957,-0.11501475477431736,-26.125590933333406,-0.041744534508436196,-0.052332714796912434,-0.2552744838108174,-106.6863989153955,-0.06999189414537954,-0.08061993932105681,-0.3932571332274244,-184.59107509653597
5,40,100,0,1,2.0,0.004,223.12614072685673,446.25228145371346,2472,1014,0.32741617357001973,0.3333333333333333,-0.005319551982038158,-0.014894532333749193,-0.08509375071991906,49.81649960000003,-0.029159325825503218,-0.038404258309989794,-0.21939974181696784,-27.189851844094562,-0.05221596120773753,-0.061530749444226665,-0.3515191058475998,-101.66653853671556
5,40,100,0,1,0.2,0.008,446.25228145371346,89.2504562907427,2525,1046,0.8231357552581262,0.8333333333333334,-0.0748917953344607,-0.030264443057881157,-0.11601516903849482,-30.747279519999985,-0.11028084498431721,-0.06638019014651277,-0.2544514101977795,-109.97291710216152,-0.14451403270109509,-0.10193462943855126,-0.39074022161399397,-186.61092095267048
5,40,100,0,1,0.25,0.008,446.25228145371346,111.56307036342837,2486,1013,0.786771964461994,0.8,-0.06208257535338444,-0.035442684034183776,-0.147136980082906,-29.8669254,-0.09434427391984768,-0.0677530401797381,-0.2812543771800674,-106.76230116488489,-0.12554721398677562,-0.09954867220275897,-0.413243445979901,-181.13413860774648
5,40,100,0,1,0.3333333333333333,0.008,446.25228145371346,148.75076048457115,2419,984,0.7449186991869918,0.75,-0.05889141276937614,-0.014409249456080138,-0.06596335566894546,22.551043733333266,-0.08717795634688283,-0.04289844028317364,-0.19637213604329043,-52.78301373947038,-0.11451917107646277,-0.07090664396018379,-0.3245826431499402,-125.59942682192026
5,40,100,0,1,0.5,0.008,446.25228145371346,223.12614072685673,2311,932,0.6706008583690987,0.6666666666666666,-0.04673414076540438,0.006112483403253567,0.03214606306445836,9.99438840000003,-0.0702208193763844,-0.017394095322698144,-0.0914798415911382,-61.93280305217343,-0.09290940838751817,-0.040483932675772306,-0.21291499669621677,-131.41587099097376
5,40,100,0,1,0.75,0.008,446.25228145371346,334.68921109028514,2189,861,0.5807200929152149,0.5714285714285714,-0.019787079304560893,0.016988026858879797,0.1011026224621278,103.13972100000001,-0.03920624566819253,-0.002211069154974105,-0.013158952371212035,36.519256635369004,-0.05796203052648427,-0.021061126774216562,-0.12534314608953062,-27.82537450815002
5,40,100,0,1,1.0,0.008,446.25228145371346,446.25228145371346,2110,813,0.5227552275522755,0.5,-0.006991800821628472,0.04394951711400607,0.28572770846210216,221.22945520000005,-0.023852514980246955,0.027351395935278182,0.1778185502000056,158.2464325354663,-0.0401358222550096,0.011057629129737975,0.07188852756005991,97.42030729001173
5,40,100,0,1,1.3333333333333333,0.008,446.25228145371346,595.0030419382846,2015,756,0.4365079365079365,0.4285714285714286,-0.022836106994218643,0.014629892098167556,0.10246157747485936,118.34131493333321,-0.037485665766788266,0.00030046840552874223,0.002104334503325908,59.83546810019202,-0.05163460735798521,-0.013764357191081633,-0.09639885998105195,3.328932822445495
5,40,100,0,1,2.0,0.008,446.25228145371346,892.5045629074269,1871,687,0.3406113537117904,0.3333333333333333,-0.011929514574096873,0.014237071917795222,0.11132774268507223,77.08701760000002,-0.02389636061272742,0.0025748749810941335,0.020134494449450674,23.995813773693875,-0.03545543744335348,-0.00887236202047884,-0.0693783291097648,-27.28631203269149
5,40,100,0,1,0.2,0.015,836.7230277257128,167.34460554514257,2148,848,0.8254716981132075,0.8333333333333334,-0.028373593520764923,-0.022575687511118298,-0.13087453831107365,-27.13269329999997,-0.047992777860709726,-0.04196416101782577,-0.2432692120915075,-91.97793442082566,-0.06695792631032067,-0.06102384817840147,-0.353759567809433,-154.66145901585145
5,40,100,0,1,0.25,0.015,836.7230277257128,209.1807569314282,2064,808,0.7933168316831684,0.8,-0.027745495862991923,-0.01817820332499119,-0.11158379939639128,-62.46058725000002,-0.045370412998312654,-0.03562874583504062,-0.2187046266154934,-124.39574568291778,-0.06240480108194912,-0.05277946931390373,-0.32398317310144087,-184.25574483454704
5,40,100,0,1,0.3333333333333333,0.015,836.7230277257128,278.90767590857087,1953,755,0.7589403973509934,0.75,-0.010320945166088424,0.019402980180410236,0.12539772297993543,81.34125799999981,-0.0258077962878724,0.003906838008396884,0.02524969914022597,23.203842721404733,-0.04077080531771276,-0.011314213920407797,-0.07312320011335163,-32.96707691516168
5,40,100,0,1,0.5,0.015,836.7230277257128,418.3615138628564,1762,672,0.6681547619047619,0.6666666666666666,0.0030331726125072066,0.0019696037388040166,0.014033076578931603,-1.1103330000000255,-0.009703122111641416,-0.010552367688034773,-0.07518503599704346,-53.270661928398766,-0.022001548970366637,-0.02284136066366445,-0.16274343109426775,-103.63774310442273
5,40,100,0,1,0.75,0.015,836.7230277257128,627.5422707942846,1582,589,0.5823429541595926,0.5714285714285714,-0.026250626016334367,0.02114674607810963,0.16138159888970233,109.49603549999998,-0.0366022202110647,0.010892964053851966,0.08313022886568647,63.632205880089984,-0.04659564946879438,0.0008368333685591814,0.006386337924815619,19.355263780827734
5,40,100,0,1,1.0,0.015,836.7230277257128,836.7230277257128,1449,525,0.49714285714285716,0.5,-0.019326386267769734,-0.006544413569072753,-0.0515846940368212,-76.1067615,-0.028319657508400202,-0.015390834117817614,-0.1213164343726901,-116.80659854431237,-0.037004516211932646,-0.02406904786784939,-0.1897214305423969,-156.1106876270148
5,40,100,0,1,1.3333333333333333,0.015,836.7230277257128,1115.6307036342835,1303,475,0.42526315789473684,0.4285714285714286,0.008027210500042365,-0.007406282895549814,-0.060936636313614095,-41.18826950000028,0.00024728957455757316,-0.01507675193057142,-0.12404820252767297,-78.18247173848715,-0.007263341053298093,-0.022598857817024694,-0.18593843715740677,-113.89617513556303
5,40,100,0,1,2.0,0.015,836.7230277257128,1673.4460554514255,1104,392,0.34438775510204084,0.3333333333333333,0.010992527994800065,0.02265783405815694,0.1901613481916975,198.08645699999997,0.004655611813170229,0.016444935134879973,0.13801706233505773,167.37053954665973,-0.0014593122397692274,0.010359187036849335,0.0869413318616773,137.7306489342473
5,40,100,0,1,0.2,0.025,1394.5383795428547,278.907675908571,1726,666,0.8408408408408409,0.8333333333333334,0.012691054339674561,0.019352921143389178,0.14155682574117504,66.91019450000022,0.0004772965664016015,0.00727130298821598,0.053187151824358445,15.265432410968877,-0.011317374753688315,-0.004592071937201381,-0.03358947188806802,-34.607260788933885
5,40,100,0,1,0.25,0.025,1394.5383795428547,348.6345948857137,1625,611,0.8036006546644845,0.8,0.02904387881711567,0.008039764036439337,0.06103421375885982,26.445465624999958,0.01800315747421348,-0.002643397880228597,-0.02006779314612179,-20.963076731103484,0.007341736750598642,-0.01312994835008134,-0.09967817916457936,-66.74291305281932
5,40,100,0,1,0.3333333333333333,0.025,1394.5383795428547,464.8461265142849,1490,551,0.7658802177858439,0.75,0.0188646430248594,0.03658117021355812,0.28475739372761244,143.28334499999977,0.009407500669756754,0.02717886700875155,0.21157075173456644,100.28514123402664,0.0002789929916781058,0.01795621466608425,0.13977807956407512,58.78112041218709
5,40,100,0,1,0.5,0.025,1394.5383795428547,697.2691897714274,1262,466,0.6738197424892703,0.6666666666666666,-0.006175011590251197,0.014533184761295974,0.1191891041357315,-11.982375000000047,-0.013793569800851252,0.0069818027793508595,0.05726007920443055,-48.38633772477662,-0.02114682324293611,-0.00042157768399584935,-0.0034574983481081845,-83.52258749957613
5,40,100,0,1,0.75,0.025,1394.5383795428547,1045.9037846571412,1079,372,0.5349462365591398,0.5714285714285714,0.02286725620426804,-0.0736211434819519,-0.5984186610735889,-443.4896106249998,0.016614585015352137,-0.0796977340508254,-0.6478256449269353,-472.3947501260392,0.01057733744629951,-0.08566065836683921,-0.6962954707843261,-500.30401928689423
5,40,100,0,1,1.0,0.025,1394.5383795428547,1394.5383795428547,945,331,0.48338368580060426,0.5,0.02603371487029962,-0.033699966366494735,-0.27913131986152995,-249.72791250000014,0.020636739985440963,-0.03900973282439615,-0.3231156948140208,-275.45814711582284,0.015425865271891626,-0.044216539290102615,-0.36624341620863465,-300.30114375630035
5,40,100,0,1,1.3333333333333333,0.025,1394.5383795428547,1859.3845060571396,797,285,0.42105263157894735,0.4285714285714286,-0.009415079721341528,-0.01562444940496819,-0.12847410946049634,-99.9376441666668,-0.014100811036418096,-0.020240262927159854,-0.16642892151660382,-122.60510491712145,-0.018617630447594194,-0.0247563336080762,-0.20356306229444443,-144.45544584262376
5,40,100,0,1,2.0,0.025,1394.5383795428547,2789.0767590857095,650,225,0.3333333333333333,0.3333333333333333,0.007299551551991384,-0.00034556714271975536,-0.002755051570290379,-175.64038,0.003491480718093919,-0.004102385905723378,-0.03270704330258195,-193.40437803937843,-0.0001812204265769979,-0.007779492867996203,-0.06202347023245558,-210.5368996701234
5,40,100,0,2,0.2,0.002,111.56307036342837,22.312614072685676,1493,653,0.7840735068912711,0.8333333333333334,-0.23364132360514342,-0.13332736840886045,-0.08604163907688857,-47.131683079999995,-0.36036447093125096,-0.26671694490372405,-0.172123107895937,-94.72744332007035,-0.4833009261699899,-0.39855874666070784,-0.25720589360797147,-140.90096545687172
5,40,100,0,2,0.25,0.002,111.56307036342837,27.89076759085709,1490,651,0.7542242703533026,0.8,-0.20654649706771902,-0.11879896116178958,-0.08331137702118087,-44.98395269999999,-0.3249928021684035,-0.24118605538584792,-0.16913237862213626,-92.43950388192387,-0.4398987154190922,-0.3621441525183103,-0.25395457387257186,-138.4765959021312
5,40,100,0,2,0.3333333333333333,0.002,111.56307036342837,37.187690121142786,1489,649,0.7087827426810478,0.75,-0.1636295224872989,-0.1017897260995333,-0.08009984935206202,-42.26868513333334,-0.2713696072937686,-0.21054432414487756,-0.16567498268166891,-89.65846619090614,-0.37587588994554083,-0.31800753700110423,-0.2502365874705056,-135.6258502235472
5,40,100,0,2,0.5,0.002,111.56307036342837,55.78153518171418,1487,647,0.6398763523956723,0.6666666666666666,-0.09413440848377833,-0.06512885506538814,-0.060731462543985815,-29.832301400000002,-0.18658732813004597,-0.1566278657280559,-0.14605092007453474,-77.13129163406924,-0.27625733381579887,-0.24703392373883148,-0.23035193440177265,-123.00654078192649
5,40,100,0,2,0.75,0.002,111.56307036342837,83.67230277257129,1484,645,0.5596899224806201,0.5714285714285714,-0.04291519685767837,-0.03138324164520771,-0.03519928403011648,-11.419801700000008,-0.12009601611582349,-0.10722699854999311,-0.12026019080073405,-58.59591471611684,-0.1949508168134949,-0.18215954562131104,-0.20430061466637306,-104.35026886077782
5,40,100,0,2,1.0,0.002,111.56307036342837,111.56307036342837,1479,643,0.5085536547433903,0.5,-0.050838491640609974,0.010366761361357788,0.013340891788716473,16.6482576,-0.11806451095787607,-0.055539904494504425,-0.07146946152693329,-30.453003374419055,-0.18325702582673942,-0.12064636879985469,-0.15524929493097353,-76.12950910243816
5,40,100,0,2,1.3333333333333333,0.002,111.56307036342837,148.75076048457115,1475,641,0.42745709828393136,0.4285714285714286,-0.02695725717582905,-0.008068089785099061,-0.011949193928213413,1.765040399999977,-0.08532508326377476,-0.06516696397632092,-0.09651206558646602,-45.26739126582094,-0.14192027720042427,-0.12156090252780194,-0.18003130852890725,-90.87144695617108
5,40,100,0,2,2.0,0.002,111.56307036342837,223.12614072685673,1470,634,0.34069400630914826,0.3333333333333333,-0.014033228726610777,0.010801107546190063,0.01948892064955543,21.5383944,-0.061698671808613055,-0.03556012675633512,-0.06416117979483008,-24.973304518062633,-0.10791704901242485,-0.08134360004281353,-0.1467683561216753,-70.07296385169899
5,40,100,0,2,0.2,0.004,223.12614072685673,44.62522814537135,1469,637,0.8131868131868132,0.8333333333333334,-0.1127441305519804,-0.05880440205346032,-0.07014086265018693,-28.64256744,-0.18142236475119247,-0.1292873217496755,-0.15419727370553113,-75.48448717131984,-0.248003772525779,-0.19887737928450297,-0.23719533572477458,-120.89626857398196
5,40,100,0,2,0.25,0.004,223.12614072685673,55.78153518171418,1466,635,0.7811023622047244,0.8,-0.08994634458050464,-0.052137888540032803,-0.06850603358933635,-30.65055939999999,-0.15323159684552132,-0.11591992419058958,-0.15230654443173033,-77.40122426028589,-0.21457915089755195,-0.17889109503861733,-0.2350440159893749,-122.72045483669896
5,40,100,0,2,0.3333333333333333,0.004,223.12614072685673,74.37538024228557,1460,629,0.7265500794912559,0.75,-0.061324448857987775,-0.05820833462349985,-0.08711098060595023,-32.64803333333336,-0.11771185714821618,-0.11366856411410065,-0.17010102327699486,-78.81427416085688,-0.1723854991872163,-0.16843476469387852,-0.25205672344984276,-123.5773977344526
5,40,100,0,2,0.5,0.004,223.12614072685673,111.56307036342837,1446,621,0.6650563607085346,0.6666666666666666,-0.05994938163786731,-0.008112086428102492,-0.014277966917153505,12.017339,-0.10660674389065945,-0.05470028217724667,-0.09627143951512523,-33.855802384218634,-0.1518241464240079,-0.10067427467857008,-0.17718477784157774,-78.3131870130569
5,40,100,0,2,0.75,0.004,223.12614072685673,167.34460554514257,1427,612,0.5620915032679739,0.5714285714285714,-0.02912509904682049,-0.0226181769936993,-0.04811661841808133,9.199337299999996,-0.06780346767814545,-0.060626974288065426,-0.1289631577830221,-36.21884814076681,-0.10527511564666889,-0.09811393036854062,-0.20870383903227935,-80.22003837781313
5,40,100,0,2,1.0,0.004,223.12614072685673,223.12614072685673,1418,605,0.5057851239669422,0.5,-0.036577193856030685,0.0082519936888433,0.019986185677343393,47.188674000000006,-0.07020713344177927,-0.024752087841600545,-0.059945605324719486,2.294908015839603,-0.10278812519961408,-0.05730114266012729,-0.13877421995838082,-41.19858134290845
5,40,100,0,2,1.3333333333333333,0.004,223.12614072685673,297.5015209691423,1401,593,0.4350758853288364,0.4285714285714286,-0.02322334266524933,0.01026024599660767,0.028179263531617406,72.09815666666663,-0.05243381675884292,-0.018280111016096664,-0.05020122968191509,27.918634322513995,-0.08072474622816833,-0.04641516070095864,-0.12746630154598304,-14.87011832224487
5,40,100,0,2,2.0,0.004,223.12614072685673,446.25228145371346,1372,581,0.3373493975903614,0.3333333333333333,-0.016418914663475736,0.006172936470676447,0.02036726449697615,81.40026199999998,-0.04032368530591599,-0.017112086160856032,-0.05645685403911075,37.94680879628568,-0.06346926508137232,-0.0400572380015129,-0.13215838313358533,-4.126607539281309
5,40,100,0,2,0.2,0.008,446.25228145371346,89.2504562907427,1405,595,0.8319327731092437,0.8333333333333334,-0.05201077349026117,-0.0074498999993654865,-0.015924268713453427,-10.720899199999977,-0.0880095726771806,-0.04420340859313796,-0.09449195895571588,-54.71078220745278,-0.1228951357063964,-0.08046997101927127,-0.17201762128138282,-97.34031071855784
5,40,100,0,2,0.25,0.008,446.25228145371346,111.56307036342837,1388,585,0.8034188034188035,0.8,-0.03500045754565322,0.00527207404124485,0.012266684816601835,2.6623420000000007,-0.06782821705151566,-0.0279511645139337,-0.0650383125867122,-40.847963916019076,-0.09962654678016988,-0.06070898713673518,-0.141261022604385,-82.99385126678726
5,40,100,0,2,0.3333333333333333,0.008,446.25228145371346,148.75076048457115,1357,572,0.7447552447552448,0.75,-0.023740766914132263,-0.014846136456757076,-0.03952645485180799,-17.974182666666707,-0.052509729379680445,-0.04324826070430807,-0.11514857230700763,-60.67835632350713,-0.08036870875861261,-0.07124030630612034,-0.18967744432428768,-102.03176608671814
5,40,100,0,2,0.5,0.008,446.25228145371346,223.12614072685673,1315,541,0.66728280961183,0.6666666666666666,-0.01898487189356097,-0.000996176518277409,-0.0030499423784521792,-8.730714400000014,-0.04263560328362251,-0.02437878055164735,-0.0746422685630963,-49.4479176469057,-0.06552454514210208,-0.04740130444804104,-0.14513198842559366,-88.8536206836392
5,40,100,0,2,0.75,0.008,446.25228145371346,334.68921109028514,1267,516,0.5775193798449613,0.5714285714285714,0.035334632687813165,0.010443869620789343,0.037302873270959484,31.98975960000001,0.015789204579408796,-0.008681409502991672,-0.03100815264058704,-6.946228030755718,-0.0031230659414340192,-0.027504571084765842,-0.09824049173309848,-44.62091732305145
5,40,100,0,2,1.0,0.008,446.25228145371346,446.25228145371346,1224,491,0.5010183299389002,0.5,0.0166397964617059,0.0004275662286804196,0.0016811734347962418,2.017412800000013,-0.0001966747975050508,-0.0161175151349413,-0.0633740367180779,-35.286695533188535,-0.016479554522996057,-0.03238785883432584,-0.1273489950406034,-71.36422626420094
5,40,100,0,2,1.3333333333333333,0.008,446.25228145371346,595.0030419382846,1183,475,0.42947368421052634,0.4285714285714286,0.019285610141861847,0.00043570685590150424,0.0019143669402710319,28.335227466666588,0.004746418602693187,-0.013894686291763167,-0.06104820252767219,-7.781969028501898,-0.009313899268954552,-0.027981020681608338,-0.12293843715740696,-42.70958257474039
5,40,100,0,2,2.0,0.008,446.25228145371346,892.5045629074269,1111,442,0.3257918552036199,0.3333333333333333,0.007942466336412343,-0.01721091733700601,-0.08566396428397897,-34.435107999999985,-0.003924143271613421,-0.028981901969451045,-0.14425116950996036,-68.04340670670501,-0.015399897950917472,-0.040552567216558054,-0.20184166152331307,-100.5447363945101
5,40,100,0,2,0.2,0.015,836.7230277257128,167.34460554514257,1260,522,0.8333333333333334,0.8333333333333334,0.01128582656125202,-0.0019656709023505633,-0.006889611862594729,4.546897500000011,-0.008992730835286978,-0.02164891429283233,-0.07588034046198935,-34.269316723093546,-0.028635698838037835,-0.04105356692698927,-0.14389445093929723,-71.86891708235189
5,40,100,0,2,0.25,0.015,836.7230277257128,209.1807569314282,1223,491,0.790224032586558,0.8,0.0018384240837223994,-0.025695417397050304,-0.09640954986957684,-73.85652374999998,-0.01614445484061765,-0.04300859047501643,-0.16137403671807823,-110.67331017718807,-0.0335528968159393,-0.060058872162872916,-0.2253489950406034,-146.31403783442744
5,40,100,0,2,0.3333333333333333,0.015,836.7230277257128,278.90767590857087,1182,468,0.7414529914529915,0.75,0.02553121675166489,-0.020977386540465312,-0.08605766217404642,-75.61672650000008,0.009740001116678387,-0.03608275934962321,-0.14803065006936983,-110.96130654748153,-0.0055386988310650335,-0.05094630660151975,-0.20900881808350802,-145.1587518744909
5,40,100,0,2,0.5,0.015,836.7230277257128,418.3615138628564,1097,435,0.6758620689655173,0.6666666666666666,0.02566964419681823,0.018413909280198676,0.08445070871936439,25.509755250000037,0.012842050266217554,0.005836119605953187,0.02676638294834245,-7.770214964399873,0.0004425231082664746,-0.006521996555531703,-0.0299120424494145,-39.939606724209796
5,40,100,0,2,0.75,0.015,836.7230277257128,627.5422707942846,1000,391,0.5703324808184144,0.5714285714285714,-0.015781915807020038,-0.0031821672532437438,-0.01618881530006154,-16.932297000000034,-0.02613455269272297,-0.013383675517798373,-0.06808757302804179,-46.95221680142927,-0.036139139555650554,-0.023397796216723922,-0.11903300827062313,-75.96288322268535
5,40,100,0,2,1.0,0.015,836.7230277257128,836.7230277257128,939,364,0.510989010989011,0.5,0.011009597779248616,0.02111755765579716,0.11543146869571684,50.163697499999984,0.002022675164365535,0.01227312128821153,0.06708727216826817,22.106711143178764,-0.0066596427693976865,0.003596616798071128,0.019659808157271447,-4.999305705097356
5,40,100,0,2,1.3333333333333333,0.015,836.7230277257128,1115.6307036342835,878,340,0.43529411764705883,0.4285714285714286,0.01938510789273257,0.012816641033348198,0.07572801642154456,-3.9545575000001634,0.011625468554983283,0.005174779833771619,0.03057602345387611,-30.088728560473903,0.004127325785679368,-0.0023227518675035803,-0.013724355017933391,-55.34218909381866
5,40,100,0,2,2.0,0.015,836.7230277257128,1673.4460554514255,789,300,0.33,0.3333333333333333,0.01288278619760368,-0.0076638401259909415,-0.0487306034952287,25.45969049999998,0.006555866405674156,-0.01393562910366705,-0.0886093910701088,2.1981399306658176,0.00044600502146296213,-0.020083101697043932,-0.12769796030994085,-20.265373790772628
5,40,100,0,2,0.2,0.025,1394.5383795428547,278.907675908571,1118,433,0.815242494226328,0.8333333333333334,0.011982907817152284,-0.04766775562811985,-0.24058465270144538,-193.65200799999985,-0.00020369160328509214,-0.059030620335970736,-0.29794288777785705,-226.56713155723983,-0.011989128049490318,-0.07020853372444827,-0.3543607227140143,-258.3987429378757
5,40,100,0,2,0.25,0.025,1394.5383795428547,348.6345948857137,1071,409,0.7995110024449877,0.8,0.009026537979098446,-0.002234528356637635,-0.011448402330435002,-16.935486249999997,-0.0018380511921553956,-0.012824200971726917,-0.0657041364922485,-48.44507502193257,-0.012334778115322508,-0.02322554427651738,-0.11899488588921925,-78.88778607035238
5,40,100,0,2,0.3333333333333333,0.025,1394.5383795428547,464.8461265142849,978,379,0.7361477572559367,0.75,0.007569720490019324,-0.032252086535409036,-0.17980748315166564,-132.8358800000001,-0.0018142458676842007,-0.04127140246648687,-0.23009319738523776,-162.03687072792317,-0.010880423382866093,-0.05012894359316864,-0.2794750898582254,-190.24896734751542
5,40,100,0,2,0.5,0.025,1394.5383795428547,697.2691897714274,868,336,0.6547619047619048,0.6666666666666666,-0.01677726660454765,-0.025701489530299826,-0.15419662003637757,-100.90120374999995,-0.024364988765293923,-0.03314289310894845,-0.19884251799852215,-127.0611847601042,-0.031690244535006046,-0.04043997061206052,-0.24262171554713374,-152.3162676123972
5,40,100,0,2,0.75,0.025,1394.5383795428547,1045.9037846571412,766,290,0.5793103448275863,0.5714285714285714,0.008187737417418505,0.015356873268628866,0.09635163140842784,-16.666981249999875,0.001954931453393013,0.009219291418842748,0.057844255298894656,-39.00134673143039,-0.004066983105874644,0.0031969714471303625,0.02005863836705775,-60.58001313640354
5,40,100,0,2,1.0,0.025,1394.5383795428547,1394.5383795428547,688,257,0.49416342412451364,0.5,0.03155044163110582,-0.01215254279111848,-0.07822632882749717,-102.71873749999999,0.026156514696869165,-0.017454870493639484,-0.11235871168339376,-122.550289793256,0.020945829818590188,-0.022656884567897953,-0.14584458599884922,-141.70812617241916
5,40,100,0,2,1.3333333333333333,0.025,1394.5383795428547,1859.3845060571396,609,224,0.4107142857142857,0.4285714285714286,0.00957011948394791,-0.03665552945028797,-0.23616016754582658,-129.6227258333334,0.004907892524625969,-0.041270614889796484,-0.2658950119990147,-146.9202415447422,0.0004042838132356623,-0.04580070965321335,-0.2950811436980896,-163.62926131640944
5,40,100,0,2,2.0,0.025,1394.5383795428547,2789.0767590857095,499,181,0.3149171270718232,0.3333333333333333,-0.0059733211769775925,-0.039902267563358094,-0.25229189206266406,-243.86448249999998,-0.009789715160514358,-0.04370041938054891,-0.27631099927896585,-257.71031302876065,-0.013478785999463505,-0.04743029651239801,-0.2998944360536644,-271.09421675175844
5,40,100,1,1,0.2,0.002,111.56307036342837,22.312614072685676,2224,965,0.7626943005181347,0.8333333333333334,-0.22222554279028248,-0.17936598255307548,-0.17678068283472026,-105.35697407999999,-0.34976010861666856,-0.3082510901922756,-0.3038768746088502,-174.9204105285747,-0.47358834696316493,-0.43579590368867405,-0.42961177233031006,-242.4622391531505
5,40,100,1,1,0.25,0.002,111.56307036342837,27.89076759085709,2221,963,0.7362409138110073,0.8,-0.19905553903635095,-0.1570228136141744,-0.1666348968819555,-101.77421655,-0.31789284407197815,-0.2764916448400308,-0.29348614533504946,-171.27344231697538,-0.43326637523869815,-0.39470028313822597,-0.4189604525949105,-238.74696073516185
5,40,100,1,1,0.3333333333333333,0.002,111.56307036342837,37.187690121142786,2217,957,0.6948798328108673,0.75,-0.15130424515563995,-0.13074013075704147,-0.15369506124973975,-90.48817573333335,-0.2595276467417548,-0.23796858670402873,-0.279780624180314,-159.6699094309788,-0.3645831728941034,-0.34402634757172473,-0.40447316005537837,-226.82658097539166
5,40,100,1,1,0.5,0.002,111.56307036342837,55.78153518171418,2204,947,0.6304118268215417,0.6666666666666666,-0.08683904827911332,-0.08445735068611093,-0.11587026044212603,-72.48586840000002,-0.17941496861226774,-0.1754012201323509,-0.2406603111446436,-141.03178901328442,-0.2692722905328883,-0.2653316428362378,-0.36404989471171356,-207.5647798031942
5,40,100,1,1,0.75,0.002,111.56307036342837,83.67230277257129,2187,940,0.5382978723404256,0.5714285714285714,-0.05113357807404645,-0.07419225957960988,-0.12174436002708805,-75.33237220000001,-0.12820631494399376,-0.14968720109905861,-0.2456427586863411,-143.48688653481852,-0.2030060370369098,-0.22432126240040673,-0.3681202756378151,-209.63140064782277
5,40,100,1,1,1.0,0.002,111.56307036342837,111.56307036342837,2174,936,0.4722222222222222,0.5,-0.04420993938503728,-0.06238590584219062,-0.11667650630839396,-56.72628400000001,-0.11137833830761365,-0.12836760380523002,-0.2400613001387396,-124.67502283725018,-0.17655964237258004,-0.1935811247507868,-0.36201763616701593,-190.6135814157715
5,40,100,1,1,1.3333333333333333,0.002,111.56307036342837,148.75076048457115,2166,930,0.4075268817204301,0.4285714285714286,-0.020035083296476634,-0.04869982101223743,-0.1039157550397754,-53.18095913333335,-0.07830108233066166,-0.10616355164595917,-0.22652244565067092,-120.77469387348775,-0.13483820830141247,-0.1629540481230422,-0.34769701029415045,-186.36278228154004
5,40,100,1,1,2.0,0.002,111.56307036342837,223.12614072685673,2141,921,0.31704668838219324,0.3333333333333333,-0.01753651906236475,-0.03981359507728627,-0.10243780856466954,-34.31314000000002,-0.06523913178824575,-0.08701878380345827,-0.22388083058523423,-101.35236562161079,-0.11152106369442354,-0.13366154470092398,-0.3438827381515189,-166.3950267666449
5,40,100,1,1,0.2,0.004,223.12614072685673,44.62522814537135,2167,931,0.8109559613319012,0.8333333333333334,-0.0689496357553457,-0.06426942265093642,-0.11251086077910828,-68.27074879999999,-0.14006481010550384,-0.1344253399688254,-0.2353344769542378,-136.40186376297382,-0.20903395868275235,-0.20371585464186912,-0.35663933682851673,-202.47700220639786
5,40,100,1,1,0.25,0.004,223.12614072685673,55.78153518171418,2150,919,0.7812840043525572,0.8,-0.0360650933928314,-0.05173864207502273,-0.09831880718362322,-75.81472520000001,-0.10173453389718971,-0.11554365162982494,-0.21959010131143336,-143.1628869328236,-0.1654154604585298,-0.1785489917913936,-0.3393314184161189,-208.47170193733942
5,40,100,1,1,0.3333333333333333,0.004,223.12614072685673,74.37538024228557,2119,902,0.7261640798226164,0.75,-0.03073038245926194,-0.059053701943569716,-0.12673856188150204,-93.80537613333337,-0.08804947505861409,-0.11451111743007852,-0.2457855691507938,-159.90603691556228,-0.14363301401858927,-0.16926643841428587,-0.3633118673318889,-224.0052486660052
5,40,100,1,1,0.5,0.004,223.12614072685673,111.56307036342837,2075,881,0.6503972758229285,0.6666666666666666,-0.03750752033861234,-0.038738621124869775,-0.09769760067635402,-63.6123548,-0.08448762326583746,-0.08487849170229185,-0.21406624510921946,-128.58128204770065,-0.13002361589885547,-0.1303934228583115,-0.32885634344352654,-191.55314477667642
5,40,100,1,1,0.75,0.004,223.12614072685673,167.34460554514257,2033,859,0.5518044237485448,0.5714285714285714,-0.02958407841161624,-0.04322481691186948,-0.12932610314476634,-86.683995,-0.06826215882972331,-0.08117086644414186,-0.24286822309741174,-150.38298601942415,-0.10573571609917973,-0.11857771916465763,-0.35479182635413065,-212.0982459850016
5,40,100,1,1,1.0,0.004,223.12614072685673,223.12614072685673,2002,845,0.49230769230769234,0.5,-0.017692328927841103,-0.01866073733440485,-0.06310166790877303,-36.681991199999985,-0.05131911607868742,-0.05170127743825882,-0.1748331181808065,-99.60714380649725,-0.083888444383403,-0.08425965828065887,-0.2849325882063335,-160.553494246455
5,40,100,1,1,1.3333333333333333,0.004,223.12614072685673,297.5015209691423,1966,826,0.41646489104116224,0.4285714285714286,-0.021491308058676238,-0.027392700597019745,-0.10417121807781285,-29.776585333333408,-0.050697027479029225,-0.056117853925428764,-0.2134045234130329,-91.3309824046861,-0.07898280487206517,-0.08441912886427251,-0.3210283840533704,-150.94649634095552
5,40,100,1,1,2.0,0.004,223.12614072685673,446.25228145371346,1913,794,0.3337531486146096,0.3333333333333333,-0.01155277198576251,-0.001412852276366182,-0.006352102025093093,37.26175200000001,-0.03542049142787281,-0.024783099083242197,-0.11141952169888795,-22.220873702140032,-0.05852734795936956,-0.047794515172608465,-0.21487393495364324,-79.80729294716828
5,40,100,1,1,0.2,0.008,446.25228145371346,89.2504562907427,1998,836,0.8253588516746412,0.8333333333333334,-0.04563108187515388,-0.02463299129131281,-0.0750985387155072,-74.14910927999998,-0.08182363483960421,-0.060851312524591195,-0.18552483644870332,-135.8309086532597,-0.11690233085744836,-0.09657881760642067,-0.2944516493970353,-195.61439759844447
5,40,100,1,1,0.25,0.008,446.25228145371346,111.56307036342837,1960,814,0.7899262899262899,0.8,-0.04468419797728753,-0.02795167903460575,-0.09274135031752491,-66.1468858,-0.07728450606422925,-0.06037659455542015,-0.20032681443689526,-126.55614453400263,-0.10886771794301496,-0.09234216455912088,-0.30638713230764003,-185.08069629431617
5,40,100,1,1,0.3333333333333333,0.008,446.25228145371346,148.75076048457115,1909,786,0.7442748091603053,0.75,-0.03757594981137569,-0.01593809323402442,-0.05833372965570631,-34.94249440000003,-0.06612651051227524,-0.04433240107625961,-0.1622566046036853,-93.5176662247315,-0.09377770894295377,-0.07231383301345194,-0.2646686560120456,-150.2476799083404
5,40,100,1,1,0.5,0.008,446.25228145371346,223.12614072685673,1806,739,0.6468200270635994,0.6666666666666666,-0.06062458700056353,-0.04377140021923294,-0.18564929459170146,-100.06027040000001,-0.08396556681632697,-0.06682328965308656,-0.28342446666936805,-155.55268796287828,-0.10655854616163783,-0.08952525579340465,-0.3797126422301548,-209.26675882518015
5,40,100,1,1,0.75,0.008,446.25228145371346,334.68921109028514,1719,694,0.5605187319884726,0.5714285714285714,-0.025302672193611257,-0.023826283013482406,-0.1149821542363271,-24.4279212,-0.04467404268234901,-0.04287054978806359,-0.20688305800885146,-76.86794113965426,-0.0634159819464343,-0.061608501525772345,-0.29730794818366346,-127.6040348655899
5,40,100,1,1,1.0,0.008,446.25228145371346,446.25228145371346,1646,655,0.5129770992366413,0.5,-0.014698069267158661,0.024326962126857817,0.12752782440865296,86.71548159999999,-0.03152954998057743,0.007780295821910274,0.04078616283026274,37.17409435568265,-0.047812960182267134,-0.008499654705300501,-0.04455721334337115,-10.754114944217651
5,40,100,1,1,1.3333333333333333,0.008,446.25228145371346,595.0030419382846,1576,606,0.429042904290429,0.4285714285714286,-0.015835345587073942,-0.00043739468674562084,-0.002450834449047097,-29.0655464000001,-0.030447844070445353,-0.014769233587648036,-0.08275763662828634,-75.11548447106271,-0.04457968284316023,-0.028860532362312286,-0.16171654649274797,-119.65066790011923
5,40,100,1,1,2.0,0.008,446.25228145371346,892.5045629074269,1476,561,0.32976827094474154,0.3333333333333333,-0.009586677803400823,-0.008706862778728675,-0.055161844628293155,-30.167292800000062,-0.021531065478172663,-0.02044831379704338,-0.12954956130110357,-72.95565241603165,-0.033079436672336114,-0.03198584624034463,-0.2026451857795896,-114.32536286832783
5,40,100,1,1,0.2,0.015,836.7230277257128,167.34460554514257,1711,703,0.817923186344239,0.8333333333333334,-0.02437706568862941,-0.0417910728451152,-0.20421855915259918,-131.83281989999998,-0.04402399530400982,-0.0608156889578745,-0.29719133974095496,-184.1241031037594,-0.06305470306197611,-0.07955973428516362,-0.3887888869929615,-234.77528109549831
5,40,100,1,1,0.25,0.015,836.7230277257128,209.1807569314282,1648,662,0.783987915407855,0.8,-0.04031484398946112,-0.04057547732862721,-0.20741326032907104,-124.70708962499998,-0.057748204844056204,-0.05770499164898848,-0.2949813896280403,-174.1698396895458,-0.0746291358508547,-0.07457849547276715,-0.3812368324172697,-222.0652098485382
5,40,100,1,1,0.3333333333333333,0.015,836.7230277257128,278.90767590857087,1557,624,0.7323717948717948,0.75,-0.034332609910209366,-0.04125594865860114,-0.22812924510288746,-92.72726000000016,-0.049583639499429455,-0.05618976043926811,-0.3107075334258265,-139.5220171884422,-0.0643473756493784,-0.07089318529655571,-0.39201175744467737,-184.82161117909388
5,40,100,1,1,0.5,0.015,836.7230277257128,418.3615138628564,1423,562,0.6548042704626335,0.6666666666666666,-0.027090803574364948,-0.026130503247826203,-0.1572302810047403,-93.80035575000002,-0.03967333885122472,-0.03850547661408749,-0.23169492593800367,-136.37476051049885,-0.051844747888983536,-0.050674922826584215,-0.3049208456472894,-177.55807400631903
5,40,100,1,1,0.75,0.015,836.7230277257128,627.5422707942846,1293,496,0.5504032258064516,0.5714285714285714,-0.01929356782325403,-0.043200607667070824,-0.2800794839249499,-206.69427337500005,-0.02963517361336175,-0.05334424321529077,-0.34585085990257985,-244.3946401021924,-0.039636424225810936,-0.06331226307166399,-0.41047729437910235,-280.85424061999197
5,40,100,1,1,1.0,0.015,836.7230277257128,836.7230277257128,1187,450,0.48444444444444446,0.5,-0.03356201613339706,-0.03193310291725536,-0.21568512478158397,-94.18498350000007,-0.04255196321853935,-0.0407764646104776,-0.27541408660516287,-128.7529124819137,-0.05123934255148757,-0.049457358605020756,-0.33404694046491157,-162.15741519768721
5,40,100,1,1,1.3333333333333333,0.015,836.7230277257128,1115.6307036342835,1097,401,0.40399002493765584,0.4285714285714286,-0.011935366812175966,-0.050767275928890875,-0.35006301809602847,-212.37745500000025,-0.019732600040226457,-0.058486020716136816,-0.40329121939704593,-243.34264532887815,-0.027264563782698998,-0.06606317620500755,-0.45553960694762136,-273.2543696565321
5,40,100,1,1,2.0,0.015,836.7230277257128,1673.4460554514255,960,350,0.3342857142857143,0.3333333333333333,0.0017156730583317813,0.0014304207378144015,0.010643284407698017,113.86967399999995,-0.004636817441421562,-0.004821908301643213,-0.03587762291512703,86.70936767811756,-0.010771018132161086,-0.01095093975364067,-0.08148095369493102,60.48236744775781
5,40,100,1,1,0.2,0.025,1394.5383795428547,278.907675908571,1415,557,0.8114901256732495,0.8333333333333334,-0.02355277689684222,-0.05691020733690106,-0.3722760290663643,-170.48865699999982,-0.035348008906858255,-0.06817552234028632,-0.44596810275350207,-212.20021593796324,-0.0467675570825757,-0.07927003911713333,-0.5185425463087897,-252.58324158526534
5,40,100,1,1,0.25,0.025,1394.5383795428547,348.6345948857137,1331,518,0.7818532818532818,0.8,-0.022641562735401254,-0.04489635930810773,-0.300431635346684,-154.56080500000002,-0.03324026359922117,-0.05515025572534831,-0.3690488819143881,-193.7633273087764,-0.04349340064984538,-0.06523632428421622,-0.4365418114684977,-231.68767663484758
5,40,100,1,1,0.3333333333333333,0.025,1394.5383795428547,464.8461265142849,1219,467,0.7430406852248393,0.75,-0.018072994795982823,-0.01678597539603743,-0.11429870483922004,-73.22260666666678,-0.02731319650563654,-0.02587928093877871,-0.1762186187658032,-108.7876907408131,-0.03624802370358843,-0.03481533551301115,-0.23706649154914144,-143.17740326744982
5,40,100,1,1,0.5,0.025,1394.5383795428547,697.2691897714274,1062,404,0.6534653465346535,0.6666666666666666,-0.03220076234502749,-0.028423496585016153,-0.20516530410981004,-161.17436000000004,-0.03973734401300572,-0.03584320781322299,-0.258727313307747,-191.86013658149977,-0.04702626584598293,-0.04313567487386412,-0.31136658655072036,-221.53754694342547
5,40,100,1,1,0.75,0.025,1394.5383795428547,1045.9037846571412,926,331,0.5438066465256798,0.5714285714285714,-0.02904541409181466,-0.055956370609611346,-0.4042078373003283,-253.21064374999992,-0.035244294993106065,-0.062034079804476484,-0.44811569481402036,-278.504526243917,-0.041236822589396344,-0.06800438734277651,-0.4912434162086342,-302.9564057485778
5,40,100,1,1,1.0,0.025,1394.5383795428547,1394.5383795428547,822,300,0.46,0.5,-0.00042799666712626345,-0.08063750781488117,-0.6038492973692399,-315.0504675000001,-0.005811047547195395,-0.08594691336568276,-0.6436093910701094,-337.6896428215875,-0.011019685614150383,-0.09116675931674706,-0.6826979603099407,-359.59530060035473
5,40,100,1,1,1.3333333333333333,0.025,1394.5383795428547,1859.3845060571396,715,254,0.40551181102362205,0.4285714285714286,-0.007229301445148785,-0.04731153796274541,-0.34486614134746596,-140.0112858333335,-0.011902937765813953,-0.05193831307232053,-0.37858928443935913,-159.60415971947694,-0.016417921079350473,-0.05647858389053646,-0.4116842730624171,-178.53192657823263
5,40,100,1,1,2.0,0.025,1394.5383795428547,2789.0767590857095,586,207,0.32367149758454106,0.3333333333333333,-0.008765133216679767,-0.02096107783723815,-0.15262604950351083,-52.33277250000007,-0.01258557260227927,-0.024732983632873,-0.18009047983837537,-68.14649784303813,-0.01627891071330524,-0.028437099982804956,-0.20706159261385934,-83.43412017959163
5,40,100,1,2,0.2,0.002,111.56307036342837,22.312614072685676,1128,481,0.7692307692307693,0.8333333333333334,-0.15146925499422623,-0.1658240174693288,-0.0807486360356286,-38.8891312,-0.28495742422792786,-0.2955948175507138,-0.14392039034907456,-72.52662675486519,-0.4148729965924654,-0.42431542578745735,-0.20659239636360527,-105.26386866181768
5,40,100,1,2,0.25,0.002,111.56307036342837,27.89076759085709,1126,481,0.7484407484407485,0.8,-0.1457823676436286,-0.13160079473604142,-0.0687486360356286,-33.09606395,-0.26791763349975733,-0.25256668496351875,-0.13192039034907455,-66.7335595048652,-0.3867841447470173,-0.37255466223692585,-0.19459239636360537,-99.47080141181769
5,40,100,1,2,0.3333333333333333,0.002,111.56307036342837,37.187690121142786,1125,479,0.7098121085594989,0.75,-0.10271369619562247,-0.09998842075782963,-0.0580400015270713,-25.076438466666673,-0.21304946354111196,-0.2084409912567434,-0.1209629944086072,-58.642564131565194,-0.32041495619498506,-0.3159870832429052,-0.18337440996153906,-91.30507879201149
5,40,100,1,2,0.5,0.002,111.56307036342837,55.78153518171418,1121,477,0.639412997903564,0.6666666666666666,-0.06610089598939452,-0.06637755072738942,-0.045669644529027664,-15.119104499999999,-0.1589849084805293,-0.15750467112602812,-0.10833893180147305,-48.59815983298472,-0.24935715111521253,-0.2478604195485782,-0.1704897568928061,-81.17187441084334
5,40,100,1,2,0.75,0.002,111.56307036342837,83.67230277257129,1116,475,0.5494736842105263,0.5714285714285714,-0.015125316529495798,-0.05208969799119109,-0.04314099806593425,-16.290557949999997,-0.09231066483006792,-0.12746707586125008,-0.10554820252767236,-49.604278935829534,-0.16741319799745236,-0.20220986677282998,-0.16743843715740658,-82.01904275245803
5,40,100,1,2,1.0,0.002,111.56307036342837,111.56307036342837,1113,474,0.4957805907172996,0.5,-0.04257795573489902,-0.015415505386335416,-0.014631721718440405,0.08676379999999462,-0.10954483461240846,-0.08103840658807732,-0.07690283789077197,-33.13893442288518,-0.17470740432379042,-0.14611958196647598,-0.13866277728970677,-65.46942246337264
5,40,100,1,2,1.3333333333333333,0.002,111.56307036342837,148.75076048457115,1109,473,0.42917547568710357,0.4285714285714286,-0.02193226476495644,-0.00483541765710229,-0.005289265754140335,5.132547133333317,-0.08003554360089049,-0.06164802419875368,-0.06742413992053833,-28.003544041039326,-0.13657595276554768,-0.11799795761303891,-0.12905378408867366,-60.2483362567538
5,40,100,1,2,2.0,0.002,111.56307036342837,223.12614072685673,1101,468,0.3141025641025641,0.3333333333333333,-0.039218124153338536,-0.04639677721665096,-0.06054199540326477,-14.90335420000001,-0.08716454819979771,-0.09352807690136083,-0.12203065006936982,-47.75522066894508,-0.13381390256477912,-0.14026363705848838,-0.18300881808350797,-79.71836267461134
5,40,100,1,2,0.2,0.004,223.12614072685673,44.62522814537135,1107,468,0.8333333333333334,0.8333333333333334,-0.090479050837624,-0.007753707270271626,-0.006499365598659192,8.607016480000002,-0.16016409237470564,-0.08117443835111436,-0.06803065006936981,-24.47545326543822,-0.22792676606534615,-0.15393382746734705,-0.12900881808350784,-56.64529277177916
5,40,100,1,2,0.25,0.004,223.12614072685673,55.78153518171418,1102,466,0.8025751072961373,0.8,-0.06952750795102693,-0.0004982197277240171,-0.0004626348801056307,11.024848200000003,-0.13349474730558344,-0.06649666534720557,-0.06173992079556906,-21.97004455961897,-0.19568941764460832,-0.13189222114283203,-0.12245749834810819,-54.05062985237481
5,40,100,1,2,0.3333333333333333,0.004,223.12614072685673,74.37538024228557,1094,464,0.7564655172413793,0.75,-0.030825163663374393,0.009006561922363803,0.009578281432954888,24.801104799999973,-0.08799075577515289,-0.048385869738469894,-0.05144919152176829,-8.120517354342496,-0.1435632432448,-0.1052432044339025,-0.11190617861270859,-40.12467172530184
5,40,100,1,2,0.5,0.004,223.12614072685673,111.56307036342837,1073,457,0.687089715536105,0.6666666666666666,-0.041685979608986755,0.0390257001365537,0.04967569935832958,38.05646459999999,-0.0884508430118823,-0.008195826953216967,-0.010431639063465718,5.683541503424522,-0.1339181495826662,-0.054978490846196035,-0.06997655953881002,-25.791149363164667
5,40,100,1,2,0.75,0.004,223.12614072685673,167.34460554514257,1057,451,0.5875831485587583,0.5714285714285714,-0.04885438998637486,0.028780439556818267,0.04477948487104278,40.2749473,-0.08731872056129614,-0.00935805392004829,-0.01455945124206362,8.222161385833317,-0.12470624810133776,-0.047127933330917984,-0.0733226003326111,-22.933311702844506
5,40,100,1,2,1.0,0.004,223.12614072685673,223.12614072685673,1042,444,0.5112612612612613,0.5,-0.07785848972002384,0.019066846445112574,0.033891973292574824,30.897993200000002,-0.11145654290910909,-0.013806568634702088,-0.024541898783761097,-0.7532022037759951,-0.14410632026756573,-0.046351929033251534,-0.08239298125871247,-31.511070144707944
5,40,100,1,2,1.3333333333333333,0.004,223.12614072685673,297.5015209691423,1032,433,0.45727482678983833,0.4285714285714286,-0.060345447291145125,0.05461263552612479,0.11007622514446312,70.9593596,-0.0896667750881898,0.026323172572013307,0.05305711222214293,39.8996693378227,-0.11814681370492533,-0.0016673520337348977,-0.00336072271401458,9.731145449221263
5,40,100,1,2,2.0,0.004,223.12614072685673,446.25228145371346,1016,416,0.35096153846153844,0.3333333333333333,-0.026547759727226908,0.03452866574946205,0.08236371150648207,56.510009600000004,-0.05048320410221558,0.011540307840081183,0.027528311049449104,26.35070429000998,-0.07371290731878394,-0.011182378686552719,-0.02667450496311785,-2.919348130701728
5,40,100,1,2,0.2,0.008,446.25228145371346,89.2504562907427,1059,444,0.8243243243243243,0.8333333333333334,-0.04339534150051814,-0.027415302822107322,-0.04452098604096133,-11.358028799999989,-0.07954542854130475,-0.0633933168776558,-0.10294189878376112,-42.88293761430693,-0.11468613594514662,-0.09901896635934691,-0.16079298125871255,-73.52761062232672
5,40,100,1,2,0.25,0.008,446.25228145371346,111.56307036342837,1038,438,0.8036529680365296,0.8,-0.036578454846146656,0.005716146501603355,0.009957454232293633,19.9913482,-0.06925114541522674,-0.02736690121443308,-0.04766971096235885,-11.099320332351008,-0.10101220685072591,-0.060130057681088984,-0.10473902205251395,-41.32250110281488
5,40,100,1,2,0.3333333333333333,0.008,446.25228145371346,148.75076048457115,1018,426,0.755868544600939,0.75,-0.032496636876534146,0.010647475041499547,0.02080828765802803,23.70773573333331,-0.061025974723645016,-0.01804189894445506,-0.035258668652887966,-6.679833698799111,-0.08874871349441557,-0.04644426072200007,-0.09076443697344969,-36.20826698246776
5,40,100,1,2,0.5,0.008,446.25228145371346,223.12614072685673,978,406,0.6551724137931034,0.6666666666666666,-0.061484578748532775,-0.026544805344140873,-0.061544379123952005,-26.676360799999994,-0.0847387265975858,-0.049607162339971984,-0.11501804258154731,-55.87534760976723,-0.10732112457517526,-0.07242281862880669,-0.1679179062861202,-84.2308541181427
5,40,100,1,2,0.75,0.008,446.25228145371346,334.68921109028514,953,384,0.5833333333333334,0.5714285714285714,-0.007040597741256927,0.02216283330539643,0.05881684878700576,44.941253599999996,-0.02639974554773606,0.003082293214452223,0.00817997943026079,16.981004613017916,-0.045181876064784646,-0.015770750846347655,-0.041853389196724454,-10.145863315895348
5,40,100,1,2,1.0,0.008,446.25228145371346,446.25228145371346,929,369,0.5013550135501355,0.5,-0.008909573210581874,0.0010281460162588913,0.003039176316496847,2.8430775999999867,-0.025692454036706763,-0.015439645737987699,-0.04563955101623371,-24.113127722403927,-0.041971051824131377,-0.0317045253670921,-0.09371849118122741,-50.259367385595425
5,40,100,1,2,1.3333333333333333,0.008,446.25228145371346,595.0030419382846,909,355,0.43380281690140843,0.4285714285714286,-0.015825818916906573,0.00909544534083444,0.029913443684696533,39.22596746666663,-0.030395318292124735,-0.0051501368127165395,-0.01693777943296204,13.212986017123946,-0.04452376292522114,-0.01921447062327966,-0.06319258636676381,-12.012518215146493
5,40,100,1,2,2.0,0.008,446.25228145371346,892.5045629074269,868,340,0.34705882352941175,0.3333333333333333,-0.0017782366959519654,0.027633472938830714,0.10749851149595481,55.3452528,-0.01365924566280471,0.016085687205749346,0.06257602345387656,30.1984882613815,-0.02517251026459387,0.00469790652136172,0.018275644982066894,5.830073523226744
5,40,100,1,2,0.2,0.015,836.7230277257128,167.34460554514257,956,394,0.8299492385786802,0.8333333333333334,-0.025441559434703807,-0.011008176520484934,-0.02936631371237544,6.17687700000004,-0.04501510436546637,-0.03046591572224684,-0.08127366693874287,-22.133872360106146,-0.06402452570050629,-0.04970963987061238,-0.13260998787372244,-49.628685629784115
5,40,100,1,2,0.25,0.015,836.7230277257128,209.1807569314282,933,382,0.7905759162303665,0.8,-0.041500461777245284,-0.02490890382965378,-0.0726894494434366,-7.578339375000006,-0.05886829963166603,-0.04215893113980182,-0.12302929129593868,-35.1119769828898,-0.07573156414430908,-0.05921476479703767,-0.1728020694613248,-61.845702727509206
5,40,100,1,2,0.3333333333333333,0.015,836.7230277257128,278.90767590857087,904,362,0.7513812154696132,0.75,-0.008901722534108796,0.0016318004904507146,0.0051132612610099715,23.974760499999924,-0.024328975688385324,-0.013601832528804744,-0.04262199855793139,-2.296372628279194,-0.0393001885990437,-0.028654057591743037,-0.08978887210732886,-27.790912941743073
5,40,100,1,2,0.5,0.015,836.7230277257128,418.3615138628564,854,334,0.6526946107784432,0.6666666666666666,0.008095030828670335,-0.03054450981151929,-0.1094501303514132,-67.63267125000002,-0.004609543444513928,-0.04285130018455365,-0.15355178872472097,-92.17469005581012,-0.016926941637567076,-0.05499592520902936,-0.19707039581173433,-115.96878276544288
5,40,100,1,2,0.75,0.015,836.7230277257128,627.5422707942846,794,308,0.5584415584415584,0.5714285714285714,0.0024309474813133266,-0.027124248234934548,-0.10907253975824575,-74.98695487499998,-0.007916833282617369,-0.03724451874681135,-0.14977230816531167,-97.73336975853783,-0.017945437896081856,-0.04722404856428785,-0.1899032392515395,-119.77817399675328
5,40,100,1,2,1.0,0.015,836.7230277257128,836.7230277257128,752,289,0.5051903114186851,0.5,0.0019413209372536645,0.009500806326280567,0.04125481571625733,34.37190750000002,-0.007026749487470117,0.0006884899450198313,0.0029896199357953013,12.668119420414811,-0.0157073514887534,-0.007983284703404,-0.034665701765243376,-8.339961171779876
5,40,100,1,2,1.3333333333333333,0.015,836.7230277257128,1115.6307036342835,713,268,0.458955223880597,0.4285714285714286,0.017542663811771646,0.06011869604732231,0.2815260755309591,149.59514499999986,0.009795698927081825,0.05254039948606845,0.24604227731070233,129.47679643978498,0.002296830156073831,0.04508369476044859,0.21112315545645255,110.00273685799976
5,40,100,1,2,2.0,0.015,836.7230277257128,1673.4460554514255,634,236,0.326271186440678,0.3333333333333333,-0.042395349530935114,-0.01563349129562794,-0.07800711254796475,-31.47513749999997,-0.04884116377758065,-0.02190613242526879,-0.10930605430848561,-49.38660329061969,-0.05507551582796481,-0.02806870452803154,-0.1400557287771534,-66.71046327235078
5,40,100,1,2,0.2,0.025,1394.5383795428547,278.907675908571,858,343,0.8396501457725948,0.8333333333333334,-0.019419974744585677,0.015970430242821486,0.060388633905867184,74.41011650000014,-0.031233042639792614,0.004003971741639071,0.01513992954317564,49.36229634062643,-0.04269147137092594,-0.007815274728518609,-0.0295513346210321,25.066434781845345
5,40,100,1,2,0.25,0.025,1394.5383795428547,348.6345948857137,816,326,0.8067484662576687,0.8,-0.012401698514215239,0.015989563350664603,0.06441715107609916,64.78648437500001,-0.02305814973386607,0.005302234115826474,0.021361128370481652,40.722463234093425,-0.033386282156029776,-0.005241169431068399,-0.021115116870135647,17.399839986428816
5,40,100,1,2,0.3333333333333333,0.025,1394.5383795428547,464.8461265142849,775,297,0.7474747474747475,0.75,-0.016241094444152938,-0.006710347644335938,-0.028910602142753566,-16.12643166666672,-0.025472932626206167,-0.015823263691041298,-0.06817329715940798,-38.22849794702367,-0.034414905043735865,-0.024805133081511447,-0.10687098070684155,-59.63659275457495
5,40,100,1,2,0.5,0.025,1394.5383795428547,697.2691897714274,700,262,0.6793893129770993,0.6666666666666666,-0.041422722613589716,0.026472227051486323,0.12161978658305302,130.19095750000002,-0.04893387368843301,0.018918241188314488,0.0869144651321048,110.34813599735418,-0.05619973797953725,0.011487733174147568,0.0527771146626516,91.15330863278291
5,40,100,1,2,0.75,0.025,1394.5383795428547,1045.9037846571412,629,229,0.611353711790393,0.5714285714285714,-0.024264092506046123,0.08112014799610837,0.39702462848170444,290.9373687500002,-0.030458729074186452,0.07492679071621793,0.36671149814981685,273.67386848956573,-0.0364531107288822,0.06883034648046535,0.33687389029674564,256.9684479021479
5,40,100,1,2,1.0,0.025,1394.5383795428547,1394.5383795428547,571,213,0.5164319248826291,0.5,-0.04071101196975786,0.03228121464341959,0.17220834841968757,131.20006750000005,-0.04609182178955125,0.02700027819211261,0.1440373323402223,115.33327782539158,-0.051303294777321005,0.021797907523437084,0.1162844481799421,99.96582412210822
5,40,100,1,2,1.3333333333333333,0.025,1394.5383795428547,1859.3845060571396,505,181,0.47513812154696133,0.4285714285714286,-0.08330311713663613,0.09254969178009999,0.48933828137967494,376.68172416666664,-0.08803635656458425,0.08801448462397761,0.46535566738770084,362.98475038401494,-0.09261530135796141,0.08355405966549534,0.44177223061300197,349.73427198717553
5,40,100,1,2,2.0,0.025,1394.5383795428547,2789.0767590857095,418,139,0.34532374100719426,0.3333333333333333,-0.11356495530193898,0.024772243278161476,0.1232356525620632,115.86006750000004,-0.11755050541117844,0.021065282610803066,0.1047943154708495,105.31713918226117,-0.12140548243088828,0.01742468328273457,0.08668327838972728,95.11961430580507
5,50,200,0,1,0.2,0.002,111.56307036342837,22.312614072685676,1425,613,0.7699836867862969,0.8333333333333334,-0.24890158370074444,-0.16375688305929023,-0.1014607342867333,-59.111681,-0.3744755431408869,-0.29421217977395114,-0.18230852241992246,-103.79097764059753,-0.4962973470799571,-0.42310913850605464,-0.2621794988999793,-147.13525490758062
5,50,200,0,1,0.25,0.002,111.56307036342837,27.89076759085709,1425,613,0.7471451876019576,0.8,-0.22709918309639113,-0.1339008752932874,-0.08926073428673328,-50.7037988,-0.3443312147198691,-0.2551719599005134,-0.17010852241992247,-95.38309544059754,-0.4580603480169821,-0.37498273315073716,-0.24997949889997934,-138.72737270758063
5,50,200,0,1,0.3333333333333333,0.002,111.56307036342837,37.187690121142786,1423,611,0.7086743044189853,0.75,-0.17385304987601605,-0.10195717577936904,-0.07555105405588025,-39.48357420000001,-0.28115171025806057,-0.21074959677823438,-0.15615112647945512,-84.09357241124316,-0.3852307096366554,-0.31819587098079083,-0.2357615124979131,-127.36497915178848
5,50,200,0,1,0.5,0.002,111.56307036342837,55.78153518171418,1419,609,0.6518883415435139,0.6666666666666666,-0.12309308914603041,-0.04038149728734184,-0.03517692058348919,-18.32922529999999,-0.21488405904777635,-0.13263020491490835,-0.11552706387232095,-62.86571519117592,-0.3039096912183225,-0.2237272975952305,-0.19487685942918015,-106.06047793813386
5,50,200,0,1,0.75,0.002,111.56307036342837,83.67230277257129,1416,606,0.5676567656765676,0.5714285714285714,-0.06462038889754697,-0.015345657829723355,-0.016139723078894802,-1.5113619499999977,-0.14163654984523588,-0.09137471622368547,-0.09609096996161992,-45.821416145538606,-0.21633338625888449,-0.1664582332813068,-0.17504987982608078,-88.79708292763327
5,50,200,0,1,1.0,0.002,111.56307036342837,111.56307036342837,1416,606,0.4900990099009901,0.5,-0.04366382073138695,-0.026496143755112535,-0.03213972307889483,-0.4842187999999936,-0.11085941619691192,-0.0924260827267331,-0.11209096996161988,-44.79427299553861,-0.17603143127067353,-0.15753268977674012,-0.1910498798260808,-87.76993977763327
5,50,200,0,1,1.3333333333333333,0.002,111.56307036342837,148.75076048457115,1416,604,0.43211920529801323,0.4285714285714286,-0.021735248081868736,0.0013620075438618012,0.0019035245375086385,14.268522399999977,-0.08004468008060603,-0.05567330872479082,-0.07780024068781924,-29.97270248694047,-0.13659063254189624,-0.11198927630410066,-0.1564985600906812,-72.8759192313662
5,50,200,0,1,2.0,0.002,111.56307036342837,223.12614072685673,1414,603,0.36318407960199006,0.3333333333333333,0.013528646720630897,0.05737852454438463,0.09992683581966416,70.53877700000001,-0.033676902015195805,0.011683178434696575,0.020345123949081168,26.328966950029237,-0.0794515116057907,-0.03343447471704134,-0.05822290022298139,-16.54071361309239
5,50,200,0,1,0.2,0.004,223.12614072685673,44.62522814537135,1402,599,0.8213689482470785,0.8333333333333334,-0.09826261949926507,-0.03844561584364777,-0.04238864089196466,0.7390980800000087,-0.1677263405355914,-0.11020536903649256,-0.12147341750331736,-43.344347734431096,-0.2350651203597637,-0.18101247514379812,-0.19952026075218207,-86.0792517577328
5,50,200,0,1,0.25,0.004,223.12614072685673,55.78153518171418,1397,599,0.7979966611018364,0.8,-0.09357426963288698,-0.011621052626456657,-0.01398864089196468,12.931080599999994,-0.1567061002765845,-0.07733680101112625,-0.09307341750331727,-31.152365214431082,-0.21790668642701122,-0.14218768268922607,-0.171120260752182,-73.8872692377328
5,50,200,0,1,0.3333333333333333,0.004,223.12614072685673,74.37538024228557,1395,594,0.7508417508417509,0.75,-0.07811958966407011,-0.003829375575280835,-0.005252472949907487,22.66991159999999,-0.1340382397747178,-0.061018061351322164,-0.08367992765214881,-21.064452532369277,-0.1882445360447736,-0.1174535219235859,-0.1610752947470163,-63.45957284823504
5,50,200,0,1,0.5,0.004,223.12614072685673,111.56307036342837,1386,587,0.6575809199318569,0.6666666666666666,-0.05789901082209402,-0.023775460002945326,-0.03977602740358227,20.273860599999985,-0.10459278872678315,-0.07014429426800696,-0.1173290418605129,-23.196723378501435,-0.1498369578061114,-0.11586926611073677,-0.19381234233978442,-65.31776262092568
5,50,200,0,1,0.75,0.004,223.12614072685673,167.34460554514257,1378,581,0.5748709122203098,0.5714285714285714,-0.06342801218566246,0.003145644125017683,0.006330524685765254,35.798005800000006,-0.10197396517833024,-0.03501300841696234,-0.07045685403911081,-7.3452524095322005,-0.13931566689706237,-0.07263231900795805,-0.1461583831335855,-49.140630501262045
5,50,200,0,1,1.0,0.004,223.12614072685673,223.12614072685673,1375,577,0.512998266897747,0.5,-0.0281606644819042,0.022698088887621693,0.05241995979172913,72.82637439999999,-0.06179325164171842,-0.010339151687494504,-0.023875395491509313,29.81549587633868,-0.0943657662940143,-0.0428957233236758,-0.09905574366278633,-11.839713824389293
5,50,200,0,1,1.3333333333333333,0.004,223.12614072685673,297.5015209691423,1364,574,0.4547038327526132,0.4285714285714286,-0.004666342250265647,0.049616295868554025,0.13248495369634952,125.60309826666662,-0.03379945079950122,0.021183949344606167,0.05656069841919183,82.69546664226834,-0.06200840993182585,-0.006827306331920293,-0.01822876405968679,41.14893463000737
5,50,200,0,1,2.0,0.004,223.12614072685673,446.25228145371346,1342,565,0.36460176991150445,0.3333333333333333,0.005450909802456783,0.06264133047136818,0.20461343615887087,157.7097536,-0.018266498006224815,0.0397611262653026,0.12986898015129514,115.48306040261485,-0.041231881371746194,0.017222356103139554,0.056252174749611444,74.5952785101419
5,50,200,0,1,0.2,0.008,446.25228145371346,89.2504562907427,1345,565,0.8353982300884956,0.8333333333333334,-0.020343596295459964,0.0018506208190434046,0.0037252081825536465,-7.603453439999992,-0.05734346337535908,-0.035234476689733646,-0.07093101984870498,-49.46546862841761,-0.093193343587094,-0.07180309813957227,-0.1445478252503887,-90.0263773118413
5,50,200,0,1,0.25,0.008,446.25228145371346,111.56307036342837,1323,554,0.7978339350180506,0.8,-0.022029484058247378,-0.008649804487601493,-0.01926262460036854,2.9575142000000127,-0.055175463867959115,-0.041550813207579286,-0.09253200884280091,-38.39601558244827,-0.08727340534901697,-0.07396430521892006,-0.1647155667056911,-78.44199360489573
5,50,200,0,1,0.3333333333333333,0.008,446.25228145371346,148.75076048457115,1299,542,0.7546125461254612,0.75,-0.034150402294331694,0.007863930600831235,0.01958146048792813,16.907627466666646,-0.06276074939611039,-0.020931254193171808,-0.05212096653333008,-23.680448952809428,-0.090459852797686,-0.049291539609179466,-0.12274098162662686,-62.975789258003516
5,50,200,0,1,0.5,0.008,446.25228145371346,223.12614072685673,1269,525,0.6685714285714286,0.6666666666666666,-0.001897385150666697,0.0017444221898297448,0.005177996227367594,3.5985387999999965,-0.02568695319572064,-0.02166698701237511,-0.06431643437269052,-35.89641525062419,-0.04871103640149307,-0.04471133295671313,-0.13272143054239677,-74.1205270355706
5,50,200,0,1,0.75,0.008,446.25228145371346,334.68921109028514,1235,503,0.5864811133200796,0.5714285714285714,0.012034907371190293,0.02866452285795819,0.09950768465090103,92.0273942,-0.007436609964382335,0.009472179807585324,0.03288158763911769,53.98351573139723,-0.026274123393972327,-0.009407458045595708,-0.03265691345300106,17.17836802692252
5,50,200,0,1,1.0,0.008,446.25228145371346,446.25228145371346,1198,490,0.5346938775510204,0.5,0.017026142846082542,0.06787365438925798,0.26569757213491785,168.7981504,0.00019331216764560495,0.05128850371515683,0.20077132791882255,131.67879858503255,-0.016089538523303425,0.034978917709445376,0.13692666482709642,95.77224936023853
5,50,200,0,1,1.3333333333333333,0.008,446.25228145371346,595.0030419382846,1162,472,0.4639830508474576,0.4285714285714286,0.007530747168966178,0.06956019442197693,0.3059623228546888,160.7566810666666,-0.007029567647895512,0.05533365170432003,0.24338789138302894,124.89985139697245,-0.021111239553200222,0.041351922642927974,0.18188854244569236,90.22174743260655
5,50,200,0,1,2.0,0.008,446.25228145371346,892.5045629074269,1107,438,0.3424657534246575,0.3333333333333333,0.03128052298963774,0.01810561406878834,0.09041804230593839,2.0842999999999954,0.019506133259353527,0.006473812776576864,0.03233028903764105,-31.20480156447089,0.00811918448237804,-0.004953738485205533,-0.024739022052513868,-63.39851206916088
5,50,200,0,1,0.2,0.015,836.7230277257128,167.34460554514257,1196,506,0.8221343873517787,0.8333333333333334,-0.033553320753452444,-0.03116214377903817,-0.10864006809246515,-50.55092099999998,-0.053041358325311,-0.05035492891978623,-0.17555450627158353,-88.17183756082702,-0.07191879083698278,-0.06926569148445424,-0.24148389305610038,-124.61400423797801
5,50,200,0,1,0.25,0.015,836.7230277257128,209.1807569314282,1166,482,0.7800829875518672,0.8,-0.00740920213738529,-0.04971615272058159,-0.18629390596333895,-69.89092462500003,-0.02526146065831057,-0.06673522263758531,-0.250065754985975,-105.8671794650314,-0.042549351416058444,-0.0834953166216451,-0.3128680562313051,-140.70610826602035
5,50,200,0,1,0.3333333333333333,0.015,836.7230277257128,278.90767590857087,1114,459,0.7211328976034859,0.75,0.00394727434131207,-0.06574902163010288,-0.27096731897110615,-109.74671800000014,-0.011632391798635544,-0.08049189949190187,-0.33172236833726654,-144.10709725479398,-0.026716239927653037,-0.09500361059395199,-0.39152787927420973,-177.37396816711885
5,50,200,0,1,0.5,0.015,836.7230277257128,418.3615138628564,1044,443,0.672686230248307,0.6666666666666666,-0.003039666501368002,0.011594511837151844,0.05428959176858485,29.00262750000005,-0.015718231386949298,-0.0009389556311704428,-0.00439653414686042,-4.357488953668778,-0.02798791288241235,-0.013266224431571,-0.06211732139101301,-36.64174251327853
5,50,200,0,1,0.75,0.015,836.7230277257128,627.5422707942846,956,401,0.6159600997506235,0.5714285714285714,0.004913983110430357,0.0904449267813274,0.46360649595836484,141.59508000000005,-0.005454663706340089,0.08007357435896847,0.4104587806029546,111.36116717697377,-0.015488025363150094,0.06988079656159388,0.35821039305237873,82.10491156189697
5,50,200,0,1,1.0,0.015,836.7230277257128,836.7230277257128,904,365,0.5150684931506849,0.5,0.008138182266365104,0.029265165571938076,0.16036970249128085,-4.6567560000000014,-0.0008409856876507985,0.02042726157866927,0.11194190753136779,-32.477449172171475,-0.009522868647861338,0.011748878214018066,0.06438414828957165,-59.37704646555926
5,50,200,0,1,1.3333333333333333,0.015,836.7230277257128,1115.6307036342835,844,336,0.43452380952380953,0.4285714285714286,6.940281439434205e-05,0.011255839390508834,0.06571040689583152,-73.97074650000019,-0.007703240135688648,0.0036240607756345797,0.021157482001477657,-99.48350193055941,-0.015220640512626973,-0.0038748690409476185,-0.02262171554713427,-124.15845464897446
5,50,200,0,1,2.0,0.015,836.7230277257128,1673.4460554514255,770,298,0.348993288590604,0.3333333333333333,-0.0078576884226936,0.03221673045128686,0.20626987404164024,44.466094499999954,-0.014227282499321167,0.02603316810504137,0.16668133820369185,21.530288794244946,-0.020381641540460477,0.019968810153478355,0.1278533594254587,-0.6304928054771253
5,50,200,0,1,0.2,0.025,1394.5383795428547,278.907675908571,1031,413,0.8184019370460048,0.8333333333333334,0.01978592768984355,-0.03980192695674176,-0.19034489281841804,-74.66272149999983,0.007521671926878814,-0.0512380416366684,-0.24503559503984984,-105.74492464013332,-0.00434759063432432,-0.062490357553651336,-0.29884752536001824,-135.82606753059412
5,50,200,0,1,0.25,0.025,1394.5383795428547,348.6345948857137,988,404,0.8118811881188119,0.8,0.010871512163880782,0.02930554005129453,0.14477187683688314,122.60267500000008,1.0593453083649919e-05,0.018476041769392906,0.09127268669225334,92.20181467676309,-0.010500631427496554,0.007820439897752026,0.03863341344927975,62.77978437439277
5,50,200,0,1,0.3333333333333333,0.025,1394.5383795428547,464.8461265142849,920,375,0.7733333333333333,0.75,0.019565779757180157,0.0547416723737023,0.28687070709845364,178.54626916666663,0.010125298277362636,0.04525484829886062,0.2371549278290303,150.07591524223943,0.0009947418442123415,0.035931052629920475,0.18829421627924048,122.54022506219032
5,50,200,0,1,0.5,0.025,1394.5383795428547,697.2691897714274,821,332,0.7168674698795181,0.6666666666666666,0.01409848934609615,0.11049884644516654,0.6207095922036951,281.97156500000006,0.00644886430843463,0.10266928966536899,0.5767389405490794,257.0809572411303,-0.0009564891770170807,0.09496863079354789,0.5334809239236654,232.9851684913977
5,50,200,0,1,0.75,0.025,1394.5383795428547,1045.9037846571412,720,280,0.5928571428571429,0.5714285714285714,0.029290914653472742,0.04293963487485508,0.2588911852628236,165.7916793750002,0.023048442662689496,0.036787137202420224,0.2217979016678983,144.76991247092585,0.017005940729306987,0.030736165669620442,0.18531523704405578,124.42155250254623
5,50,200,0,1,1.0,0.025,1394.5383795428547,1394.5383795428547,661,241,0.4854771784232365,0.5,0.007128916637764678,-0.02951075216820726,-0.17809471735974697,-172.02751250000003,0.0017484370323928567,-0.03480251297964374,-0.21003287749298788,-190.12632204453942,-0.003459577340079914,-0.04000569338247145,-0.24143402811565234,-207.6449945692902
5,50,200,0,1,1.3333333333333333,0.025,1394.5383795428547,1859.3845060571396,573,202,0.4504950495049505,0.4285714285714286,-0.012979658898034699,0.04351656537060984,0.2557565292242131,109.67288916666656,-0.01764860415454292,0.03895842000558713,0.22896967667945983,94.45339454921037,-0.022166803320267485,0.034480222399841415,0.20265004005797266,79.72529128274196
5,50,200,0,1,2.0,0.025,1394.5383795428547,2789.0767590857095,483,157,0.3248407643312102,0.3333333333333333,-0.054043749375547276,-0.01843767799669958,-0.10199757086730604,-60.1818875,-0.05792800480850439,-0.022201904530615095,-0.12282224799335711,-72.06892588604092,-0.061685496015879866,-0.02589968701380276,-0.1432785992288691,-83.56802603231516
5,50,200,0,2,0.2,0.002,111.56307036342837,22.312614072685676,745,335,0.7791044776119403,0.8333333333333334,-0.24254179092734826,-0.14398097431353904,-0.048102147518906686,-24.225022799999998,-0.36856778244004373,-0.2763069324241071,-0.09229715336162157,-48.716926229511984,-0.4907996376334361,-0.406977206250008,-0.13594605567943405,-72.47147683826546
5,50,200,0,2,0.25,0.002,111.56307036342837,27.89076759085709,744,335,0.764179104477612,0.8,-0.2058861553702006,-0.09688902512710731,-0.03450214751890669,-17.946949849999996,-0.3243533322248568,-0.22102241312380233,-0.07869715336162157,-42.43885327951199,-0.43925393830348164,-0.34361116390310065,-0.12234605567943407,-66.19340388826546
5,50,200,0,2,0.3333333333333333,0.002,111.56307036342837,37.187690121142786,744,335,0.7313432835820896,0.75,-0.1477513771415658,-0.05337120253518388,-0.021168814185573363,-9.637596400000003,-0.2561748626971584,-0.16482201766999144,-0.06536382002828825,-34.129499829512,-0.36133415267313923,-0.27488749649281213,-0.10901272234610075,-57.88405043826546
5,50,200,0,2,0.5,0.002,111.56307036342837,55.78153518171418,743,334,0.655688622754491,0.6666666666666666,-0.08373532839168203,-0.03246574422926632,-0.015481752958951617,-5.1943226,-0.17642663950512555,-0.12489684323030878,-0.05955178872472118,-29.649460320257983,-0.2663172543247399,-0.21616759702870408,-0.10307039581173427,-53.365678580261665
5,50,200,0,2,0.75,0.002,111.56307036342837,83.67230277257129,742,333,0.5885885885885885,0.5714285714285714,-0.03614395776274511,0.027037212865802907,0.015533337584307949,18.254916850000004,-0.11336792466181302,-0.04945464946898869,-0.02840642408782084,-6.148423890626396,-0.1882535665935397,-0.12499227248223505,-0.07179473594403447,-29.81283676686423
5,50,200,0,2,1.0,0.002,111.56307036342837,111.56307036342837,742,332,0.5090361445783133,0.5,-0.037832451251961524,0.011359159768441431,0.0075530290970690275,10.497836600000005,-0.10501148080611654,-0.054536630016550444,-0.036261059450920466,-13.867211564835788,-0.17014926388194898,-0.1195966829679299,-0.07951907607633468,-37.49192351030808
5,50,200,0,2,1.3333333333333333,0.002,111.56307036342837,148.75076048457115,741,330,0.44242424242424244,0.4285714285714286,0.015462349293838079,0.0221003983862847,0.016929587151713284,10.805960999999987,-0.04254250960668056,-0.03477235605112158,-0.02663699684378646,-13.490220192260205,-0.09877125023570955,-0.09090187472840293,-0.06963442300760177,-37.04244834056925
5,50,200,0,2,2.0,0.002,111.56307036342837,223.12614072685673,740,330,0.36666666666666664,0.3333333333333333,0.04227172622840386,0.06445780930778607,0.061596271431321376,37.16103660000001,-0.004500101686659309,0.018867383367968865,0.018029669822880238,12.86482524457765,-0.049839764335687514,-0.0261278345832294,-0.024967756340935086,-10.687429939991784
5,50,200,0,2,0.2,0.004,223.12614072685673,44.62522814537135,736,331,0.8368580060422961,0.8333333333333334,-0.06253213096003774,0.0019588983617916697,0.0011521363712554827,18.110182240000007,-0.13398354110859687,-0.07231264583867147,-0.04251569481402012,-6.059774635071955,-0.20329025267896167,-0.1456662545866871,-0.08564341620863485,-29.50424166974454
5,50,200,0,2,0.25,0.004,223.12614072685673,55.78153518171418,734,331,0.8006042296072508,0.8,-0.048870276772400426,-0.0052051527029843385,-0.0034478636287445224,12.119765200000003,-0.11389493917972059,-0.07114488210068355,-0.04711569481402004,-12.050191675071943,-0.17696780944294455,-0.13626790885434967,-0.0902434162086348,-35.49465870974454
5,50,200,0,2,0.3333333333333333,0.004,223.12614072685673,74.37538024228557,733,329,0.7629179331306991,0.75,-0.022637290407347375,0.024418484651572394,0.018254451199732336,31.032618133333337,-0.08018415390270792,-0.03366180152312784,-0.025158298873552684,6.95088473876676,-0.13599350429831455,-0.09101801867380455,-0.06802542980656852,-16.403748607311233
5,50,200,0,2,0.5,0.004,223.12614072685673,111.56307036342837,729,328,0.6707317073170732,0.6666666666666666,-0.02693548102039078,0.003894228414005363,0.003607476045826768,22.713345000000015,-0.0740352060816718,-0.04283805867136851,-0.03967960090331894,-1.3300958187759484,-0.11970782485785054,-0.08897670506806285,-0.08241643660553542,-24.645028234088425
5,50,200,0,2,0.75,0.004,223.12614072685673,167.34460554514257,725,324,0.5987654320987654,0.5714285714285714,0.00440297466807389,0.051805517406182965,0.0576811388691946,49.301363800000004,-0.03441272940154574,0.013384390075554009,0.01490185764428242,25.464362286406807,-0.07204196361406158,-0.02453241226848815,-0.027313797134736143,2.3559803987486845
5,50,200,0,2,1.0,0.004,223.12614072685673,223.12614072685673,723,324,0.5370370370370371,0.5,0.009701886612413509,0.07082674999159064,0.0916811388691946,60.76767400000001,-0.0238783473144777,0.037778427126049306,0.048901857644282454,36.9306724864068,-0.05643214268244726,0.005165329904903617,0.0066862028652638315,13.822290598748708
5,50,200,0,2,1.3333333333333333,0.004,223.12614072685673,297.5015209691423,721,321,0.46417445482866043,0.4285714285714286,0.019985320933026733,0.06843396059730211,0.10241122898426547,70.16778066666666,-0.009017841354657722,0.04009710479372761,0.06000461822165027,46.43705039268009,-0.037124246992114876,0.012148386865970246,0.01817984913502997,23.44005701182484
5,50,200,0,2,2.0,0.004,223.12614072685673,446.25228145371346,712,317,0.3659305993690852,0.3333333333333333,0.035339474726021995,0.0652782611724099,0.11980403487739721,85.02275800000001,0.011884138198765333,0.042457194843038844,0.07791941010258506,61.608891082611564,-0.010847517975082762,0.019951448353655667,0.036615821939162574,38.917425034029435
5,50,200,0,2,0.2,0.008,446.25228145371346,89.2504562907427,722,319,0.8463949843260188,0.8333333333333334,0.009436683185747988,0.03233885699637869,0.03576379912013021,22.18672720000001,-0.02854315215587974,-0.005760980761677072,-0.0063713191712157224,-1.3890143135031323,-0.06534951468226462,-0.04334353266324316,-0.04793549779623717,-24.236330031674733
5,50,200,0,2,0.25,0.008,446.25228145371346,111.56307036342837,712,318,0.8144654088050315,0.8,-0.03553958454909507,0.03374889238364225,0.041783490632891246,28.929388799999998,-0.06833151851810262,-0.0001824993172960508,-0.0002259545343153528,5.391939862287484,-0.10010666118876224,-0.033647884091634384,-0.041659837928537495,-17.41567492511862
5,50,200,0,2,0.3333333333333333,0.008,446.25228145371346,148.75076048457115,709,315,0.7714285714285715,0.75,-0.030351454936550875,0.048006032331119164,0.06783457719647554,31.937999733333314,-0.058991849607379146,0.018547303084702545,0.026210139376385645,8.574357137249523,-0.0867398841075275,-0.010496301260504442,-0.014832858325438094,-14.06133515178133
5,50,200,0,2,0.5,0.008,446.25228145371346,223.12614072685673,694,310,0.6967741935483871,0.6666666666666666,-0.010034537706842435,0.06301637852357547,0.10791845816461083,44.9764972,-0.03372783040080589,0.03908340073161428,0.06693696256088752,21.932759451955494,-0.05667910353920996,0.01549945006493487,0.02654544101306098,-0.38930131083029806
5,50,200,0,2,0.75,0.008,446.25228145371346,334.68921109028514,679,305,0.6032786885245902,0.5714285714285714,-0.010470022446695154,0.06308812234632756,0.1319986498936642,60.472485000000006,-0.02985038804771206,0.04380816171007657,0.09166378574538944,37.73232653196321,-0.04861960645285929,0.02481551024121413,0.05192374035156003,15.709264137730415
5,50,200,0,2,1.0,0.008,446.25228145371346,446.25228145371346,666,298,0.5201342281879194,0.5,0.0016577373984930964,0.03861457713875675,0.09213319937567684,33.93562880000001,-0.015156253602284517,0.022078676717796248,0.052681338203692016,11.55075644906151,-0.031430998836817665,0.0058059239692719354,0.013853359425458636,-10.1162049881262
5,50,200,0,2,1.3333333333333333,0.008,446.25228145371346,595.0030419382846,659,289,0.4532871972318339,0.4285714285714286,0.031089865207812067,0.048162822249041365,0.12955853410471693,7.438365066666634,0.016598081015985117,0.033946601833857545,0.09132295326912854,-14.084268308668044,0.0025620910701798297,0.019949351778398742,0.053667631568089985,-34.92997382461296
5,50,200,0,2,2.0,0.008,446.25228145371346,892.5045629074269,638,275,0.3418181818181818,0.3333333333333333,0.04594550127391675,0.016712463936520552,0.052410293480298076,-63.6511504,0.03424783249310208,0.00510957831349383,0.016024724852400196,-84.10401374990879,0.022916956312024173,-0.006315408089615182,-0.019806463617445813,-103.91555624685607
5,50,200,0,2,0.2,0.015,836.7230277257128,167.34460554514257,676,297,0.8451178451178452,0.8333333333333334,-0.029958758192749863,0.030482387603041533,0.0590530988466521,13.873386900000028,-0.049489009771169,0.010233633200406976,0.019826702840592302,-8.025689221414185,-0.06841912379811409,-0.009740333339257532,-0.018870980706841553,-29.25183709762492
5,50,200,0,2,0.25,0.015,836.7230277257128,209.1807569314282,659,293,0.8191126279863481,0.8,-0.017176157600245368,0.047735455492245275,0.10111440355500378,40.92426937500001,-0.03487842113345396,0.02946145394609684,0.06240816138819363,19.31246513807107,-0.052036260710583725,0.011439207354167112,0.024231658763957664,-1.6346792411736928
5,50,200,0,2,0.3333333333333333,0.015,836.7230277257128,278.90767590857087,641,286,0.7517482517482518,0.75,-0.011091505407281271,0.002517471462769355,0.00623151991708755,-5.928510000000049,-0.026522172837544985,-0.012755413855319328,-0.031574286153503814,-27.159610110052625,-0.04147109136922929,-0.027809540528663603,-0.06883872216214378,-47.72787051210992
5,50,200,0,2,0.5,0.015,836.7230277257128,418.3615138628564,613,273,0.673992673992674,0.6666666666666666,-0.0033210299560262686,0.014364281732511997,0.04143362413778985,-11.603775000000013,-0.015986088994009058,0.0018427103280175235,0.005315454126201109,-31.987383936966374,-0.02825045033897681,-0.01048856123737219,-0.030255143882046365,-51.72609536087184
5,50,200,0,2,0.75,0.015,836.7230277257128,627.5422707942846,574,256,0.60546875,0.5714285714285714,0.020333204547991875,0.0684920693432232,0.22538366264255075,25.769319750000037,0.009956369507561307,0.05820310553052967,0.1915366529535072,6.802426231140316,-9.797158839913493e-05,0.048067195460265166,0.15818107386885036,-11.575009299671017
5,50,200,0,2,1.0,0.015,836.7230277257128,836.7230277257128,555,240,0.5083333333333333,0.5,-0.002516671927978484,0.015772761007180017,0.05688937888497503,-89.42045549999996,-0.011482437712188638,0.0069621100410386565,0.025112487143913065,-107.43980183111879,-0.020160971451963834,-0.001707327401295589,-0.006158368247952822,-124.88187079289278
5,50,200,0,2,1.3333333333333333,0.015,836.7230277257128,1115.6307036342835,526,230,0.45217391304347826,0.4285714285714286,-0.013803578078048532,0.046583703710919494,0.18703458540924042,-64.91486050000006,-0.021586566633703275,0.03899255228485948,0.15656613351291615,-82.28370701964275,-0.02911699566385304,0.03152909258481491,0.12659823042904506,-99.08893101765348
5,50,200,0,2,2.0,0.015,836.7230277257128,1673.4460554514255,486,209,0.32057416267942584,0.3333333333333333,-0.0269170720811344,-0.02787073610911905,-0.12262198160508911,-207.67569749999993,-0.03332926931076403,-0.03417889433565856,-0.15038120911217584,-223.75755611050695,-0.03952490311324689,-0.040368161685051814,-0.17761291234925886,-239.29627135051905
5,50,200,0,2,0.2,0.025,1394.5383795428547,278.907675908571,604,273,0.8498168498168498,0.8333333333333334,-0.01122729827160426,0.044824908670067935,0.13139188107905292,77.67114050000012,-0.023136044878435534,0.03251691040345972,0.09531545412620099,57.43985080757498,-0.03467448006475526,0.02038198476065464,0.05974485611795406,37.83766826404855
5,50,200,0,2,0.25,0.025,1394.5383795428547,348.6345948857137,589,269,0.8364312267657993,0.8,-0.010130373475321303,0.09716803679263675,0.3026874406766882,166.297756875,-0.02080492765048968,0.08575783284477098,0.26714691267380236,146.3734060447814,-0.031147957162742178,0.07450648795142209,0.23209749558875312,127.06785517420627
5,50,200,0,2,0.3333333333333333,0.025,1394.5383795428547,464.8461265142849,563,250,0.796,0.75,-0.0058535086519410934,0.11295590267717721,0.3800658881619996,174.00540166666661,-0.01514054182955679,0.10312381657259664,0.3469921741082425,155.3230118496524,-0.0241331756500625,0.09344309285326712,0.3144183664083826,137.23285460532486
5,50,200,0,2,0.5,0.025,1394.5383795428547,697.2691897714274,528,223,0.7309417040358744,0.6666666666666666,-0.0006132380883211385,0.14383223663700748,0.5345775270513353,190.13704250000004,-0.00821527495526104,0.13588975065644068,0.505083685971219,173.55045806945313,-0.015578903202138413,0.12807245130099643,0.4760278495029439,157.48404800465192
5,50,200,0,2,0.75,0.025,1394.5383795428547,1045.9037846571412,479,200,0.61,0.5714285714285714,0.004926925014929215,0.07828003757530058,0.3349124487924806,114.46986500000014,-0.0012898280457825295,0.07208729978167794,0.3084270726199274,99.42010086158452,-0.00730642246504807,0.06599663382101731,0.2823680264600399,84.85488875774597
5,50,200,0,2,1.0,0.025,1394.5383795428547,1394.5383795428547,441,178,0.5,0.5,-0.05259350568352709,-0.0005092891685923251,-0.002272657640599751,-130.7822275,-0.057981929808262764,-0.0057982293663256055,-0.02587490536826481,-144.2444547999935,-0.06319492125852291,-0.010995378065092652,-0.049067456450564706,-157.26838799303408
5,50,200,0,2,1.3333333333333333,0.025,1394.5383795428547,1859.3845060571396,396,166,0.39759036144578314,0.4285714285714286,-0.07640646881511375,-0.06355240897978756,-0.3020827366876375,-270.7734766666668,-0.08113472583127324,-0.06818975111678377,-0.32413052972546047,-283.46437810494047,-0.0857054340281126,-0.07274000651850587,-0.34575953803816734,-295.73240986187614
5,50,200,0,2,2.0,0.025,1394.5383795428547,2789.0767590857095,346,143,0.27972027972027974,0.3333333333333333,-0.05233910856942104,-0.11939318067246349,-0.5767831247416438,-312.1527325,-0.05622295637427858,-0.12332678472434375,-0.5957871430767521,-323.12713187814825,-0.059976349149758905,-0.12718361776523363,-0.6144193610810719,-333.7329108403567
5,50,200,1,1,0.2,0.002,111.56307036342837,22.312614072685676,1044,464,0.7672413793103449,0.8333333333333334,-0.25463543641496933,-0.16963588777633998,-0.07990321961009922,-44.527734280000004,-0.3796477794728358,-0.2994015111236842,-0.1410491915217684,-77.86807809348046,-0.5010572428931036,-0.4277320112685151,-0.20150617861270867,-110.24754682136621
5,50,200,1,1,0.25,0.002,111.56307036342837,27.89076759085709,1044,463,0.7386609071274298,0.8,-0.24248630554425948,-0.1518082947138046,-0.0772828031066228,-41.6098439,-0.3587368287313186,-0.2716557754659121,-0.13830382688486803,-74.91346796852466,-0.47162781039292406,-0.3901492013362031,-0.19863051874500887,-107.25464554701259
5,50,200,1,1,0.3333333333333333,0.002,111.56307036342837,37.187690121142786,1041,462,0.6904761904761905,0.75,-0.20074804807369717,-0.13959202452956174,-0.07959356631174654,-40.732461533333336,-0.30684447021840555,-0.24640433578513554,-0.14049179558130104,-74.00344214297722,-0.4098654289675366,-0.351980985771988,-0.20068819221064244,-106.30998228487036
5,50,200,1,1,0.5,0.002,111.56307036342837,55.78153518171418,1038,460,0.6260869565217392,0.6666666666666666,-0.1413189534854113,-0.09307986725442868,-0.06222535084750132,-28.162373800000005,-0.23263170265185765,-0.18381610109090898,-0.12286773297416691,-61.342380542989545,-0.3212866251205659,-0.27348298057839215,-0.18280353914190944,-93.55662173234427
5,50,200,1,1,0.75,0.002,111.56307036342837,83.67230277257129,1037,458,0.5567685589519651,0.5714285714285714,-0.08283744188830115,-0.03724199583542333,-0.0296936365596662,-3.6036392500000005,-0.15966151978703377,-0.11299341616218743,-0.09007700370036621,-36.66347949117667,-0.23424531600021603,-0.18785055178897098,-0.1497522194065099,-68.7592553837105
5,50,200,1,1,1.0,0.002,111.56307036342837,111.56307036342837,1035,456,0.4956140350877193,0.5,-0.0743047513148788,-0.015499061496518838,-0.014151827490129942,4.600141799999996,-0.14154652340843674,-0.08136801594884852,-0.07428627442656544,-28.387966447899466,-0.20681641444670307,-0.14644666219691158,-0.13370089967111032,-60.40869052850721
5,50,200,1,1,1.3333333333333333,0.002,111.56307036342837,148.75076048457115,1035,455,0.44395604395604393,0.4285714285714286,-0.053194228811446406,0.025125040222193636,0.026537425337092677,27.397175533333314,-0.11177042615741975,-0.031694964371185325,-0.03347424312299849,-5.558316685992381,-0.16862361321685515,-0.08782811488487907,-0.09275857313674385,-37.54442791671535
5,50,200,1,1,2.0,0.002,111.56307036342837,223.12614072685673,1032,453,0.36423841059602646,0.3333333333333333,-0.016321270709177174,0.059499258716958284,0.07791419467597278,62.20933260000001,-0.06398102041866843,0.01386126798510657,0.01814981948413559,29.322455901501,-0.11023066131730568,-0.031215977666320453,-0.0408739200680109,-2.5913969167489768
5,50,200,1,1,0.2,0.004,223.12614072685673,44.62522814537135,1028,455,0.8,0.8333333333333334,-0.11667005373109096,-0.09024412182774462,-0.0789361814247653,-29.239199440000004,-0.1850510323077327,-0.15886921186757785,-0.1389409097896651,-62.1656009102411,-0.2514250803003467,-0.22665669648704082,-0.19822523980341045,-94.12563712060889
5,50,200,1,1,0.25,0.004,223.12614072685673,55.78153518171418,1022,453,0.7704194260485652,0.8,-0.09821344238523812,-0.07665311395588408,-0.07310615659881325,-27.492153800000004,-0.16107443166674798,-0.1393101878362734,-0.13285018051586428,-60.314216026484516,-0.22208474880843293,-0.20120403105033588,-0.19187392006801074,-92.16997344567231
5,50,200,1,1,0.3333333333333333,0.004,223.12614072685673,74.37538024228557,1016,450,0.7311111111111112,0.75,-0.07463111465117786,-0.04824532612378634,-0.051398284711580616,-15.644607600000008,-0.13057426324415253,-0.10395877871966552,-0.11074741993849657,-48.252993395559415,-0.18486993617260986,-0.15899753161786495,-0.16938027379824466,-79.90109140953115
5,50,200,1,1,0.5,0.004,223.12614072685673,111.56307036342837,1008,442,0.6515837104072398,0.6666666666666666,-0.053500844891972564,-0.03628960394535405,-0.0459058791610123,-24.255877399999992,-0.1002032466611146,-0.08241025178976112,-0.1042511695099603,-56.5509374695563,-0.14550171495017938,-0.12793537126636495,-0.16184166152331297,-87.87516703885524
5,50,200,1,1,0.75,0.004,223.12614072685673,167.34460554514257,1000,432,0.5694444444444444,0.5714285714285714,-0.04019290540348029,-0.007817530884219381,-0.011718981512761878,1.077599900000017,-0.07879461011502786,-0.04589311103720087,-0.06879752314095675,-30.731779813014178,-0.11621401673636228,-0.08344112427622699,-0.12508506284631482,-61.566897659445345
5,50,200,1,1,1.0,0.004,223.12614072685673,223.12614072685673,989,431,0.5127610208816705,0.5,-0.011837851836680638,0.02218969266420768,0.03828710143615448,37.513216,-0.04542016189283204,-0.010810080272127773,-0.018652158504056375,5.84121868808802,-0.07797884552552084,-0.043356679128204505,-0.07480940297861505,-24.865380672399464
5,50,200,1,1,1.3333333333333333,0.004,223.12614072685673,297.5015209691423,982,427,0.4309133489461358,0.4285714285714286,0.008201839932292109,0.0018766400932970083,0.003708110001191159,26.274496666666643,-0.02084827734416892,-0.02669073154237078,-0.05273736662312152,-5.261644476864156,-0.04900225717339215,-0.054848512853973144,-0.10837343017448244,-35.82495935772808
5,50,200,1,1,2.0,0.004,223.12614072685673,446.25228145371346,964,422,0.35308056872037913,0.3333333333333333,0.019193106600350462,0.03897895646401216,0.09445336024623296,85.75662920000002,-0.004390985736599421,0.015953185522538535,0.03865612322804695,54.56300805150365,-0.0272460834337109,-0.006738674146253578,-0.0163284641693167,24.333595416505005
5,50,200,1,1,0.2,0.008,446.25228145371346,89.2504562907427,976,425,0.8211764705882353,0.8333333333333334,-0.0637571821027788,-0.035303533109802415,-0.05525991658736476,-16.651894239999997,-0.09937335096379957,-0.07115490118174654,-0.1113799706826542,-47.77756838998669,-0.13391272682107802,-0.10653142616594745,-0.16675544377241625,-77.96221184427316
5,50,200,1,1,0.25,0.008,446.25228145371346,111.56307036342837,969,419,0.7899761336515513,0.8,-0.05046736176278968,-0.02783016075879263,-0.04755269241546902,-21.120858000000002,-0.0829057256115894,-0.0602246129973562,-0.10290778286125193,-51.94660073932579,-0.11435259285282313,-0.09217442734432003,-0.15750148456621765,-81.83013753095926
5,50,200,1,1,0.3333333333333333,0.008,446.25228145371346,148.75076048457115,948,413,0.738498789346247,0.75,-0.061227965084130316,-0.028952270072868512,-0.05611660789151353,-21.34556266666669,-0.08939602821514997,-0.05711360255309774,-0.11070226170651656,-51.83151290410633,-0.11669625473573124,-0.08487629821571226,-0.1645141920266856,-81.37821419152066
5,50,200,1,1,0.5,0.008,446.25228145371346,223.12614072685673,917,397,0.6952141057934509,0.6666666666666666,-0.04145385694202286,0.05955682482602955,0.13077008087315642,95.604264,-0.0648967321335096,0.035655906894011255,0.07829023915055593,66.2679667834755,-0.08761552199175326,0.012097664086166037,0.026563032523178084,37.837786345402314
5,50,200,1,1,0.75,0.008,446.25228145371346,334.68921109028514,891,376,0.5797872340425532,0.5714285714285714,-0.01770996678206378,0.015030533568377677,0.039106343329877565,49.13222880000001,-0.037078468386399915,-0.004096152037087229,-0.010657103474536272,21.035432398096404,-0.05583306294636522,-0.022926279069517018,-0.05964811025512602,-6.17080356770601
5,50,200,1,1,1.0,0.008,446.25228145371346,446.25228145371346,867,365,0.5397260273972603,0.5,-0.02325736584122622,0.07796456863912266,0.2272539466378439,160.04049840000002,-0.04007172736859905,0.06139154818293827,0.17894190753136774,132.7658544180639,-0.05635314589030378,0.0450753900048799,0.13138414828957184,106.35569944563302
5,50,200,1,1,1.3333333333333333,0.008,446.25228145371346,595.0030419382846,842,347,0.4668587896253602,0.4285714285714286,-0.02732064473229186,0.07523783274752041,0.24349045467732428,161.3237482666666,-0.041939868898348685,0.06104622661352918,0.1975584709955742,135.3644271979922,-0.056094521577936506,0.04707543024803505,0.15234602590816795,110.23004459661372
5,50,200,1,1,2.0,0.008,446.25228145371346,892.5045629074269,801,326,0.3496932515337423,0.3333333333333333,0.0016855532670165814,0.03311317029952594,0.12373722812583433,53.653756,-0.010184335150589068,0.021572291638198345,0.08061112837048165,29.435245960127567,-0.021683002965186764,0.010205251273560922,0.03813488312986421,5.974149097587194
5,50,200,1,1,0.2,0.015,836.7230277257128,167.34460554514257,887,383,0.8172323759791122,0.8333333333333334,-0.05955675292590311,-0.0435175736593461,-0.11609608851112217,-48.94012169999997,-0.07859125305961552,-0.06247527376513809,-0.16667465593283898,-76.89900295304312,-0.09705481974123716,-0.08118062614579487,-0.21657772932902464,-104.01926693333091
5,50,200,1,1,0.25,0.015,836.7230277257128,209.1807569314282,859,375,0.8053333333333333,0.8,-0.030481572658842684,0.011663102953516089,0.03251238779314008,27.831151875000003,-0.0480026588781775,-0.006102428511823194,-0.017011738837636167,0.4581729219984396,-0.06499829581079807,-0.023629678495801824,-0.06587245038742615,-26.0939030295542
5,50,200,1,1,0.3333333333333333,0.015,836.7230277257128,278.90767590857087,824,351,0.7264957264957265,0.75,-0.04764101543117721,-0.05413264404712223,-0.16963814101605199,-55.087994500000065,-0.06275772037167636,-0.06893578564796869,-0.21602298755202742,-80.91351722480226,-0.07741226675291223,-0.08352998914129847,-0.261756613562631,-105.94948386435325
5,50,200,1,1,0.5,0.015,836.7230277257128,418.3615138628564,774,332,0.6475903614457831,0.6666666666666666,-0.046871068691326866,-0.0410872749343218,-0.14684654954698714,-55.009464749999964,-0.05935209549206416,-0.05337525978995471,-0.19076105945092026,-79.64456342943299,-0.07144385800776032,-0.06547892435349591,-0.23401907607633476,-103.51133076662398
5,50,200,1,1,0.75,0.015,836.7230277257128,627.5422707942846,723,297,0.5925925925925926,0.5714285714285714,-0.029048925835744154,0.04199845416535421,0.16115718341921426,106.83129300000007,-0.03936628742767128,0.03174912747248333,0.12182670284059235,84.5197368862271,-0.04935269868266472,0.021664165315665177,0.08312901929315829,62.923869269709975
5,50,200,1,1,1.0,0.015,836.7230277257128,836.7230277257128,695,276,0.5108695652173914,0.5,0.012222229710668837,0.02084021880580061,0.08641361290613966,-4.162493999999967,0.0032565923531813956,0.012029151231108407,0.049879360215500046,-24.807084393198465,-0.005424232833640852,0.003356503385162618,0.013917876514854058,-44.79585631327154
5,50,200,1,1,1.3333333333333333,0.015,836.7230277257128,1115.6307036342835,653,257,0.41245136186770426,0.4285714285714286,-0.00017664874253399572,-0.03343147324161528,-0.1483217865035112,-134.94158500000015,-0.007943959836160565,-0.04110271272860369,-0.18235871168339365,-154.31096130350608,-0.015460317402752064,-0.048650256028009715,-0.21584458599884956,-173.05453374242603
5,50,200,1,1,2.0,0.015,836.7230277257128,1673.4460554514255,597,234,0.31196581196581197,0.3333333333333333,-0.02197201896363211,-0.04662880283672081,-0.22796443073437356,-179.50756949999987,-0.028369905351796454,-0.05297959212829122,-0.2590153250346849,-197.37565675698863,-0.0345551511668233,-0.059215899709100996,-0.2895044090417538,-214.64987908973816
5,50,200,1,1,0.2,0.025,1394.5383795428547,278.907675908571,772,330,0.8333333333333334,0.8333333333333334,-0.0055906728771729945,-0.0011832189010318195,-0.00437219891618381,47.727694500000126,-0.017552302307317726,-0.012982093728999073,-0.047970330177119665,23.519986921035276,-0.029150858043129026,-0.02461838254551018,-0.0909677563409346,0.047060658726817195
5,50,200,1,1,0.25,0.025,1394.5383795428547,348.6345948857137,739,318,0.789308176100629,0.8,-0.008263017397297245,-0.02720554473525965,-0.11042459570463826,-39.56304687500004,-0.018953770973280434,-0.03756584378310126,-0.15247595453431542,-63.1027919343712,-0.029312956736783996,-0.047774002805081796,-0.1939098379285371,-85.91246481312471
5,50,200,1,1,0.3333333333333333,0.025,1394.5383795428547,464.8461265142849,690,292,0.7602739726027398,0.75,0.007652967882225661,0.02311488663443663,0.09621402565872468,67.3541641666666,-0.0017108725359259705,0.013826834103760587,0.057553526025093844,45.46116510600511,-0.010775663592178488,0.004686497546849227,0.019507318631657437,24.267354317119
5,50,200,1,1,0.5,0.025,1394.5383795428547,697.2691897714274,634,252,0.6904761904761905,0.6666666666666666,0.030958448466197032,0.0506606585864269,0.22176194754560857,139.7583025,0.023257161331097936,0.04303192564769392,0.1883681115011085,120.72185516361401,0.015805962068662895,0.03553104150594066,0.15553371333964963,102.30358820849685
5,50,200,1,1,0.75,0.025,1394.5383795428547,1045.9037846571412,573,219,0.5616438356164384,0.5714285714285714,0.04412275862194774,-0.020272557689926345,-0.09659713559527676,-83.36352749999993,0.037867677512294556,-0.026355862305494127,-0.12558485548117956,-99.69614990197704,0.03180996904762675,-0.03234428702119127,-0.1541195110262564,-115.51341321803442
5,50,200,1,1,1.0,0.025,1394.5383795428547,1394.5383795428547,529,200,0.485,0.5,0.06581444876739684,-0.030453916922456067,-0.1525824912861499,-104.72192749999996,0.0604233148973678,-0.03574102389222558,-0.179072927380073,-119.7421628184613,0.055205000014833285,-0.04094212829720552,-0.20513197353996052,-134.28090724423714
5,50,200,1,1,1.3333333333333333,0.025,1394.5383795428547,1859.3845060571396,460,170,0.4235294117647059,0.4285714285714286,-0.04967394632463411,-0.010609268714436485,-0.0521390799053847,-8.10019250000012,-0.05437733411322839,-0.015202433271101603,-0.07471198827306183,-21.108413827050605,-0.05892370885910704,-0.01970956501240118,-0.0968621775089668,-33.68238212146123
5,50,200,1,1,2.0,0.025,1394.5383795428547,2789.0767590857095,404,148,0.33783783783783783,0.3333333333333333,-0.009065574988592062,0.00913815304813513,0.0481384723618766,80.44267749999997,-0.012887356292590973,0.005407549338081278,0.028486033738746183,69.03833932293684,-0.016579681930254574,0.0017468948384788136,0.009202339580429195,58.02030169014581
5,50,200,1,2,0.2,0.002,111.56307036342837,22.312614072685676,506,219,0.8264840182648402,0.8333333333333334,-0.26734285767960236,-0.03261058800644493,-0.00650135746400013,-7.103319079999999,-0.39162506104296885,-0.17762108874675187,-0.03543485548117947,-23.26964374136794,-0.5120778594147412,-0.3206541706122091,-0.06396951102625688,-38.93784877918066
5,50,200,1,2,0.25,0.002,111.56307036342837,27.89076759085709,506,219,0.8127853881278538,0.8,-0.24374609740449735,0.01916197370793421,0.004098642535999866,-2.9104149500000025,-0.3600797025783338,-0.1160181372490301,-0.024834855481179467,-19.076739611367937,-0.4728288163584965,-0.24932020481658276,-0.053369511026256894,-34.74494464918067
5,50,200,1,2,0.3333333333333333,0.002,111.56307036342837,37.187690121142786,506,219,0.776255707762557,0.75,-0.18658986286187035,0.050990491747675254,0.012431975869333194,1.7089533999999984,-0.2933759029674333,-0.06764550807384268,-0.016501522147846157,-14.457371261367946,-0.3968716329244288,-0.1846190366225891,-0.04503617769292357,-30.125576299180672
5,50,200,1,2,0.5,0.002,111.56307036342837,55.78153518171418,505,219,0.6575342465753424,0.6666666666666666,-0.13159720612045564,-0.02848837006361401,-0.008901357464000132,-6.316324399999999,-0.2232135635591254,-0.12107797150531753,-0.03783485548117946,-22.482649061367933,-0.3120070217652997,-0.2123937216796389,-0.06636951102625689,-38.15085409918067
5,50,200,1,2,0.75,0.002,111.56307036342837,83.67230277257129,505,218,0.573394495412844,0.5714285714285714,-0.115374287286064,-0.003645519883293476,-0.0013790210780273825,1.8581055999999974,-0.19217775418425495,-0.07981653744720277,-0.030189490844279115,-14.275171212603768,-0.2666005987734266,-0.1549134544632124,-0.05859385115855711,-29.90837634551915
5,50,200,1,2,1.0,0.002,111.56307036342837,111.56307036342837,504,218,0.5275229357798165,0.5,-0.09702959781391711,0.0483986322121905,0.02112097892197262,15.166593399999996,-0.16447591796841426,-0.01762266885069419,-0.007689490844279093,-0.9666834126037607,-0.22983165262064648,-0.08271938928007529,-0.03609385115855712,-16.599888545519146
5,50,200,1,2,1.3333333333333333,0.002,111.56307036342837,148.75076048457115,504,217,0.43317972350230416,0.4285714285714286,-0.06137814684344087,0.0035942595527363023,0.001808071238762178,8.784041133333329,-0.12012598526055676,-0.05343944781329183,-0.026877459540712106,-7.312535064300855,-0.17704296455629542,-0.1096557142059353,-0.05515152462419066,-22.907466194670782
5,50,200,1,2,2.0,0.002,111.56307036342837,223.12614072685673,502,217,0.35023041474654376,0.3333333333333333,-0.018005628009534324,0.030741557698854474,0.019141404572095524,21.414096400000005,-0.06574951407444887,-0.015330826877407543,-0.009544126207378744,5.317520202365824,-0.11200547595956119,-0.06074774483268812,-0.037818191290857325,-10.277410928004107
5,50,200,1,2,0.2,0.004,223.12614072685673,44.62522814537135,501,214,0.8364485981308412,0.8333333333333334,-0.0972072222834278,0.0010300901590506145,0.0003922825743000336,1.4999594400000054,-0.16674549739422526,-0.07328420094863107,-0.027908032296677654,-14.457168263734003,-0.23409038206399604,-0.14650314020813274,-0.05579121168775787,-29.910972994388118
5,50,200,1,2,0.25,0.004,223.12614072685673,55.78153518171418,499,214,0.8037383177570093,0.8,-0.07739541059580389,0.00279885718667841,0.0011922825743000305,3.9537114000000013,-0.14122590779872735,-0.06363880800561793,-0.02710803229667761,-12.003416303733996,-0.20304305045427662,-0.1290973510837386,-0.054991211687757835,-27.457221034388127
5,50,200,1,2,0.3333333333333333,0.004,223.12614072685673,74.37538024228557,495,214,0.7429906542056075,0.75,-0.06430121021538235,-0.02161704913059375,-0.010807717425699984,-0.6071574666666657,-0.1206277884144006,-0.07822944431918613,-0.03910803229667762,-16.564285170400662,-0.1751777022080878,-0.13400534255586874,-0.06699121168775783,-32.018089901054786
5,50,200,1,2,0.5,0.004,223.12614072685673,111.56307036342837,493,213,0.6948356807511737,0.6666666666666666,-0.04892831021871559,0.05630403488742334,0.033214618960272786,24.230726400000005,-0.09575078145290757,0.008539647552813744,0.005037332340222753,8.30664654503018,-0.14108756398570202,-0.03850903482425277,-0.022715551820058074,-7.1121582807265975
5,50,200,1,2,0.75,0.004,223.12614072685673,167.34460554514257,490,211,0.6066350710900474,0.5714285714285714,-0.048164830682606366,0.06808690649930868,0.04924289650482226,31.00774450000001,-0.08675974974778825,0.02949020118659696,0.02132806161402343,15.225445182120335,-0.12412868056797693,-0.008523252024831328,-0.006164232084658411,-0.0555209574203297
5,50,200,1,2,1.0,0.004,223.12614072685673,223.12614072685673,488,211,0.5450236966824644,0.5,-0.03136794032104253,0.08692377961269392,0.07324289650482227,48.788816000000004,-0.0649897706897414,0.05379736984791523,0.04532806161402345,33.00651668212034,-0.09754358563554066,0.02116828668372527,0.017835767915341583,17.72555054257966
5,50,200,1,2,1.3333333333333333,0.004,223.12614072685673,297.5015209691423,485,210,0.4857142857142857,0.4285714285714286,-0.05636120317106869,0.11126316862467342,0.10926587141070418,81.18036573333332,-0.0857428520544946,0.08297184278629334,0.08147342625092384,65.43003118138127,-0.11418543206006956,0.05510661678973478,0.05411142778304143,50.18309414303228
5,50,200,1,2,2.0,0.004,223.12614072685673,446.25228145371346,482,209,0.3875598086124402,0.3333333333333333,0.01703062687721301,0.10879943812152275,0.13327158630600733,100.950812,-0.006575855869155019,0.08623249969368521,0.10561879088782422,85.34709403595397,-0.029435619081993752,0.06399916582088669,0.07838708765074123,70.23695239687858
5,50,200,1,2,0.2,0.008,446.25228145371346,89.2504562907427,487,208,0.8413461538461539,0.8333333333333334,-0.07928162014342635,0.018200572512767327,0.013310187504174844,13.185134560000002,-0.11450659679826493,-0.019466573446254486,-0.014235844475275462,-2.526342647403805,-0.14858787751799793,-0.056525952000684776,-0.04133725248155903,-17.727694531157677
5,50,200,1,2,0.25,0.008,446.25228145371346,111.56307036342837,486,205,0.8146341463414634,0.8,-0.060704909948022634,0.03425704806129631,0.02735810097066149,24.434318600000005,-0.09296494256398483,0.0002507606688933086,0.00020024943542564996,8.902606681321878,-0.12417061887629871,-0.03319726592694896,-0.02651027287845971,-6.121481498631131
5,50,200,1,2,0.3333333333333333,0.008,446.25228145371346,148.75076048457115,483,202,0.7623762376237624,0.75,-0.04993247330699771,0.026170894886895155,0.024061204431944608,18.936708799999977,-0.07830441379381975,-0.0029335397366345366,-0.00269698998720665,3.6476730049229573,-0.10575109897093453,-0.03156164004444546,-0.02901662660869367,-11.142762366391366
5,50,200,1,2,0.5,0.008,446.25228145371346,223.12614072685673,474,197,0.6954314720812182,0.6666666666666666,-0.04156612973304382,0.06000522275136552,0.06545686048441994,59.697862400000005,-0.06503805277920842,0.03608841392201045,0.03936316653062852,44.78261950482526,-0.0877439982923536,0.012555673006805287,0.013695006063138747,30.354117339618067
5,50,200,1,2,0.75,0.008,446.25228145371346,334.68921109028514,466,190,0.6157894736842106,0.5714285714285714,-0.08007529380918231,0.08907621606661087,0.11556571845748104,97.2294556,-0.09934537451814121,0.06967027052427376,0.09038071898893114,82.74949142620827,-0.11797764719853253,0.05058695524331234,0.06562462513703737,68.74879028939611
5,50,200,1,2,1.0,0.008,446.25228145371346,446.25228145371346,463,182,0.5604395604395604,0.5,-0.042359607228631226,0.11981526742644805,0.17366004639828828,121.49916160000001,-0.05919318537087582,0.10318260011146847,0.1495436360841341,107.70560650789608,-0.07547620744492178,0.08682052285598933,0.1258299040786358,94.36318102078901
5,50,200,1,2,1.3333333333333333,0.008,446.25228145371346,595.0030419382846,455,179,0.46368715083798884,0.4285714285714286,-0.03236756844125936,0.06884015928244068,0.11503031388325673,79.63632399999995,-0.0470070193286077,0.05464808693436786,0.09131306332816844,66.06052976531589,-0.061166939881554826,0.04069007384817215,0.0679902170150684,52.92942469276073
5,50,200,1,2,2.0,0.008,446.25228145371346,892.5045629074269,446,174,0.3333333333333333,0.3333333333333333,0.01009790925653518,-0.001143046868526843,-0.002256655183324574,-27.91959200000001,-0.001741773968035036,-0.012811565769456938,-0.025293446820663174,-40.997379223477616,-0.013201262412495876,-0.024295004619703395,-0.04796481697976576,-53.65521378914831
5,50,200,1,2,0.2,0.015,836.7230277257128,167.34460554514257,456,194,0.8350515463917526,0.8333333333333334,-0.0575075316863632,0.0026967649376948193,0.003504153281068484,15.059125800000023,-0.07661977872983565,-0.017085993234598747,-0.02220073955867037,0.3208232208068189,-0.09510369729229898,-0.03653973010921716,-0.047478014333761795,-13.932947359026258
5,50,200,1,2,0.25,0.015,836.7230277257128,209.1807569314282,448,191,0.7801047120418848,0.8,-0.05188673115849199,-0.049568416826351845,-0.07372036288235116,-8.418429750000001,-0.06917871694773156,-0.06657949595086662,-0.09901464564796934,-22.8549915736444,-0.08590847673507783,-0.0833136187699673,-0.12390103473066238,-36.822167721512784
5,50,200,1,2,0.3333333333333333,0.015,836.7230277257128,278.90767590857087,435,181,0.7348066298342542,0.75,-0.12200901113389429,-0.035766826532450585,-0.05731718240875473,3.4350294999999456,-0.13661758723351997,-0.05074226261763299,-0.0813109992789657,-10.372745918711274,-0.15074162028293248,-0.06545954506231784,-0.10489443605366444,-23.7225395620315
5,50,200,1,2,0.5,0.015,836.7230277257128,418.3615138628564,426,177,0.672316384180791,0.6666666666666666,-0.11166167933445031,0.010802566020394628,0.02025077828894161,40.577313000000004,-0.12394882163845886,-0.0017228222478139837,-0.003229540731364118,26.98081130727384,-0.13582243875200234,-0.014025552193245557,-0.02629179658286521,13.841901446157706
5,50,200,1,2,0.75,0.015,836.7230277257128,627.5422707942846,410,162,0.5864197530864198,0.5714285714285714,-0.09001752023633945,0.029373818064569727,0.061706080642261824,27.168745874999964,-0.10029613948602603,0.01913652188301792,0.040200928822141255,14.668132277103048,-0.11022558629289723,0.009088734118476492,0.019093101432631848,2.592173944727577
5,50,200,1,2,1.0,0.015,836.7230277257128,836.7230277257128,401,155,0.5225806451612903,0.5,-0.08820936044577407,0.04422329807686322,0.10304450553695997,17.779507499999994,-0.09722281729286984,0.035391818987593616,0.08246848128044384,5.847225936802758,-0.10593156391505919,0.0267246930925933,0.0622727205065305,-5.681671191271754
5,50,200,1,2,1.3333333333333333,0.015,836.7230277257128,1115.6307036342835,389,151,0.4304635761589404,0.4285714285714286,-0.1050047785108734,0.003085377342598309,0.008100474728555657,-52.964111000000074,-0.11294414734261443,-0.004551486927066168,-0.011950060171954963,-64.65002666548395,-0.12061219473290692,-0.012045055302245412,-0.0316246400226704,-75.93658571330693
5,50,200,1,2,2.0,0.015,836.7230277257128,1673.4460554514255,374,138,0.2971014492753623,0.3333333333333333,-0.06833891951107131,-0.0795915147486093,-0.22668946120628483,-160.805115,-0.07486863432111808,-0.08604059939349479,-0.24506031989225008,-171.71033513904837,-0.08116582359920739,-0.09235363206651866,-0.2630410617425728,-182.22721640148234
5,50,200,1,2,0.2,0.025,1394.5383795428547,278.907675908571,421,174,0.8563218390804598,0.8333333333333334,-0.0885474481609049,0.06413052577127354,0.11776394404861429,81.62168750000006,-0.09972501385411539,0.051575573401388505,0.09470655317933689,68.34614847763513,-0.110531732789727,0.03922913193036736,0.07203518302023448,55.51106229956091
5,50,200,1,2,0.25,0.025,1394.5383795428547,348.6345948857137,411,172,0.813953488372093,0.8,-0.1069024753349448,0.034701111838830005,0.07279661621681675,64.264443125,-0.11690903508033851,0.023833685400069787,0.049997282453137615,51.107586780380316,-0.12658178151875923,0.01315047529997659,0.027586502755634006,38.38963589752912
5,50,200,1,2,0.3333333333333333,0.025,1394.5383795428547,464.8461265142849,403,163,0.7791411042944786,0.75,-0.06829601568478616,0.06910373225723729,0.1562323140254491,103.01309249999997,-0.07728258246835969,0.059552828817278296,0.13463889751857408,90.63026945378753,-0.08597372962065788,0.050158884688813285,0.11340077489826536,78.65451276634803
5,50,200,1,2,0.5,0.025,1394.5383795428547,697.2691897714274,380,146,0.6712328767123288,0.6666666666666666,-0.024545274862252487,0.00897787025448241,0.023170226573011023,7.078755000000019,-0.032106766383305056,0.001463397750720375,0.0037767630125469243,-4.268479924947499,-0.0394076148364615,-0.0059075617373425164,-0.015246340684171189,-15.224577980304929
5,50,200,1,2,0.75,0.025,1394.5383795428547,1045.9037846571412,358,139,0.5755395683453237,0.5714285714285714,-0.05409334218833353,0.007703988228310261,0.023239397927457987,-37.26872937499993,-0.060274158679208406,0.0015893139451813728,0.004794315470849485,-47.96763742234773,-0.0662460923527087,-0.004414488676848366,-0.01331672161027235,-58.30497219550749
5,50,200,1,2,1.0,0.025,1394.5383795428547,1394.5383795428547,338,128,0.515625,0.5,-0.00041899256189452177,0.030640406391494734,0.09838569508373515,14.795435000000026,-0.005805977646756115,0.02534824271229172,0.08139332647675329,4.921263185431172,-0.011010071390814193,0.020154295302559137,0.06471553693442528,-4.617674635718117
5,50,200,1,2,1.3333333333333333,0.025,1394.5383795428547,1859.3845060571396,312,114,0.39473684210526316,0.4285714285714286,-0.06388143504614796,-0.06934467832000088,-0.22640105332380442,-100.10826750000004,-0.06860602518253897,-0.07399204306169217,-0.24157156860664153,-109.09851111620907,-0.07316302960286739,-0.07854163630950846,-0.2564252249177777,-117.76986222100335
5,50,200,1,2,2.0,0.025,1394.5383795428547,2789.0767590857095,278,106,0.3113207547169811,0.3333333333333333,-0.036318441810293776,-0.04766699434886098,-0.17630265462305217,-68.39530750000002,-0.040184682635728386,-0.051481208217276204,-0.19040865151143854,-76.77999749421761,-0.043912987367551504,-0.055215398446792706,-0.20421994597617915,-84.86554642708768
5,100,200,0,1,0.2,0.002,111.56307036342837,22.312614072685676,933,427,0.747072599531616,0.8333333333333334,-0.20918402296934235,-0.21138842709684907,-0.09425343488723914,-51.276943159999995,-0.3376358886029983,-0.3373838907636966,-0.15047069995645496,-81.72788472521697,-0.4624586152984491,-0.4621305131504241,-0.20610676350781593,-111.31849859340761
5,100,200,0,1,0.25,0.002,111.56307036342837,27.89076759085709,932,426,0.7276995305164319,0.8,-0.18167837301641945,-0.17457325236309992,-0.08283305211923886,-46.8430725,-0.30149484189655373,-0.29269902041704543,-0.13892533531955456,-77.25722361490176,-0.41791589039316684,-0.4096430175472583,-0.19443110364011618,-106.80948295809434
5,100,200,0,1,0.3333333333333333,0.002,111.56307036342837,37.187690121142786,932,426,0.6995305164319249,0.75,-0.14986010855052717,-0.12118845619261466,-0.06316638545257221,-38.9710892,-0.25801435839432385,-0.2287166456865574,-0.11925866865288798,-69.38524031490176,-0.3631036777830971,-0.33516671166443696,-0.17476443697344948,-98.93749965809434
5,100,200,0,1,0.5,0.002,111.56307036342837,55.78153518171418,930,424,0.6297169811320755,0.6666666666666666,-0.09215839869754579,-0.08588979225517131,-0.05280413718310303,-33.89359040000001,-0.18446886545383132,-0.17665614034055663,-0.10863460604575384,-64.12943737143071,-0.2741715585360981,-0.266493073968148,-0.16387978390471653,-93.51112068716316
5,100,200,0,1,0.75,0.002,111.56307036342837,83.67230277257129,929,421,0.5653206650831354,0.5714285714285714,-0.023524395291922965,-0.020173371589573875,-0.014750222182751143,-15.8470174,-0.10072899348241895,-0.0959907614727015,-0.07019851213505277,-45.93072987659535,-0.1757405986579373,-0.17099954890945543,-0.12505280430161717,-75.15991590176108
5,100,200,0,1,1.0,0.002,111.56307036342837,111.56307036342837,925,416,0.4831730769230769,0.5,0.012757572517733419,-0.040449968214861014,-0.033670118429737744,-29.299849799999993,-0.054283746996521644,-0.10626847571023552,-0.08847168895055094,-59.10675642984954,-0.1194071370693056,-0.17137462102274678,-0.14267450496311818,-88.0609420184252
5,100,200,0,1,1.3333333333333333,0.002,111.56307036342837,148.75076048457115,924,415,0.41927710843373495,0.4285714285714286,0.021300009273451433,-0.024719944668855007,-0.023649714978698076,-20.53379453333335,-0.036556009033938394,-0.0818641849572628,-0.07832632431365064,-50.30395408967538,-0.09275178110123787,-0.1383790652503574,-0.13239884509541838,-79.21982403334978
5,100,200,0,1,2.0,0.002,111.56307036342837,223.12614072685673,923,411,0.3309002433090024,0.3333333333333333,0.0465701684017006,-0.009963124287297091,-0.011575085934069387,-0.5828419999999994,-6.460181559207043e-05,-0.056590796809782615,-0.06574486576604915,-30.15929141085516,-0.04535011186404732,-0.10268584860609967,-0.11929620562461916,-58.88002040238018
5,100,200,0,1,0.2,0.004,223.12614072685673,44.62522814537135,921,420,0.7952380952380952,0.8333333333333334,-0.016347008378723316,-0.10136887003084338,-0.08255302953175202,-51.934089359999994,-0.09059085554308988,-0.1692526029103774,-0.1378531474981524,-81.88513455553795,-0.162737228980308,-0.23644134028151265,-0.19257714443391732,-110.99002841601381
5,100,200,0,1,0.25,0.004,223.12614072685673,55.78153518171418,916,419,0.766109785202864,0.8,0.005877041914581407,-0.08643216232632701,-0.07672982577336193,-52.5064713,-0.06172304491861855,-0.14856482362221926,-0.131907782861252,-82.4259282821658,-0.1274065832053567,-0.21005250455165722,-0.18650148456621746,-111.49713055821583
5,100,200,0,1,0.3333333333333333,0.004,223.12614072685673,74.37538024228557,915,416,0.7379807692307693,0.75,0.017437917615170467,-0.03311119971299541,-0.03233944032458216,-29.57469466666668,-0.04137919754522932,-0.0892083647499675,-0.08713835561721756,-59.371365460145306,-0.09851517924746987,-0.14469879198002947,-0.1413411716297847,-88.31637632307371
5,100,200,0,1,0.5,0.004,223.12614072685673,111.56307036342837,908,402,0.6517412935323383,0.6666666666666666,0.0306955718364394,-0.03602898837583708,-0.04144745335995728,-44.9171616,-0.017341318157632974,-0.08207927567172471,-0.09443658403394581,-73.92627525109012,-0.06397844082743952,-0.12760405176685463,-0.14681526681532087,-102.09008002811024
5,100,200,0,1,0.75,0.004,223.12614072685673,167.34460554514257,904,401,0.5610972568578554,0.5714285714285714,0.029170105302092974,-0.024684225892852234,-0.03442704990891758,-26.296706599999986,-0.009755984566175185,-0.06258679850400972,-0.08729121939704551,-55.269073177582584,-0.047544244445261966,-0.10004829035135526,-0.1395396069476209,-83.39456230970148
5,100,200,0,1,1.0,0.004,223.12614072685673,223.12614072685673,899,396,0.5075757575757576,0.5,0.040622410391643486,0.011771223391154759,0.018668216031591703,20.482549999999986,0.007043089572667666,-0.021165302142422893,-0.03356439621254367,-8.259842914052832,-0.025543273914054622,-0.05370169017720237,-0.08516130760912198,-36.15230887620637
5,100,200,0,1,1.3333333333333333,0.004,223.12614072685673,297.5015209691423,894,394,0.4517766497461929,0.4285714285714286,0.05341017523777367,0.04368046680741373,0.080044756436667,57.23383759999997,0.024539149897453524,0.015312884763074916,0.02805966639459044,28.560364702078807,-0.003472456518238905,-0.012702671643865182,-0.023276654540388964,0.7404300818182001
5,100,200,0,1,2.0,0.004,223.12614072685673,446.25228145371346,884,388,0.35309278350515466,0.3333333333333333,0.03907452133120877,0.03895319828695786,0.08679519308884712,60.482179999999985,0.015672995635132227,0.01597692449490432,0.03559852088265927,32.295182610903325,-0.007034981400231592,-0.00671239520181987,-0.014956028667523442,4.943560425227453
5,100,200,0,1,0.2,0.008,446.25228145371346,89.2504562907427,889,400,0.8025,0.8333333333333334,0.018856019857096694,-0.0809241832133984,-0.12385520219037216,-89.92556256,-0.01937182723945095,-0.11533913292158597,-0.17654585476014512,-118.60313442383834,-0.05650433620507954,-0.14938839216846564,-0.22866394707992121,-146.45901110078069
5,100,200,0,1,0.25,0.008,446.25228145371346,111.56307036342837,884,389,0.7789203084832905,0.8,0.028391350509933765,-0.05402237100396105,-0.08730864977830241,-75.60747500000002,-0.0059352820757419605,-0.0857170386822424,-0.1385468437542411,-103.48553971041883,-0.03927936195344724,-0.11707505942792923,-0.18923168853522354,-130.56563311078168
5,100,200,0,1,0.3333333333333333,0.008,446.25228145371346,148.75076048457115,874,385,0.7168831168831169,0.75,0.0068572910507341146,-0.07624323424043748,-0.14123551370191945,-95.15680666666668,-0.022331996213305574,-0.10362431161770373,-0.19196538520663975,-122.83922757666218,-0.05067857803012172,-0.13070302234406347,-0.2421290490644244,-149.722446824686
5,100,200,0,1,0.5,0.008,446.25228145371346,223.12614072685673,859,373,0.6380697050938338,0.6666666666666666,0.011259568789574223,-0.06175130727056049,-0.13300663707432758,-66.79117679999999,-0.012578804302514124,-0.08460166176919312,-0.1822210095638353,-93.92160461198563,-0.0357085266856598,-0.10716575037833133,-0.23082113065202672,-120.24551778353793
5,100,200,0,1,0.75,0.008,446.25228145371346,334.68921109028514,844,362,0.5552486187845304,0.5714285714285714,0.002516391260502433,-0.03442507654836667,-0.08682021633323636,-34.315917199999966,-0.016877334588220053,-0.05337972682940285,-0.13462199855793117,-60.84135754743428,-0.0356839898291397,-0.07208212950083828,-0.18178887210732877,-86.56384200550127
5,100,200,0,1,1.0,0.008,446.25228145371346,446.25228145371346,818,352,0.5028409090909091,0.5,0.0010700317202600343,0.004017536139699835,0.011329270576072255,2.894501600000009,-0.015716023653009115,-0.012471210401653925,-0.03516835218892758,-22.91763116461022,-0.03199301779002201,-0.028735225518816725,-0.08103227343033076,-47.94697393339496
5,100,200,0,1,1.3333333333333333,0.008,446.25228145371346,595.0030419382846,798,335,0.4417910447761194,0.4285714285714286,0.011459401958266459,0.025173479213986945,0.07828907337043511,17.408529866666605,-0.0030677105052049703,0.010922491646571608,0.03396951330504522,-7.509948444736521,-0.017139176492242055,-0.003112292033344212,-0.009679389012767721,-31.646852519053873
5,100,200,0,1,2.0,0.008,446.25228145371346,892.5045629074269,768,313,0.3354632587859425,0.3333333333333333,0.06394764251991776,0.003357063794352363,0.01192579919995828,-14.254243200000012,0.05230842788456013,-0.008303798406729897,-0.02949913134981358,-37.591771202825,0.0410362809015668,-0.01978375977400347,-0.0702815385900384,-60.19330009536972
5,100,200,0,1,0.2,0.015,836.7230277257128,167.34460554514257,826,366,0.8169398907103825,0.8333333333333334,-0.03424292233796224,-0.044307030741890026,-0.11303256233661685,-54.322959299999994,-0.05364647529884188,-0.06318801901867598,-0.16120345710553272,-80.27527651844123,-0.07251019383407693,-0.08188063111945318,-0.20889151157812794,-105.50556338048277
5,100,200,0,1,0.25,0.015,836.7230277257128,209.1807569314282,815,346,0.7658959537572254,0.8,-0.03145057182856679,-0.08213133649483917,-0.22594920665749585,-88.35526837499997,-0.04893544025718301,-0.0987071135857062,-0.2715461643675256,-113.16812575209453,-0.06591895953999635,-0.11509448881138268,-0.3166283142241319,-137.26951624559646
5,100,200,0,1,0.3333333333333333,0.015,836.7230277257128,278.90767590857087,792,333,0.7207207207207207,0.75,-0.03274971585237513,-0.06665118674962074,-0.19945989659522023,-49.82840550000006,-0.0479733422666587,-0.08133956967223549,-0.24340642408782087,-74.02745967624244,-0.06274543196040727,-0.09583872115689737,-0.28679473594403454,-97.50876360918289
5,100,200,0,1,0.5,0.015,836.7230277257128,418.3615138628564,748,311,0.617363344051447,0.6666666666666666,-0.047535449134411004,-0.10248391781645698,-0.34912329529842545,-116.27002650000003,-0.060002332917447825,-0.1145488294942149,-0.3902084020760127,-139.06917921738602,-0.07209139934034474,-0.12644433624464732,-0.4307302188546388,-161.17738816381683
5,100,200,0,1,0.75,0.015,836.7230277257128,627.5422707942846,699,283,0.5547703180212014,0.5714285714285714,-0.033713374501283956,-0.034463124806842334,-0.12746730729252836,-3.5450906250000287,-0.04401170040868704,-0.044581685776601765,-0.16488819224280257,-24.43910260561887,-0.053992594646808514,-0.05455138106712775,-0.20176174255904447,-44.68908553135704
5,100,200,0,1,1.0,0.015,836.7230277257128,836.7230277257128,672,262,0.4961832061068702,0.5,0.005226594634955207,-0.008484030976815368,-0.033405270401057625,5.0750385000000335,-0.0037358782959973982,-0.017291973650549675,-0.06808553486789487,-14.453395881309383,-0.012415915324534415,-0.025961982132714435,-0.10222288533734857,-33.36642745697124
5,100,200,0,1,1.3333333333333333,0.015,836.7230277257128,1115.6307036342835,634,249,0.43775100401606426,0.4285714285714286,0.013006322743484695,0.017725746626431508,0.07679300613406506,59.100725999999874,0.005253062318802543,0.010111059418032076,0.04380420541180928,40.32830883783908,-0.0022495223412221203,0.002622319941527401,0.011360692942748718,22.162835047735626
5,100,200,0,1,2.0,0.015,836.7230277257128,1673.4460554514255,573,219,0.3424657534246575,0.3333333333333333,0.0031976591210647197,0.0186139280893462,0.08724818395850187,66.53092950000004,-0.00314358425775749,0.012409223578076304,0.05816514451882049,49.746366508550096,-0.009272423483719705,0.006321506899788257,0.029630488973743263,33.52401358701039
5,100,200,0,1,0.2,0.025,1394.5383795428547,278.907675908571,742,306,0.8235294117647058,0.8333333333333334,-0.023397090592610473,-0.026829693452878604,-0.09404887180370607,10.69051500000009,-0.035176409785310295,-0.03836485849969156,-0.1344815788915111,-11.868475359237067,-0.04659390752209752,-0.04973905553847218,-0.17435191951613938,-33.734528664798546
5,100,200,0,1,0.25,0.025,1394.5383795428547,348.6345948857137,712,294,0.7925170068027211,0.8,-0.030382367942887244,-0.019464006662574876,-0.07264049870360098,50.727481874999995,-0.04089866596515698,-0.02987392361601743,-0.11148720324870677,29.03308848896235,-0.051091228642225955,-0.04013854879046602,-0.14979400110374197,8.006538665067666
5,100,200,0,1,0.3333333333333333,0.025,1394.5383795428547,464.8461265142849,669,275,0.730909090909091,0.75,-0.03042059307388015,-0.04385085973246934,-0.17859382882999034,-42.84484166666675,-0.03957965524602788,-0.052784305784208806,-0.2149752751476,-63.32544224645298,-0.04845062851953542,-0.06158217524852465,-0.25080646361744596,-83.16184655880244
5,100,200,0,1,0.5,0.025,1394.5383795428547,697.2691897714274,620,242,0.6528925619834711,0.6666666666666666,0.005098195674751843,-0.029599363881964505,-0.1281418283636972,40.59928624999995,-0.002523692387732978,-0.03700027119569972,-0.16017824212988807,22.495082182105648,-0.009903370891359035,-0.04428385748218579,-0.19170968798335225,4.966196361452035
5,100,200,0,1,0.75,0.025,1394.5383795428547,1045.9037846571412,554,218,0.5688073394495413,0.5714285714285714,0.03037374562952172,-0.005871208721626207,-0.027795713383291315,27.227451250000115,0.024126331518665212,-0.0119743335045722,-0.05668949084427924,10.679335569465152,0.018083945197795517,-0.017974092513194803,-0.08509385115855664,-5.325703643555016
5,100,200,0,1,1.0,0.025,1394.5383795428547,1394.5383795428547,502,199,0.48743718592964824,0.5,0.023460768545195528,-0.025581768249470355,-0.1275496116355193,-37.86227250000003,0.01807693578093152,-0.030872122758627576,-0.1539275627431726,-52.93028439404347,0.012868831963092908,-0.036072462239064074,-0.17985631367226068,-67.50647457467119
5,100,200,0,1,1.3333333333333333,0.025,1394.5383795428547,1859.3845060571396,447,171,0.43859649122807015,0.4285714285714286,-0.03474801624440978,0.01971003569012555,0.09784792058280234,195.21882249999987,-0.03943787962690963,0.015136652943096915,0.07514264709003776,182.14712037979876,-0.04397151022456493,0.01064849643228807,0.052862162623333486,169.51087410518096
5,100,200,0,1,2.0,0.025,1394.5383795428547,2789.0767590857095,394,144,0.3125,0.3333333333333333,-0.0074858268117202805,-0.04514780812096381,-0.22679750142719968,-65.38865500000006,-0.011304966352201117,-0.04895731520673793,-0.24593250771365235,-76.47123370691084,-0.01499506522324594,-0.05269233292790816,-0.26469502094877156,-87.17935545558305
5,100,200,0,2,0.2,0.002,111.56307036342837,22.312614072685676,459,206,0.7815533980582524,0.8333333333333334,-0.21312212735613034,-0.13873735465846407,-0.02842039572542847,-12.43986032,-0.3410730389031663,-0.27124313518953563,-0.05554511520147476,-26.977831363621622,-0.46551028053971466,-0.4023147420349431,-0.08238593274615943,-41.11657405632417
5,100,200,0,2,0.25,0.002,111.56307036342837,27.89076759085709,459,206,0.7427184466019418,0.8,-0.1590803642278023,-0.14317334851828198,-0.032320395725428476,-14.232738900000001,-0.280258909734176,-0.26341216903452874,-0.05944511520147476,-28.77070994362162,-0.3981097617994143,-0.38234873672630154,-0.08628593274615946,-42.909452636324176
5,100,200,0,2,0.3333333333333333,0.002,111.56307036342837,37.187690121142786,459,206,0.6893203883495146,0.75,-0.11965113722176172,-0.14182840000804023,-0.03615372905876181,-16.113232000000004,-0.22909711818039857,-0.24831116725657357,-0.0632784485348081,-30.651203043621628,-0.3355375945633466,-0.35363730734003607,-0.09011926607949279,-44.78994573632418
5,100,200,0,2,0.5,0.002,111.56307036342837,55.78153518171418,459,205,0.6341463414634146,0.6666666666666666,-0.035393707465747666,-0.07674262422775721,-0.022797917450681018,-6.7864979000000005,-0.1291647594777945,-0.16770335774253453,-0.04979975056457438,-21.29166757513577,-0.2203421496667206,-0.2576524885777793,-0.07651027287845964,-35.39563129153433
5,100,200,0,2,0.75,0.002,111.56307036342837,83.67230277257129,459,205,0.5560975609756098,0.5714285714285714,-0.02096117914534857,-0.03859427245032213,-0.013797917450681013,1.6047347499999989,-0.09808993188452925,-0.11417065562011841,-0.04079975056457439,-12.90043492513577,-0.17308534072756987,-0.1889151773961891,-0.06751027287845965,-27.004398641534337
5,100,200,0,2,1.0,0.002,111.56307036342837,111.56307036342837,457,204,0.5049019607843137,0.5,-0.007847623649287802,0.002992106144824841,0.0012241405700013207,9.648882999999998,-0.07478872123675594,-0.06272710847389087,-0.025654385927674016,-4.822746054788964,-0.13986517592119213,-0.1277179756184761,-0.05223461301075987,-18.891268178487294
5,100,200,0,2,1.3333333333333333,0.002,111.56307036342837,148.75076048457115,457,204,0.4264705882352941,0.4285714285714286,0.022150451574921116,-0.010115650576478914,-0.004775859429998693,6.795066799999991,-0.035617295299726896,-0.06706678532470176,-0.03165438592767405,-7.676562254788986,-0.09177592276767231,-0.12338284805724861,-0.05823461301075987,-21.74508437848731
5,100,200,0,2,2.0,0.002,111.56307036342837,223.12614072685673,456,203,0.3399014778325123,0.3333333333333333,0.04182406529134796,0.009047045797931768,0.005233644769194127,16.4786216,-0.004795503257156454,-0.03718948123178122,-0.021509021290773672,2.0927612259497543,-0.05012012791542371,-0.08292188490114015,-0.04795895314306007,-11.893505531574396
5,100,200,0,2,0.2,0.004,223.12614072685673,44.62522814537135,458,203,0.8226600985221675,0.8333333333333334,-0.04929692333461913,-0.0352798980284715,-0.013162829133274224,-6.302598559999998,-0.12137594378009997,-0.10696655769085975,-0.03990902129077366,-20.719145903139655,-0.1914411939551597,-0.17785925487787346,-0.06635895314306003,-34.732918426889356
5,100,200,0,2,0.25,0.004,223.12614072685673,55.78153518171418,457,202,0.801980198019802,0.8,-0.04064736621273463,-0.0018349644549736453,-0.0007403508585267747,-2.8386929999999992,-0.10590553375044146,-0.06781706169163548,-0.027363656653873268,-17.222438974653805,-0.16932736451241653,-0.13304666324081868,-0.053683293275360214,-31.20143252209951
5,100,200,0,2,0.3333333333333333,0.004,223.12614072685673,74.37538024228557,456,201,0.746268656716418,0.75,-0.05875218543065416,-0.014371058499509478,-0.0067205514921065135,-4.866628266666676,-0.11505408118037483,-0.07103376304170153,-0.03321829201697291,-19.21232294175419,-0.16976183800769815,-0.12703686728359892,-0.05940763340766041,-33.151831822458426
5,100,200,0,2,0.5,0.004,223.12614072685673,111.56307036342837,452,199,0.678391959798995,0.6666666666666666,-0.04248565758203391,0.020234335709201908,0.011313302530871332,6.0550475999999955,-0.08924561083667369,-0.026698498676048926,-0.014927562743172173,-8.189167182811715,-0.13467138998688993,-0.07307302975403838,-0.04085631367226082,-22.026960205584807
5,100,200,0,2,0.75,0.004,223.12614072685673,167.34460554514257,448,197,0.5736040609137056,0.5714285714285714,-0.007747452851621343,0.0004867119274666387,0.0003328000695034072,9.31647,-0.046392086413878535,-0.03749578067026872,-0.025636833469371487,-4.760699188614476,-0.08393902249588822,-0.07503737941131833,-0.05130499393686117,-18.438007601670932
5,100,200,0,2,1.0,0.004,223.12614072685673,223.12614072685673,447,197,0.5126903553299492,0.5,0.01283210768730498,0.021944950373629205,0.01733280006950342,24.887698399999998,-0.020660591174542442,-0.010936117759607948,-0.008636833469371462,10.810529211385527,-0.05320193281655465,-0.043437615738057406,-0.03430499393686119,-2.8667792016709335
5,100,200,0,2,1.3333333333333333,0.004,223.12614072685673,297.5015209691423,442,197,0.4467005076142132,0.4285714285714286,0.02293062730821447,0.033461413602812504,0.030666133402836724,27.515103599999982,-0.005974246667994375,0.005124811253978138,0.00469649986396189,13.437934411385532,-0.03405808019418996,-0.022884234086808734,-0.020971660603527807,-0.23937400167092537
5,100,200,0,2,2.0,0.004,223.12614072685673,446.25228145371346,440,196,0.3469387755102041,0.3333333333333333,0.05632129341630648,0.02613758763553946,0.029338524267347732,31.709492799999996,0.033094568459852605,0.0031258916591518785,0.003508531167528889,17.77869217814812,0.010518196605540838,-0.01962682055122277,-0.022029334069161296,4.237956854642438
5,100,200,0,2,0.2,0.008,446.25228145371346,89.2504562907427,444,195,0.8358974358974359,0.8333333333333334,-0.09244987323264839,0.0031130191890855466,0.00216403273680367,8.090196960000013,-0.12716141395459868,-0.033873696840037645,-0.023546104195570745,-5.857095921442254,-0.16088453403072484,-0.07042531984625354,-0.0489536742014616,-19.407235811382314
5,100,200,0,2,0.25,0.008,446.25228145371346,111.56307036342837,442,193,0.8186528497409327,0.8,-0.08575278151021071,0.04479167489956004,0.033397886759781496,29.408909400000002,-0.11734142646239086,0.010655720024933708,0.007944625078229989,15.563096410833536,-0.14802344508028592,-0.02307263982315754,-0.017202354466062067,2.1146723788246184
5,100,200,0,2,0.3333333333333333,0.008,446.25228145371346,148.75076048457115,439,190,0.7578947368421053,0.75,-0.08886557122493607,0.015455462176567441,0.0134538548773616,20.48379066666666,-0.11658015725062751,-0.013348869006641697,-0.011619281011068943,6.783163350207202,-0.14348868605358944,-0.04179003103983842,-0.0363753748629627,-6.518991855064323
5,100,200,0,2,0.5,0.008,446.25228145371346,223.12614072685673,432,187,0.6631016042780749,0.6666666666666666,-0.07852449551735029,-0.009866723035251806,-0.01049412952750365,23.907586799999997,-0.1016637848919955,-0.03308327411521184,-0.035183187100367865,10.363111493528251,-0.12412241894056712,-0.05599424173492338,-0.059548395259863204,-2.7829453867353315
5,100,200,0,2,0.75,0.008,446.25228145371346,334.68921109028514,426,186,0.5806451612903226,0.5714285714285714,-0.055402336289402936,0.016697713332149117,0.021514517999303637,32.11702819999999,-0.07463175547485199,-0.002357786987599331,-0.003037822463467392,18.66741269319524,-0.0932979114717737,-0.02116756373922074,-0.0272727353921634,5.611759855869522
5,100,200,0,2,1.0,0.008,446.25228145371346,446.25228145371346,422,185,0.518918918918919,0.5,-0.006131489236585495,0.03608827732358245,0.05352024219714796,61.48093520000001,-0.022883012547824357,0.019628087266153754,0.02910754217343297,48.17768825995779,-0.03915079037153817,0.003373621778393621,0.005002924475536366,35.25860851218285
5,100,200,0,2,1.3333333333333333,0.008,446.25228145371346,595.0030419382846,415,177,0.4745762711864407,0.4285714285714286,0.00434406976494036,0.09042923086641297,0.14962371985696393,104.27360426666665,-0.010151106454114177,0.07631740086348185,0.1262704592686358,91.54792465096962,-0.024227890535004615,0.06237865830382469,0.10320820341713469,79.1895620118681
5,100,200,0,2,2.0,0.008,446.25228145371346,892.5045629074269,406,174,0.367816091954023,0.3333333333333333,0.012863768807582478,0.07014354032207328,0.1416561497691498,74.034688,0.0010780684193710632,0.058779454448555896,0.11870655317933686,61.549154421862305,-0.01036917363004941,0.047553361753066105,0.09603518302023421,49.42217678987799
5,100,200,0,2,0.2,0.015,836.7230277257128,167.34460554514257,425,187,0.8074866310160428,0.8333333333333334,-0.101099522659536,-0.06726776023912857,-0.08951422453508087,-29.460927599999987,-0.11947469690369505,-0.08580756947947124,-0.11418318710036784,-42.91936915138801,-0.13731807676889432,-0.10411778961888564,-0.13854839525986318,-55.9883110729229
5,100,200,0,2,0.25,0.015,836.7230277257128,209.1807569314282,423,184,0.7717391304347826,0.8,-0.09743125782896686,-0.06884040497749892,-0.09995796033614585,-21.416121000000018,-0.11414895077728335,-0.08557221643383245,-0.12424709318966677,-34.74676030878472,-0.13037456158045724,-0.10208395814417724,-0.1482214156567638,-47.68501475875741
5,100,200,0,2,0.3333333333333333,0.015,836.7230277257128,278.90767590857087,408,182,0.6978021978021978,0.75,-0.08242335833269378,-0.11480612437891535,-0.19243205411920644,-90.14645250000005,-0.09724460618044133,-0.12913999086402858,-0.21645636391586603,-103.3017325929562,-0.11163214089903135,-0.1432878360885394,-0.24017009592136424,-116.07205065352
5,100,200,0,2,0.5,0.015,836.7230277257128,418.3615138628564,396,174,0.632183908045977,0.6666666666666666,-0.06908471483316185,-0.072528402977579,-0.13732104582035592,-48.80585624999998,-0.08145083059134887,-0.08466333023474341,-0.16029344682066304,-61.3691593710302,-0.0934560825811797,-0.09663782910993253,-0.18296481697976572,-73.5658444693999
5,100,200,0,2,0.75,0.015,836.7230277257128,627.5422707942846,385,164,0.5792682926829268,0.5714285714285714,-0.03737942252897893,0.014800497189979056,0.03155136929010287,24.88230862500002,-0.04764834525728802,0.004648776015767818,0.00991019954834059,13.068799203634882,-0.05761940144463226,-0.005374936212889671,-0.011458218302767782,1.5979595326514122
5,100,200,0,2,1.0,0.015,836.7230277257128,836.7230277257128,374,158,0.5063291139240507,0.5,-0.048863026347817536,0.011730809985121706,0.027887616313672828,-11.879348999999976,-0.05780895908749025,0.002958084109221251,0.007032387369742779,-23.288829053849202,-0.06649375155478092,-0.005701426320503587,-0.013554259096569043,-34.365255549650925
5,100,200,0,2,1.3333333333333333,0.015,836.7230277257128,1115.6307036342835,359,155,0.44516129032258067,0.4285714285714286,-0.03374239828722881,0.03250976222611737,0.08793296868983184,9.317440999999913,-0.04152420460076494,0.02494328392620462,0.06746848128044353,-1.9216474874424883,-0.04907646798332133,0.017476855372766296,0.04727272050653034,-12.829212263165115
5,100,200,0,2,2.0,0.015,836.7230277257128,1673.4460554514255,336,146,0.3493150684931507,0.3333333333333333,-0.03889434291250605,0.032794730271623634,0.10307637042160349,63.45055500000001,-0.04531058096165591,0.026654573927144057,0.08377676301254705,52.73955161081703,-0.05153202497550575,0.020602147149423298,0.06475365931582873,42.35372935679593
5,100,200,0,2,0.2,0.025,1394.5383795428547,278.907675908571,395,175,0.7942857142857143,0.8333333333333334,-0.07820199350212476,-0.09741695550568495,-0.20732398878629021,-117.23714849999996,-0.08943239318485552,-0.10827578003901453,-0.23043881145756345,-129.97052971245682,-0.10032864148044802,-0.11898954865578631,-0.25324047684746537,-142.3250395476425
5,100,200,0,2,0.25,0.025,1394.5383795428547,348.6345948857137,390,171,0.7719298245614035,0.8,-0.06796595045908077,-0.06771661350296874,-0.15227618183615202,-79.61610625000003,-0.07819051473566725,-0.07775727174977397,-0.17485735290996207,-92.02813623435081,-0.08811270043594494,-0.087665174715034,-0.19713783737666624,-104.07309610654382
5,100,200,0,2,0.3333333333333333,0.025,1394.5383795428547,464.8461265142849,371,165,0.7454545454545455,0.75,-0.05650717347161203,-0.011307431850924666,-0.02717313093706475,6.822932499999979,-0.06552147280297181,-0.02038396109479268,-0.048985165088559976,-5.238372834946539,-0.07426449065557782,-0.02933011714545501,-0.07048387817046753,-16.936698350088225
5,100,200,0,2,0.5,0.025,1394.5383795428547,697.2691897714274,358,149,0.6644295302013423,0.6666666666666666,-0.04531584030362391,-0.005468669165070406,-0.014477005329796247,11.325398750000005,-0.05278920378331205,-0.012903668923077675,-0.034159330898154164,0.5057926614085702,-0.06004132446846868,-0.020237293000791638,-0.05357332028727062,-9.993507865533626
5,100,200,0,2,0.75,0.025,1394.5383795428547,1045.9037846571412,338,143,0.5804195804195804,0.5714285714285714,-0.013276392126692302,0.017546947906860403,0.054364346731256105,23.707545625000094,-0.019461867151684013,0.0114460896882897,0.03546285692324806,13.237241225918712,-0.025460446551335263,0.005432303522364666,0.016830638918928484,3.083299609043344
5,100,200,0,2,1.0,0.025,1394.5383795428547,1394.5383795428547,315,137,0.5036496350364964,0.5,-0.03532608527006491,0.006749950105924335,0.023202855677795578,33.7918,-0.040695330462963884,0.0014792955243968045,0.005085044744650047,23.75300517909746,-0.04590203603470287,-0.003713596007290522,-0.012765401874872906,14.01810817780845
5,100,200,0,2,1.3333333333333333,0.025,1394.5383795428547,1859.3845060571396,294,123,0.42276422764227645,0.4285714285714286,-0.07692426041375652,-0.012157080333176157,-0.04326701117641065,19.713160833333248,-0.08163574715568744,-0.01673154644400119,-0.05954651700541145,10.710091610821802,-0.08620498500120752,-0.02123466468278271,-0.07557283039374268,1.9788424594177414
5,100,200,0,2,2.0,0.025,1394.5383795428547,2789.0767590857095,271,112,0.2857142857142857,0.3333333333333333,-0.02660594237344396,-0.10530901870973156,-0.40142630902032356,-109.14405,-0.030440843536778915,-0.10920880465346101,-0.41628083933284066,-117.48760894233726,-0.03415504319604696,-0.11303720876692291,-0.4308739051823779,-125.56855874020958
5,100,200,1,1,0.2,0.002,111.56307036342837,22.312614072685676,823,386,0.7668393782383419,0.8333333333333334,-0.25465747395393523,-0.17064284779713812,-0.06689372466590082,-40.72215396,-0.379523061022162,-0.3001058675922533,-0.11771074984354009,-68.06983989558546,-0.5009226022988258,-0.4283313036462322,-0.168004708932124,-94.65840288968167
5,100,200,1,1,0.25,0.002,111.56307036342837,27.89076759085709,822,385,0.7480519480519481,0.8,-0.23607623838442188,-0.13217096710285653,-0.05527334189790055,-34.22246835,-0.3525413867421669,-0.25326615025139865,-0.1059653852066397,-61.53336383527027,-0.46576264563315756,-0.3731615104484212,-0.1561290490644242,-88.08357230436837
5,100,200,1,1,0.3333333333333333,0.002,111.56307036342837,37.187690121142786,822,385,0.7116883116883117,0.75,-0.21201911345837582,-0.09583073138354713,-0.04460667523123389,-27.763208800000005,-0.3175612074602328,-0.20465238261292187,-0.09529871853997308,-55.07410428527028,-0.42016365048615845,-0.3123780004005649,-0.14546238239775758,-81.62431275436839
5,100,200,1,1,0.5,0.002,111.56307036342837,55.78153518171418,821,384,0.6458333333333334,0.6666666666666666,-0.1475553396864012,-0.053035721304165874,-0.029250138139510443,-18.5556964,-0.23863154241492193,-0.144686849732653,-0.07982002056973933,-45.835003671898136,-0.3271610510044051,-0.23538051826943465,-0.12985338919672443,-72.3515205565704
5,100,200,1,1,0.75,0.002,111.56307036342837,83.67230277257129,816,381,0.5931758530183727,0.5714285714285714,-0.09790476266344764,0.03630383444288772,0.023809429789014996,13.540832099999998,-0.17457653331419745,-0.040223571409207154,-0.026383926659038257,-13.62042176505918,-0.24908407428863968,-0.11590593601908843,-0.07602640959362504,-40.01498938873422
5,100,200,1,1,1.0,0.002,111.56307036342837,111.56307036342837,813,378,0.5079365079365079,0.5,-0.07340397185127202,0.009069447357481622,0.00686406128725639,5.197919800000008,-0.14056869595754512,-0.056741256737206744,-0.042947832748337154,-21.812452104617652,-0.20582573222540154,-0.12181083871616526,-0.09219942999052566,-48.05564512658215
5,100,200,1,1,1.3333333333333333,0.002,111.56307036342837,148.75076048457115,812,375,0.43466666666666665,0.4285714285714286,-0.057629518930771235,0.006406373812419125,0.005564504410079853,3.433310399999982,-0.11617352967465816,-0.05047454850802057,-0.04384507217096947,-23.285763017760654,-0.17306739424574605,-0.10672311267138869,-0.09270578372075958,-49.25172136566489
5,100,200,1,1,2.0,0.002,111.56307036342837,223.12614072685673,812,373,0.3512064343163539,0.3333333333333333,-0.018886232994506025,0.032644830793279705,0.03492051846067844,23.2942016,-0.06651372036019246,-0.01329391511377031,-0.014221009563835377,-3.2756924096262594,-0.11279966277660963,-0.05872570259448449,-0.06282113065202662,-29.09718021345051
5,100,200,1,1,0.2,0.004,223.12614072685673,44.62522814537135,812,380,0.8052631578947368,0.8333333333333334,-0.06759470033214854,-0.07800745678961456,-0.05640327750098634,-38.65449903999999,-0.13860245753932024,-0.14716651134155379,-0.10643856202213789,-65.61914732279982,-0.20763075946194143,-0.21562418114490045,-0.15595074972592515,-91.83211272419688
5,100,200,1,1,0.25,0.004,223.12614072685673,55.78153518171418,810,378,0.7777777777777778,0.8,-0.05885662154815088,-0.059963322352732405,-0.04716453373510597,-37.219077600000006,-0.1233066627075977,-0.12321953557238921,-0.0969478327483371,-64.10201235404752,-0.1859491160434836,-0.1858177264379289,-0.14619942999052554,-90.23097915634804
5,100,200,1,1,0.3333333333333333,0.004,223.12614072685673,74.37538024228557,805,375,0.7466666666666667,0.75,-0.04883086645550131,-0.013525342713425443,-0.011777197243147425,-22.611509466666682,-0.10545056837349166,-0.0702390735711006,-0.0611784055043027,-49.34113413298728,-0.16047267652054867,-0.12633617327469884,-0.11003911705409279,-75.31654992113053
5,100,200,1,1,0.5,0.004,223.12614072685673,111.56307036342837,797,365,0.6712328767123288,0.6666666666666666,-0.03896295635082762,0.0049121816516496195,0.005059390913361438,-15.569976400000003,-0.08581143596817808,-0.04179594317918832,-0.04305809246863237,-41.7961001536751,-0.1313098210589742,-0.08795965571354317,-0.09061585171042813,-67.26643105298695
5,100,200,1,1,0.75,0.004,223.12614072685673,167.34460554514257,790,360,0.5777777777777777,0.5714285714285714,-0.05511979205679487,0.008926986168171579,0.011124750022208932,-14.604329500000006,-0.09358108726929518,-0.029149092826160242,-0.03633126928413065,-40.415446542845906,-0.13094020981311522,-0.0667826692686328,-0.08323755237192905,-65.48690290615531
5,100,200,1,1,1.0,0.004,223.12614072685673,223.12614072685673,784,356,0.5196629213483146,0.5,-0.02320279440335202,0.035920070741782884,0.051177747227934334,13.1310176,-0.056724932774785,0.00298279592449026,0.004250189263470851,-12.410550676547846,-0.0892847409082832,-0.02957041173681938,-0.04213491290112985,-37.218889371961794
5,100,200,1,1,1.3333333333333333,0.004,223.12614072685673,297.5015209691423,778,352,0.45454545454545453,0.4285714285714286,-0.013933098895607935,0.04920228165119397,0.08059882130721266,33.9584781333333,-0.043021555425142896,0.02085528021933571,0.034164981144405665,8.552424331051139,-0.07126196111416265,-0.007141367149036203,-0.011698940096997238,-16.11293615670878
5,100,200,1,1,2.0,0.004,223.12614072685673,446.25228145371346,770,342,0.347953216374269,0.3333333333333333,0.0017108535965610159,0.02832023670521111,0.05544181121759688,27.5149856,-0.021981112048179454,0.0052538019346496925,0.010285294180075968,2.6514392319612377,-0.044969629939880525,-0.01750826016034787,-0.0342756747533325,-21.473873505004022
5,100,200,1,1,0.2,0.008,446.25228145371346,89.2504562907427,781,361,0.8116343490304709,0.8333333333333334,-0.07353363236667364,-0.05905876669074265,-0.08012946297825281,-61.0508992,-0.10878785694579221,-0.09409132281169397,-0.12767663392103096,-86.78095913139559,-0.14304751216813794,-0.12875493931391221,-0.17471321223962893,-111.78513927217875
5,100,200,1,1,0.25,0.008,446.25228145371346,111.56307036342837,775,355,0.7859154929577464,0.8,-0.046442422979716,-0.03760259832094926,-0.05482614391376024,-52.3927768,-0.07889914921359116,-0.06967729293087668,-0.10160444609962876,-77.77523000808819,-0.11043250469467837,-0.10139745731253563,-0.14785925303343025,-102.43557049422543
5,100,200,1,1,0.3333333333333333,0.008,446.25228145371346,148.75076048457115,768,349,0.7306590257879656,0.75,-0.06621007141955537,-0.04641271274892579,-0.07675021103173554,-68.39188800000002,-0.0942296293947126,-0.07421178764819335,-0.12273225827822667,-93.27904064123047,-0.12145766556506017,-0.1017076987087671,-0.16820529382723143,-117.46315849538016
5,100,200,1,1,0.5,0.008,446.25228145371346,223.12614072685673,748,340,0.6470588235294118,0.6666666666666666,-0.04571610095015749,-0.04333282599617576,-0.08460991641478904,-56.05171920000001,-0.06907123681491205,-0.06628143776214297,-0.12942397654612336,-80.4240083399109,-0.09175744279514539,-0.0889688319906167,-0.17372435501793315,-104.09823463598784
5,100,200,1,1,0.75,0.008,446.25228145371346,334.68921109028514,730,324,0.5648148148148148,0.5714285714285714,-0.05148299232783714,-0.015248614236907614,-0.03434461800863341,-23.323500600000013,-0.07073209055772525,-0.034230207614123646,-0.07709814235571742,-46.80399160572386,-0.08941417080912643,-0.05297320950105335,-0.11931379713473628,-69.59282109125897
5,100,200,1,1,1.0,0.008,446.25228145371346,446.25228145371346,712,311,0.4887459807073955,0.5,-0.037897075601101164,-0.024136637243897637,-0.060131716912837176,-53.53561759999998,-0.05468548913761457,-0.040623457298278175,-0.10120840207601269,-76.21149572680295,-0.0709718139079246,-0.056888275829044384,-0.14173021885463877,-98.2092094965923
5,100,200,1,1,1.3333333333333333,0.008,446.25228145371346,595.0030419382846,697,297,0.4276094276094276,0.4285714285714286,-0.04412051231845617,-0.0033557989840344565,-0.009219582171317658,-23.227205066666713,-0.05877041090182142,-0.017655322088944176,-0.048506630492741,-45.214707427041056,-0.07296584115542223,-0.03174040819337334,-0.08720431404017519,-66.52011472603664
5,100,200,1,1,2.0,0.008,446.25228145371346,892.5045629074269,666,278,0.30935251798561153,0.3333333333333333,-0.02343753370541337,-0.05296803801986825,-0.1636477538430657,-98.4659416,-0.035407398414501516,-0.0648677388623352,-0.20041136905830093,-118.94960015171803,-0.04701006237140018,-0.07659184443004416,-0.2366334432205453,-138.80487943511628
5,100,200,1,1,0.2,0.015,836.7230277257128,167.34460554514257,725,334,0.8023952095808383,0.8333333333333334,-0.08485621762727487,-0.07949902984259569,-0.19059120608715585,-118.19037809999999,-0.1034514465200122,-0.09783083554936384,-0.2345517887247211,-141.77011677773498,-0.12153552166062392,-0.11598231380674637,-0.2780703958117342,-164.70168532705748
5,100,200,1,1,0.25,0.015,836.7230277257128,209.1807569314282,714,320,0.746875,0.8,-0.06560046067293314,-0.12367234530114234,-0.3231342606221679,-173.14735762499996,-0.08265879115576996,-0.13979372652131028,-0.3652666838081161,-195.8973253860823,-0.09923915559259973,-0.15575090557438942,-0.40696115766393703,-218.00985021870852
5,100,200,1,1,0.3333333333333333,0.015,836.7230277257128,278.90767590857087,693,306,0.6993464052287581,0.75,-0.07716648156469139,-0.11176530857498815,-0.3141518185285852,-179.0163695000001,-0.09202527977177649,-0.12611074225282962,-0.3544815788915111,-200.9638091310311,-0.10645786853096645,-0.14029505689554878,-0.3943519195161398,-222.28170887616523
5,100,200,1,1,0.5,0.015,836.7230277257128,418.3615138628564,658,281,0.594306049822064,0.6666666666666666,-0.06312060354781618,-0.1483113610568855,-0.4612546564648575,-248.26047825,-0.07552392406299972,-0.1602377831694449,-0.49834746296900184,-268.7587359263141,-0.08755586443650822,-0.172010251092583,-0.5349604228236446,-288.643234905463
5,100,200,1,1,0.75,0.015,836.7230277257128,627.5422707942846,621,258,0.5232558139534884,0.5714285714285714,-0.055290193661828066,-0.09725949578603088,-0.32963213213487635,-147.996762375,-0.06557074294079444,-0.10732869029586788,-0.36375407632029355,-167.18006228913194,-0.0755291365677388,-0.1172474229920386,-0.39737024586654934,-185.76222618182425
5,100,200,1,1,1.0,0.015,836.7230277257128,836.7230277257128,594,237,0.4345991561181435,0.5,-0.024281416713584972,-0.1325359821868203,-0.46810419833364547,-272.22918,-0.03324122495092904,-0.14141087629860546,-0.4994514189453859,-289.78587779579607,-0.04192267045116811,-0.15015399606888602,-0.5303313886448534,-306.79712525119373
5,100,200,1,1,1.3333333333333333,0.015,836.7230277257128,1115.6307036342835,557,228,0.37719298245614036,0.4285714285714286,-0.050763976512827644,-0.1065387256915409,-0.41297142788919183,-261.7780355,-0.05858947688776338,-0.11432154651970529,-0.44314313721328297,-278.741138068516,-0.06616940641041089,-0.12198540416913099,-0.4728504498355553,-295.17192406229333
5,100,200,1,1,2.0,0.015,836.7230277257128,1673.4460554514255,516,205,0.3024390243902439,0.3333333333333333,-0.0550231354171851,-0.0677113451499467,-0.28760546019774713,-197.16513599999996,-0.06150109947118333,-0.07411330072022888,-0.3147997505645744,-212.7435401593582,-0.06776596568179893,-0.08040175860208251,-0.34151027287845953,-227.80948017071725
5,100,200,1,1,0.2,0.025,1394.5383795428547,278.907675908571,666,285,0.8105263157894737,0.8333333333333334,-0.05841129869808179,-0.05924892520718478,-0.19886171018211468,-139.52692899999994,-0.06982468920226101,-0.07043900564673537,-0.23642892151660347,-160.09216198593754,-0.08090553852933365,-0.0815023389105267,-0.2735630622944436,-180.05820520594978
5,100,200,1,1,0.25,0.025,1394.5383795428547,348.6345948857137,634,270,0.7777777777777778,0.8,-0.06554357881093612,-0.054385239039573346,-0.1911252232056723,-99.33508,-0.07579400169284768,-0.06452132753085112,-0.22674845196309812,-119.02721061733024,-0.08573764863071093,-0.07453172328491516,-0.2619281642789467,-138.12999267508874
5,100,200,1,1,0.3333333333333333,0.025,1394.5383795428547,464.8461265142849,596,254,0.7125984251968503,0.75,-0.023675482590142634,-0.08335958481798036,-0.32002472854470954,-203.65228750000006,-0.03286277277443872,-0.09210072198994958,-0.35358928443935905,-222.43053588223967,-0.041765975106130254,-0.10072109732532128,-0.3866842730624167,-240.62812640437343
5,100,200,1,1,0.5,0.025,1394.5383795428547,697.2691897714274,555,225,0.6311111111111111,0.6666666666666666,-0.008218968726778856,-0.07423840720915333,-0.30290726943955776,-148.475125,-0.015810947850435096,-0.08154179338376785,-0.33270704330258183,-165.5060341738594,-0.023155307114547528,-0.08872683522639588,-0.3620234702324556,-181.98146350921488
5,100,200,1,1,0.75,0.025,1394.5383795428547,1045.9037846571412,494,197,0.5126903553299492,0.5714285714285714,-0.013899048359853271,-0.11780831029756365,-0.5088016160979935,-346.274441875,-0.020096898279283144,-0.12384613837144955,-0.5348868334693716,-361.0121008464745,-0.0260977937883685,-0.1297892694303659,-0.5605549939368608,-375.28142854656954
5,100,200,1,1,1.0,0.025,1394.5383795428547,1394.5383795428547,456,183,0.46994535519125685,0.5,0.017098489014940654,-0.06056743189514293,-0.2773512262127889,-200.35612250000005,0.011718209563245511,-0.06586260110895756,-0.3016017285527667,-214.13237818083093,0.006511316802226022,-0.07106956614271598,-0.32544575578906376,-227.4646756242048
5,100,200,1,1,1.3333333333333333,0.025,1394.5383795428547,1859.3845060571396,405,163,0.36809815950920244,0.4285714285714286,-0.04338808744457653,-0.1254491583691301,-0.5770534081829453,-334.92976166666676,-0.04808522609810377,-0.1301541125944749,-0.5986944358147595,-347.40452184215917,-0.05262550285754859,-0.13477120745532342,-0.6199325584350682,-359.4626848818863
5,100,200,1,1,2.0,0.025,1394.5383795428547,2789.0767590857095,361,141,0.2765957446808511,0.3333333333333333,-0.05013660821352264,-0.12676161033732083,-0.6017757237410777,-239.8403775,-0.05401595044751249,-0.13070737251451764,-0.6204964138029513,-250.61219053148952,-0.05776622810502071,-0.13457735002205404,-0.6388680413456722,-261.0256285078814
5,100,200,1,2,0.2,0.002,111.56307036342837,22.312614072685676,379,191,0.7801047120418848,0.8333333333333334,-0.2520613838540149,-0.14248827595624333,-0.027104758080954066,-18.37493104,-0.3766933298237866,-0.27403583446614227,-0.05216464564796931,-31.445374859848197,-0.49819990115654866,-0.4047711689903665,-0.07705103473066238,-44.188053327954854
5,100,200,1,2,0.25,0.002,111.56307036342837,27.89076759085709,379,191,0.7539267015706806,0.8,-0.2088680688203548,-0.11985287363434607,-0.024704758080954063,-15.769445950000001,-0.3264961853328369,-0.2413297423127993,-0.04976464564796931,-28.8398897698482,-0.4411745610779198,-0.36201433247158527,-0.07465103473066241,-41.58256823795486
5,100,200,1,2,0.3333333333333333,0.002,111.56307036342837,37.187690121142786,379,191,0.7120418848167539,0.75,-0.14178594786711998,-0.09535405547016179,-0.022038091414287406,-15.736938533333335,-0.24987797080291502,-0.20367740691222272,-0.047097978981302656,-28.80738235318153,-0.3552593880082293,-0.3112997572849177,-0.07198436806399575,-41.55006082128819
5,100,200,1,2,0.5,0.002,111.56307036342837,55.78153518171418,379,191,0.643979057591623,0.6666666666666666,-0.0880280537572863,-0.05710499364570358,-0.01570475808095407,-11.136354400000002,-0.18007393176569036,-0.1481888478888844,-0.0407646456479693,-24.206798219848196,-0.26981159055846465,-0.23865658697157435,-0.06565103473066239,-36.949476687954856
5,100,200,1,2,0.75,0.002,111.56307036342837,83.67230277257129,379,191,0.5602094240837696,0.5714285714285714,-0.00979486269329111,-0.030673020214006294,-0.010204758080954068,-4.291862749999998,-0.08682043115731491,-0.10599858428666781,-0.035264645647969314,-17.362306569848197,-0.16191444221681017,-0.1808021719111065,-0.06015103473066241,-30.104985037954865
5,100,200,1,2,1.0,0.002,111.56307036342837,111.56307036342837,379,189,0.5026455026455027,0.5,0.039005461492898644,-0.0017599653490628973,-0.0006671076400511624,2.3108,-0.027818700428841627,-0.06721373363270373,-0.025473916374168574,-10.675356406689097,-0.09294586195992184,-0.1321896817632885,-0.05009971499526281,-23.331729216224588
5,100,200,1,2,1.3333333333333333,0.002,111.56307036342837,148.75076048457115,379,189,0.42857142857142855,0.4285714285714286,0.019231141991950102,-0.006093273149438056,-0.0026671076400511698,3.590416599999993,-0.03839671206345483,-0.0627779928731979,-0.027473916374168614,-9.395739806689114,-0.09456110607637601,-0.11904802694032464,-0.05209971499526283,-22.05211261622459
5,100,200,1,2,2.0,0.002,111.56307036342837,223.12614072685673,379,188,0.3404255319148936,0.3333333333333333,0.0051807048981381875,0.009975256014415613,0.0053466531524236915,9.251657600000003,-0.041873978867693236,-0.0360652637689315,-0.019328551737268232,-3.6771167141973145,-0.08773048143935501,-0.08177157446060862,-0.043824055127563016,-16.276678014786295
5,100,200,1,2,0.2,0.004,223.12614072685673,44.62522814537135,378,187,0.8074866310160428,0.8333333333333334,-0.03402696176544195,-0.07285483480069381,-0.02583755300791269,-26.316179120000005,-0.10687211485837951,-0.14198430623301306,-0.050383187100367856,-39.180785880356105,-0.1778603307283012,-0.21064763175581697,-0.07474839525986318,-51.71745363394962
5,100,200,1,2,0.25,0.004,223.12614072685673,55.78153518171418,377,187,0.7647058823529411,0.8,-0.0354993876169275,-0.08965283935844001,-0.03563755300791269,-31.433513500000004,-0.1008145925236507,-0.15133747731679234,-0.060183187100367824,-44.298120260356086,-0.16446481039869798,-0.21260656781888065,-0.08454839525986317,-56.83478801394963
5,100,200,1,2,0.3333333333333333,0.004,223.12614072685673,74.37538024228557,377,187,0.7272727272727273,0.75,-0.0035164141087726947,-0.056832672744130806,-0.025304219674579367,-24.136897200000003,-0.06138616909926747,-0.11192994421995178,-0.049849853767034505,-37.00150396035609,-0.11778073325597344,-0.16663815666416373,-0.07421506192652982,-49.53817171394962
5,100,200,1,2,0.5,0.004,223.12614072685673,111.56307036342837,376,185,0.6864864864864865,0.6666666666666666,0.014780709934989483,0.03757878385057971,0.019400097432990218,-2.1346594000000003,-0.032769208403114126,-0.0094750831603783,-0.004892457826567092,-14.914978747196992,-0.07909150167413292,-0.05615780692275222,-0.02899707552446358,-27.36534084221935
5,100,200,1,2,0.75,0.004,223.12614072685673,167.34460554514257,374,183,0.5737704918032787,0.5714285714285714,-0.039388636920045544,0.0006839992379795993,0.00043448664656590887,-1.7588246999999984,-0.07778056237134374,-0.03715471799915981,-0.02360172855276642,-14.438562377549076,-0.11517244124406442,-0.07469087158843069,-0.04744575578906393,-26.788013721900903
5,100,200,1,2,1.0,0.004,223.12614072685673,223.12614072685673,372,182,0.5,0.5,-0.029746072498238935,-0.003495654487467158,-0.0025517525609592244,-5.492300800000004,-0.0631606704050728,-0.036241183356922516,-0.02645636391586601,-18.11465638505728,-0.09570242654129342,-0.06872537931148395,-0.05017009592136414,-30.407296220462612
5,100,200,1,2,1.3333333333333333,0.004,223.12614072685673,297.5015209691423,370,180,0.4444444444444444,0.4285714285714286,0.010736830103685454,0.0288609307036968,0.0241601128972071,12.255999199999993,-0.018151169600381673,0.0005985135382370903,0.0005010320246013923,-0.3011694636294333,-0.046271453886116906,-0.027417705064519696,-0.02295210951929784,-12.524624055934462
5,100,200,1,2,2.0,0.004,223.12614072685673,446.25228145371346,367,179,0.3407821229050279,0.3333333333333333,0.007567615580397627,0.013235475512230083,0.01351354078210372,14.1890104,-0.015987949929198962,-0.009814670921216379,-0.010020270005164901,1.669245930719244,-0.03891281925920059,-0.03265897166273237,-0.03334311631826468,-10.51530401709375
5,100,200,1,2,0.2,0.008,446.25228145371346,89.2504562907427,370,183,0.8469945355191257,0.8333333333333334,-0.019870813114823853,0.0337756047661298,0.02141401136168749,-10.908223039999998,-0.056631671329783986,-0.004102570326523337,-0.0026017285527663893,-23.44388912816686,-0.09246776237994728,-0.04170134230465142,-0.026445755789063954,-35.66420424385627
5,100,200,1,2,0.25,0.008,446.25228145371346,111.56307036342837,369,181,0.8066298342541437,0.8,-0.030703437383599715,0.013177132856551437,0.009444348387435778,-13.271541800000005,-0.0633949201351731,-0.019964409756112727,-0.014310999278965645,-25.669423512163867,-0.09526416815606958,-0.0528642363894276,-0.03789443605366443,-37.75548183570899
5,100,200,1,2,0.3333333333333333,0.008,446.25228145371346,148.75076048457115,369,179,0.7597765363128491,0.75,-0.05556752059223864,0.01973044149607168,0.016137175769028397,-9.293791200000017,-0.0836355921405329,-0.008989825875321003,-0.007353603338498308,-21.569056245786662,-0.11099513297001333,-0.03750215073434136,-0.03067644965159819,-33.5344531073072
5,100,200,1,2,0.5,0.008,446.25228145371346,223.12614072685673,364,174,0.6666666666666666,0.6666666666666666,-0.11273909490064958,-0.0024711124270222927,-0.0024392671680947345,-1.5741224000000091,-0.135589500731581,-0.025623131538913838,-0.025293446820663132,-13.610103075508185,-0.15784766226872643,-0.048590009239406824,-0.04796481697976579,-25.334131266324007
5,100,200,1,2,0.75,0.008,446.25228145371346,334.68921109028514,358,169,0.5857988165680473,0.5714285714285714,-0.08309288659012287,0.027076304280144483,0.03164948331219737,15.331003199999987,-0.10222140648447635,0.008070190702337058,0.009433376363838737,3.5621122279801405,-0.12084419296391567,-0.010767682081754437,-0.012586517641266741,-7.895624433413173
5,100,200,1,2,1.0,0.008,446.25228145371346,446.25228145371346,353,167,0.5029940119760479,0.5,-0.060951031020287344,0.004238322737154413,0.005679251538467222,-4.334777600000011,-0.07768817944941199,-0.012146243938366585,-0.016275894362360502,-15.982103415280111,-0.09398085368175521,-0.028384602512356843,-0.038035197905867166,-27.320121118230368
5,100,200,1,2,1.3333333333333333,0.008,446.25228145371346,595.0030419382846,352,163,0.4662576687116564,0.4285714285714286,-0.04081555777440832,0.07382609329733156,0.11240320732634006,50.774502933333295,-0.05538138852265838,0.059750198867434934,0.09097223085190756,39.38216763050213,-0.06955804199081331,0.04580108452505737,0.06973410823159863,28.294218541112276
5,100,200,1,2,2.0,0.008,446.25228145371346,892.5045629074269,343,156,0.3782051282051282,0.3333333333333333,-0.047108165591117364,0.09104933129748724,0.16584088349220136,54.965136,-0.059135234079280244,0.07978387737612068,0.1453231166435434,44.00820252786272,-0.07083640977759648,0.06862466473827218,0.12499706063883069,33.348164813899
5,100,200,1,2,0.2,0.015,836.7230277257128,167.34460554514257,356,174,0.7988505747126436,0.8333333333333334,-0.07692691003430085,-0.08774757115469504,-0.11047282426903432,-87.16118369999998,-0.09557161458249869,-0.10586278096058388,-0.1332934468206631,-98.98811573830167,-0.11375870196135546,-0.12386857457216707,-0.15596481697976572,-110.52476657920667
5,100,200,1,2,0.25,0.015,836.7230277257128,209.1807569314282,353,169,0.7514792899408284,0.8,-0.1152233897699743,-0.1136924948937508,-0.15614133216795845,-98.817577125,-0.1316766250159833,-0.12983008551438033,-0.17831662363616135,-110.38253751609518,-0.14771726378877087,-0.14586249272019214,-0.20033651764126675,-121.65748431418177
5,100,200,1,2,0.3333333333333333,0.015,836.7230277257128,278.90767590857087,346,165,0.6787878787878788,0.75,-0.09331872890904255,-0.15355007666775616,-0.2373100570190727,-156.40623950000003,-0.10800772721357572,-0.1675629115975002,-0.2589851650885599,-167.81478565976863,-0.12231650014072236,-0.18147253826809304,-0.28048387817046755,-178.92802109248154
5,100,200,1,2,0.5,0.015,836.7230277257128,418.3615138628564,334,161,0.6086956521739131,0.6666666666666666,-0.09753348519606382,-0.11967873263609596,-0.21223514789043604,-142.48151625,-0.1097690207044249,-0.13161002485899004,-0.2334037065409583,-153.7037106367381,-0.12168018783212219,-0.14343868675045665,-0.25438123869966833,-164.62840067491425
5,100,200,1,2,0.75,0.015,836.7230277257128,627.5422707942846,327,156,0.5705128205128205,0.5714285714285714,-0.09172767843243294,-0.002907530077749647,-0.0059125455761482905,-22.919803125000005,-0.10192661110724321,-0.012995344152551477,-0.026426883356456547,-33.83605037262349,-0.1118520978950036,-0.02299062393951674,-0.04675293936116938,-44.45961965020265
5,100,200,1,2,1.0,0.015,836.7230277257128,836.7230277257128,318,143,0.4965034965034965,0.5,-0.10812354863294278,-0.007876106215924059,-0.016953043238113218,-41.082217499999985,-0.1170969438104213,-0.01662595136606347,-0.03578714307675178,-51.237910058552664,-0.12581962400200428,-0.025282086607631794,-0.05441936108107192,-61.1098544631214
5,100,200,1,2,1.3333333333333333,0.015,836.7230277257128,1115.6307036342835,308,139,0.4028776978417266,0.4285714285714286,-0.09400783315070278,-0.05298564383515827,-0.12688691746521663,-140.57147800000004,-0.10187717444493737,-0.0606337819403081,-0.14520568452915056,-150.5148801377607,-0.10952234567853371,-0.06819643815897113,-0.16331672161027283,-160.1750294622516
5,100,200,1,2,2.0,0.015,836.7230277257128,1673.4460554514255,296,128,0.2890625,0.3333333333333333,-0.0869107709581837,-0.09792795781562981,-0.25670898496466804,-179.08957049999998,-0.09345220689422279,-0.10437331798047332,-0.2736066735232464,-188.43554693986567,-0.09979733069179786,-0.110735429725401,-0.29028446306557465,-197.5010454175708
5,100,200,1,2,0.2,0.025,1394.5383795428547,278.907675908571,337,159,0.7861635220125787,0.8333333333333334,-0.08138617255764409,-0.11581674939604393,-0.22721070887768716,-170.07630749999998,-0.09254898949189633,-0.12646307618478558,-0.24811297726715775,-181.16959170201568,-0.10341506129400799,-0.13702249232260597,-0.26882991896426855,-191.96797918523825
5,100,200,1,2,0.25,0.025,1394.5383795428547,348.6345948857137,328,156,0.7564102564102564,0.8,-0.10956354659837615,-0.10226018744972125,-0.21467039175242336,-141.2437,-0.1194796162885344,-0.11202510429660627,-0.23517688335645665,-152.10872894814537,-0.1291334165719114,-0.12170729972061527,-0.2555029393611692,-162.68638953504174
5,100,200,1,2,0.3333333333333333,0.025,1394.5383795428547,464.8461265142849,320,151,0.7284768211920529,0.75,-0.07683908033269106,-0.04916275003749366,-0.11041481708368273,-110.80622500000003,-0.08573259763757626,-0.058006839262128816,-0.13028339350528823,-121.43112285792994,-0.09438390352074903,-0.0667666678192814,-0.14995797335600367,-131.76665583046122
5,100,200,1,2,0.5,0.025,1394.5383795428547,697.2691897714274,306,144,0.6388888888888888,0.6666666666666666,-0.10132666633788885,-0.05838816624816765,-0.15196919895246497,-116.19922625,-0.10866998740937397,-0.06567265641756923,-0.17093250771365237,-126.42642774172424,-0.11580811081272067,-0.07288125647674724,-0.1896950209487716,-136.3678460193885
5,100,200,1,2,0.75,0.025,1394.5383795428547,1045.9037846571412,287,130,0.5461538461538461,0.5714285714285714,-0.056373007102963765,-0.05118249711706163,-0.1454865440974161,-161.99707999999993,-0.06252323238660246,-0.057218579804652565,-0.16264740279704729,-171.42660971799904,-0.068491887435182,-0.06317742102405761,-0.17958578280097418,-180.5777558242711
5,100,200,1,2,1.0,0.025,1394.5383795428547,1394.5383795428547,276,122,0.47540983606557374,0.5,0.021261508942051675,-0.04957303302423409,-0.15163491780924002,-152.76744499999995,0.015899427364334244,-0.05483541607620937,-0.16773448570184446,-161.62094126676607,0.010695838656766944,-0.060032109922295594,-0.18363050385937585,-170.21274512661049
5,100,200,1,2,1.3333333333333333,0.025,1394.5383795428547,1859.3845060571396,252,108,0.37962962962962965,0.4285714285714286,-0.008391518239656155,-0.10084283263995633,-0.30974775063816457,-226.71316916666675,-0.013043931020467652,-0.10549278210876338,-0.3240327141185727,-234.6644657142566,-0.017553893893753,-0.11007405500410049,-0.3381045990449122,-242.37230547688773
5,100,200,1,2,2.0,0.025,1394.5383795428547,2789.0767590857095,234,101,0.2871287128712871,0.3333333333333333,0.05303398551252895,-0.10200544662075618,-0.3513283279857037,-189.62633749999998,0.049306119869922685,-0.10588316780477514,-0.3646818283269368,-197.05934344026798,0.045692288588993824,-0.10970404162475503,-0.3778416466376801,-204.26497581909226
15,10,30,0,1,0.2,0.002,111.56359982720842,22.312719965441687,3118,1357,0.6462785556374355,0.8333333333333334,-0.5356397225186034,-0.4026835651502785,-0.627126914539909,-357.22031308,-0.6490114686874627,-0.5177152933163659,-0.8064598122737925,-459.20912851013463,-0.7587428622492906,-0.6312207214160687,-0.9832704404686329,-557.923095817297
15,10,30,0,1,0.25,0.002,111.56359982720842,27.890899956802105,3114,1355,0.6236162361623616,0.8,-0.4919767319463572,-0.37489654560797053,-0.6153972162935207,-347.0637431,-0.6004395152960951,-0.48390848201265474,-0.7944690829999916,-448.91160899906424,-0.7054188585266988,-0.5914445241153413,-0.9710191207332333,-547.4884824787565
15,10,30,0,1,0.3333333333333333,0.002,111.56359982720842,37.187866609069474,3112,1353,0.60679970436068,0.75,-0.4253124879273496,-0.30324912610073684,-0.5345372116910632,-307.50270773333335,-0.5266185692536086,-0.4046159087792143,-0.7133450203928577,-409.18127187728044,-0.6246724108874442,-0.5046089175994315,-0.8896344676645004,-507.5956384740673
15,10,30,0,1,0.5,0.002,111.56359982720842,55.78179991360421,3107,1349,0.5544848035581913,0.6666666666666666,-0.3291947261807812,-0.23452435406570835,-0.4717981587211405,-279.7568279,-0.41893735714527347,-0.3230782884568263,-0.6500968951785895,-381.2390098347777,-0.5057923755685636,-0.41042974495206014,-0.8258651615270345,-479.45584041854164
15,10,30,0,1,0.75,0.002,111.56359982720842,83.67269987040632,3099,1342,0.49552906110283157,0.5714285714285714,-0.24193235901232926,-0.1592773789473604,-0.37415986467956436,-211.9847253,-0.31918915824109306,-0.2347863923480673,-0.551579342720287,-313.1550279867373,-0.39394837486711787,-0.309216040333974,-0.7264355424531359,-411.05466465538046
15,10,30,0,1,1.0,0.002,111.56359982720842,111.56359982720842,3092,1337,0.4405385190725505,0.5,-0.18209458387340346,-0.12634449535105205,-0.33555551384759386,-192.8200536,-0.2504603323652423,-0.1929025479316885,-0.5123525195357852,-293.8108435438546,-0.31660639686434083,-0.25849124664745415,-0.6865572431146371,-391.5226868690036
15,10,30,0,1,1.3333333333333333,0.002,111.56359982720842,148.7514664362779,3083,1331,0.38016528925619836,0.4285714285714286,-0.1397870909556942,-0.1054657080976367,-0.31811463806379325,-174.38986280000006,-0.1997735343323439,-0.16382641991103647,-0.4941469983810498,-275.0724768469838,-0.25780619871926597,-0.2213219859701997,-0.6675699505751049,-372.4758236981992
15,10,30,0,1,2.0,0.002,111.56359982720842,223.12719965441684,3059,1321,0.2937168811506434,0.3333333333333333,-0.09272087157615085,-0.0917322723249367,-0.3312729594032126,-186.40125460000002,-0.14204488698216908,-0.14012029459590156,-0.5060266853453794,-286.56069447686474,-0.18975423521401938,-0.18778083461943887,-0.6781466852314402,-383.44132263450945
15,10,30,0,1,0.2,0.004,223.12719965441684,44.625439930883374,3053,1319,0.77710386656558,0.8333333333333334,-0.2007413103391775,-0.1416149454159234,-0.3733056212774813,-197.40752784,-0.26538993107779524,-0.207792430599713,-0.5477359560715787,-297.0557182285674,-0.3279387677382456,-0.2729900573209234,-0.7195953654960403,-393.46734020770043
15,10,30,0,1,0.25,0.004,223.12719965441684,55.78179991360421,3037,1309,0.7440794499618029,0.8,-0.17126277464598838,-0.13411744473778547,-0.3831716781395166,-222.3188964,-0.23162416726579665,-0.19469617148446103,-0.5562823097025748,-321.26029391092,-0.29002291022287413,-0.25439012299675046,-0.7268387668190421,-416.9846135509229
15,10,30,0,1,0.3333333333333333,0.004,223.12719965441684,74.37573321813895,3020,1295,0.7073359073359073,0.75,-0.13862341952173923,-0.09911685526077516,-0.3115775455063416,-171.06027533333338,-0.19311698926883844,-0.15361579212979004,-0.4829138714526364,-269.247114564676,-0.24582671117754393,-0.2072898551952554,-0.6516461953379116,-364.2198061133763
15,10,30,0,1,0.5,0.004,223.12719965441684,111.56359982720842,2991,1266,0.6358609794628752,0.6666666666666666,-0.1027298744065503,-0.06847588976283439,-0.25038656976973056,-124.49893700000001,-0.14896523476237244,-0.11432412879023891,-0.4180316303158591,-221.17691029728798,-0.19366367652342975,-0.15943601455599812,-0.5829853925079507,-314.6411923045917
15,10,30,0,1,0.75,0.004,223.12719965441684,167.34539974081264,2951,1234,0.5453808752025932,0.5714285714285714,-0.07522294212068917,-0.055976532107131535,-0.24086783814252932,-100.9528731,-0.11383305290326069,-0.09397808318706452,-0.40437996193504777,-195.60705269916667,-0.15114765555571466,-0.13134442953062617,-0.5651642767415568,-287.08524402130206
15,10,30,0,1,1.0,0.004,223.12719965441684,223.12719965441684,2915,1213,0.4740313272877164,0.5,-0.05518686431772548,-0.055196485027607746,-0.26756264912411193,-116.88396119999999,-0.08893564587663079,-0.08836136597903828,-0.4283273045601401,-210.0539065239862,-0.12154881981200912,-0.12096574860786545,-0.5863754195198609,-300.0887905122368
15,10,30,0,1,1.3333333333333333,0.004,223.12719965441684,297.5029328725558,2868,1183,0.4040574809805579,0.4285714285714286,-0.052122952022264024,-0.05272332722528226,-0.28578529748477083,-99.18969480000004,-0.08156358091773612,-0.08166103935468,-0.44263303211979577,-190.34395523939992,-0.11000704016869133,-0.11009807659132007,-0.5967722901555332,-278.4107727508216
15,10,30,0,1,2.0,0.004,223.12719965441684,446.2543993088337,2772,1126,0.31261101243339257,0.3333333333333333,-0.04464808728427136,-0.04697077122476609,-0.29434127087114675,-97.99510639999997,-0.06886907879143282,-0.07080345148334982,-0.44368058114980846,-184.74178290334999,-0.09226999529195974,-0.09421612008404641,-0.5903930110299778,-268.5513880119154
15,10,30,0,1,0.2,0.008,446.2543993088337,89.25087986176675,2827,1186,0.8355817875210793,0.8333333333333334,-0.0647294508611577,0.002433668706033475,0.010274611407214085,21.481456480000013,-0.1004416367291572,-0.034771609688233764,-0.14680245936383024,-69.25441249024584,-0.13496207550730147,-0.07137359759815362,-0.3013326030919664,-156.96234561275458
15,10,30,0,1,0.25,0.008,446.2543993088337,111.56359982720842,2787,1149,0.7972149695387293,0.8,-0.0548674120170395,-0.010119883066937391,-0.046772484867026204,-3.5105104000000225,-0.08731836357423772,-0.04306164462706531,-0.19902396779851672,-91.76144499350316,-0.11867746042114208,-0.07545334753835044,-0.34873318798707414,-177.04306146226924
15,10,30,0,1,0.3333333333333333,0.008,446.2543993088337,148.7514664362779,2732,1099,0.7370336669699727,0.75,-0.03215670841009769,-0.03216658094682368,-0.1660775719752316,-95.03621333333342,-0.06086003591874434,-0.060380488483148496,-0.3117557359534989,-179.59108333270956,-0.08859417319425027,-0.08811422475214607,-0.4549501946020842,-261.29089221963466
15,10,30,0,1,0.5,0.008,446.2543993088337,223.12719965441684,2605,1032,0.6463178294573644,0.6666666666666666,-0.02338842144518754,-0.04475808176335397,-0.265125106671971,-172.0910792,-0.04705447537474393,-0.06786448483061545,-0.40201630528117444,-251.86226844533243,-0.06991372943049898,-0.09056350472872302,-0.5364809834661972,-328.9139766310983
15,10,30,0,1,0.75,0.008,446.2543993088337,334.6907994816253,2455,950,0.5610526315789474,0.5714285714285714,-0.03498071508412642,-0.022719133714963542,-0.15002763024172308,-78.84610979999997,-0.05436756506927513,-0.041809251040382155,-0.2760964050553443,-152.46379190464825,-0.07309010978461858,-0.060553315136863455,-0.3998768743148131,-223.5589077228478
15,10,30,0,1,1.0,0.008,446.2543993088337,446.2543993088337,2345,893,0.49048152295632697,0.5,-0.035854517952616446,-0.020599104459271288,-0.14721301570083162,-73.29152160000005,-0.05273238440919566,-0.03719343514444115,-0.26581062075202344,-142.87112163035923,-0.0690255379509588,-0.05347416761470146,-0.3821642618559243,-210.04022203683826
15,10,30,0,1,1.3333333333333333,0.008,446.2543993088337,595.0058657451116,2218,831,0.41997593261131166,0.4285714285714286,-0.037389951571644126,-0.01876636676234433,-0.14376117242612915,-67.53525733333349,-0.05208212227268469,-0.033173688866591666,-0.25413134659753456,-132.16992205288574,-0.06626709099141262,-0.04730768840199401,-0.36240668339187054,-194.5732738685153
15,10,30,0,1,2.0,0.008,446.2543993088337,892.5087986176674,2047,750,0.32133333333333336,0.3333333333333333,-0.026379118320110587,-0.026800533438474588,-0.22542726681895423,-165.70631120000002,-0.038412374440714055,-0.038640821938890665,-0.3250234776752723,-223.7805820087871,-0.050033948232761326,-0.050258555330379616,-0.4227449007748525,-279.86801311299683
15,10,30,0,1,0.2,0.015,836.7269987040631,167.34539974081264,2401,949,0.8324552160168599,0.8333333333333334,-0.03602524666860451,-0.004247366949539532,-0.027109412047609402,-50.29245749999989,-0.05552810827246879,-0.023962872945988818,-0.15295104041844423,-123.51114846404406,-0.07436863255101045,-0.04333517274788734,-0.27660121444711316,-194.24325705254893
15,10,30,0,1,0.25,0.015,836.7269987040631,209.18174967601578,2312,894,0.7897091722595079,0.8,-0.023287751627169253,-0.026904664345154188,-0.18388128307965354,-173.86264725,-0.04097904642543484,-0.04425237725525147,-0.30245598538892454,-242.86772598193156,-0.058068993467638746,-0.06129515816841957,-0.41893992172362404,-309.5272415583405
15,10,30,0,1,0.3333333333333333,0.015,836.7269987040631,278.90899956802104,2175,820,0.7475609756097561,0.75,-0.026566300670752135,-0.007073397314491402,-0.05042206203791805,-95.73527650000025,-0.04191907377051437,-0.02233212039985276,-0.15919900225829764,-159.21517221142165,-0.056746842993742865,-0.03731971684945424,-0.2660410915138388,-220.52430755832182
15,10,30,0,1,0.5,0.015,836.7269987040631,418.36349935203157,1931,730,0.6616438356164384,0.6666666666666666,-0.06901660899156672,-0.011780299489586367,-0.09161247617872503,-52.460315249999994,-0.08147174297369834,-0.024253629015051896,-0.18861618493726445,-109.74642352787272,-0.09348927745737746,-0.036484268181264747,-0.28373170342085646,-165.01983790083347
15,10,30,0,1,0.75,0.015,836.7269987040631,627.5452490280474,1738,636,0.5676100628930818,0.5714285714285714,-0.06557951657552073,-0.008662494300705459,-0.0717025761607478,-15.15819525000003,-0.07589261444943882,-0.018871020510056794,-0.15620190906863057,-64.77518550117846,-0.08584753855872411,-0.028882417528260023,-0.2390696758570751,-112.66897828004795
15,10,30,0,1,1.0,0.015,836.7269987040631,836.7269987040631,1585,562,0.49110320284697506,0.5,-0.053118213583112285,-0.018617721131887276,-0.15705997012429077,-177.371688,-0.06212256141992301,-0.027464454879953235,-0.23169492593800353,-220.94106145603126,-0.07081810013169487,-0.03614444629433967,-0.30492084564728983,-263.0161989785679
15,10,30,0,1,1.3333333333333333,0.015,836.7269987040631,1115.6359982720842,1446,503,0.415506958250497,0.4285714285714286,-0.03108889268738354,-0.02721611789729094,-0.23635204004687108,-330.5234715000003,-0.03891286976876198,-0.034903206845404385,-0.30311841236088327,-369.44618396295976,-0.0464695322882468,-0.042449775337035714,-0.36865691345300133,-407.0390602413896
15,10,30,0,1,2.0,0.015,836.7269987040631,1673.4539974081263,1236,421,0.3515439429928741,0.3333333333333333,-0.06377999231269835,0.03751962322275914,0.33977617266706883,67.54749600000004,-0.07030101987883153,0.03133816553458081,0.28380148786494724,34.437511632615866,-0.07659196029473227,0.025280998952649125,0.22894719569838298,2.4957759607129475
15,10,30,0,1,0.2,0.025,1394.5449978401055,278.9089995680211,1886,723,0.8188105117565698,0.8333333333333334,-0.03898190051731894,-0.03879749178509683,-0.32435207796886,-205.41973249999975,-0.050635836021092874,-0.050249640846838965,-0.42009863247896223,-260.4465808718194,-0.06190513977939085,-0.06151768424647147,-0.5143020843469568,-313.65729831255254
15,10,30,0,1,0.25,0.025,1394.5449978401055,348.63624946002636,1735,671,0.789865871833085,0.8,-0.057504060189814646,-0.025858502754119023,-0.2210688472674617,-51.48446687500001,-0.06785735224063584,-0.03626568594626221,-0.31003967136014354,-103.12261742182194,-0.07786087865662697,-0.04649224823980544,-0.3974677712265674,-153.01627448591356
15,10,30,0,1,0.3333333333333333,0.025,1394.5449978401055,464.8483326133684,1557,593,0.7470489038785835,0.75,-0.08128856378594092,-0.007657816738090279,-0.06585613981240729,-5.890152500000173,-0.09023668242295056,-0.01680656589101737,-0.14453456301524886,-51.71817417952782,-0.09887987954725821,-0.025790994904170746,-0.2217996348793166,-95.98453242325093
15,10,30,0,1,0.5,0.025,1394.5449978401055,697.2724989200527,1349,502,0.6792828685258964,0.6666666666666666,-0.06575346323357319,0.026278614904978945,0.2311325997686618,228.32367000000002,-0.07322029071265317,0.018706074598998167,0.1645269522760176,189.77034546006942,-0.08043593657685133,0.011269415976793784,0.09911874641469898,152.5139420481721
15,10,30,0,1,0.75,0.025,1394.5449978401055,1045.908748380079,1157,402,0.5845771144278606,0.5714285714285714,-0.030303292770990763,0.02605195891882141,0.22607481498970206,140.71555062500025,-0.03649754469797234,0.019914361687816778,0.17281341596605396,110.2933544614686,-0.04248985704106081,0.013878441225226083,0.12043473318467998,80.86295613031393
15,10,30,0,1,1.0,0.025,1394.5449978401055,1394.5449978401055,1013,348,0.48563218390804597,0.5,-0.05477081579622327,-0.029215265066229235,-0.2544310934822955,-245.07646749999992,-0.06016783373170952,-0.03451479383597138,-0.30058689364132696,-271.6993251633216,-0.065384764925997,-0.03972125947751138,-0.34592963395953125,-297.4338360145157
15,10,30,0,1,1.3333333333333333,0.025,1394.5449978401055,1859.3933304534737,862,284,0.43309859154929575,0.4285714285714286,-0.0750087179984681,0.00867939416766909,0.07137229400881306,-93.1418108333335,-0.07973725004958197,0.0041000911618823506,0.03371644312029645,-114.76214568051728,-0.08430963662040357,-0.000399764873992068,-0.003287402426744579,-135.66853431092608
15,10,30,0,1,2.0,0.025,1394.5449978401055,2789.089995680211,683,207,0.2946859903381642,0.3333333333333333,-0.04341096308576729,-0.08493651466873069,-0.6026268521152436,-351.7786849999999,-0.04728281367560259,-0.08880731636763657,-0.6300904798383753,-367.616375171614,-0.05102544016635593,-0.0926087261995293,-0.6570615926138592,-382.92547799294675
15,10,30,0,2,0.2,0.002,111.56359982720842,22.312719965441687,1943,848,0.6285377358490566,0.8333333333333334,-0.5537756361579095,-0.4349656709807824,-0.4279765898423368,-238.45666152,-0.6668625624174246,-0.5488618889410938,-0.5400692120915078,-302.434684705531,-0.7762873682763192,-0.6611510992707479,-0.6505595678094331,-364.34089259243547
15,10,30,0,2,0.25,0.002,111.56359982720842,27.890899956802105,1943,848,0.6120283018867925,0.8,-0.5018388833207618,-0.3962910182614865,-0.4096765898423368,-221.28962309999997,-0.6101888307560401,-0.5047782012041724,-0.5217692120915077,-285.267646285531,-0.7150300564846349,-0.611670523934633,-0.6322595678094332,-347.1738541724355
15,10,30,0,2,0.3333333333333333,0.002,111.56359982720842,37.187866609069474,1940,848,0.5908018867924528,0.75,-0.43689341897740075,-0.3335839166601752,-0.3711765898423368,-197.89610986666668,-0.5381231883860533,-0.43439075588061815,-0.4832692120915078,-261.8741330521977,-0.6360748104795085,-0.5337059779906909,-0.5937595678094332,-323.78034093910213
15,10,30,0,2,0.5,0.002,111.56359982720842,55.78179991360421,1937,846,0.5484633569739953,0.6666666666666666,-0.33986832678289064,-0.24618846155082083,-0.31115401566659157,-163.9875756,-0.4296159460651149,-0.33469522897420567,-0.422978482817707,-227.81697619663822,-0.5164570197726387,-0.421918050041771,-0.5332082480740334,-289.57921263534433
15,10,30,0,2,0.75,0.002,111.56359982720842,83.67269987040632,1936,844,0.48578199052132703,0.5714285714285714,-0.2546321695220809,-0.17877007556067726,-0.2641104047231392,-137.0998909,-0.33198824271493405,-0.2543107770913899,-0.3756877535439063,-200.86095613707624,-0.40683194024761166,-0.32875117615773225,-0.485656928338634,-262.55118528130765
15,10,30,0,2,1.0,0.002,111.56359982720842,111.56359982720842,1934,842,0.4251781472684085,0.5,-0.19265944607474414,-0.15789937823940495,-0.26307012222506876,-146.237833,-0.2611528888123702,-0.22472436139645144,-0.37439702427010546,-209.9242756243849,-0.3274159423403379,-0.2905747553787086,-0.4841056086032344,-271.5368619969372
15,10,30,0,2,1.3333333333333333,0.002,111.56359982720842,148.7514664362779,1929,840,0.3726190476190476,0.4285714285714286,-0.15372271645261837,-0.12146581446819295,-0.23036050223281768,-124.30112960000002,-0.21394255573701013,-0.18004082943887612,-0.34143962832963826,-187.91826500047006,-0.2721959068165076,-0.23775266474472778,-0.4508876222011682,-249.45797296372308
15,10,30,0,2,2.0,0.002,111.56359982720842,223.12719965441684,1920,836,0.30023923444976075,0.3333333333333333,-0.11365098563537893,-0.07691481036915561,-0.17695261030438458,-84.66901100000001,-0.16343494299746947,-0.12498256112993349,-0.28752483644870336,-148.09255167450488,-0.21158710269035208,-0.17233134750315032,-0.3964516493970356,-209.4372221400218
15,10,30,0,2,0.2,0.004,223.12719965441684,44.625439930883374,1912,824,0.7645631067961165,0.8333333333333334,-0.2249707099427758,-0.16837757695140526,-0.2827450122025237,-146.08652176,-0.28866842865932535,-0.23332791884768345,-0.391780460805899,-208.80706433363588,-0.35026335979440354,-0.2972689544469492,-0.4991437309846378,-269.4570778414839
15,10,30,0,2,0.25,0.004,223.12719965441684,55.78179991360421,1908,820,0.7365853658536585,0.8,-0.19739169409665033,-0.14979080078388982,-0.2706982988517367,-137.774455,-0.2569373575796791,-0.209839315750509,-0.3791990022582975,-200.20611208353506,-0.31451625090935736,-0.26896307601680314,-0.4860410915138384,-260.5756757652373
15,10,30,0,2,0.3333333333333333,0.004,223.12719965441684,74.37573321813895,1902,815,0.6883435582822086,0.75,-0.17572060854294955,-0.13829561183163702,-0.2786080824433963,-139.76598933333338,-0.2294146981510577,-0.19184682540116502,-0.3864721790737956,-201.92094517451534,-0.281328947860606,-0.24456040509468424,-0.4926627921753395,-262.01560218007546
15,10,30,0,2,0.5,0.004,223.12719965441684,111.56359982720842,1887,806,0.6129032258064516,0.6666666666666666,-0.13248827416798362,-0.11473661364593098,-0.2704478254172529,-132.7053726,-0.17840668644317761,-0.1600178799449574,-0.3771638973416923,-194.41854327519297,-0.22279017167955012,-0.2045734453042388,-0.48218185336604125,-254.06881130137737
15,10,30,0,2,0.75,0.004,223.12719965441684,167.34539974081264,1866,793,0.5334174022698613,0.5714285714285714,-0.09132100054570293,-0.07984118263504444,-0.22125625669716398,-98.4021701,-0.12988694601259315,-0.11774421747575617,-0.3262741570619878,-159.2059812933343,-0.1671599053470125,-0.15503131839926573,-0.4295982750859436,-217.97124568786532
15,10,30,0,2,1.0,0.004,223.12719965441684,223.12719965441684,1849,781,0.4660691421254802,0.5,-0.07473326753798538,-0.07119943976514276,-0.222059354097423,-108.17905200000004,-0.10852376719252248,-0.10437675833423497,-0.3255297814191833,-168.26673251682917,-0.1411733397823769,-0.13700492195407957,-0.4272903566735461,-226.32556878286186
15,10,30,0,2,1.3333333333333333,0.004,223.12719965441684,297.5029328725558,1819,769,0.4083224967490247,0.4285714285714286,-0.06014698315329606,-0.04396512634008566,-0.15520451709389668,-67.5388666666667,-0.08963135186518703,-0.07283562828066752,-0.2571187391097123,-126.79336110981393,-0.11811705650568591,-0.10121906636906224,-0.3573157715944817,-184.0408485436842
15,10,30,0,2,2.0,0.004,223.12719965441684,446.2543993088337,1779,737,0.31343283582089554,0.3333333333333333,-0.060405996414895594,-0.04515704439370735,-0.18539337155715727,-79.8985308,-0.08478541050950818,-0.06896588133358764,-0.2831337373955673,-136.89273219164116,-0.10833293703745255,-0.09235633666971395,-0.3791613224947545,-191.94214658693022
15,10,30,0,2,0.2,0.008,446.2543993088337,89.25087986176675,1810,764,0.8089005235602095,0.8333333333333334,-0.07695101998974535,-0.0655221047346531,-0.18906796819850913,-85.73643455999999,-0.11231206843496665,-0.10059091563794087,-0.2902585825918772,-144.40010988383827,-0.14648405163233008,-0.1350890468200947,-0.38980413892264953,-201.09113618548355
15,10,30,0,2,0.25,0.008,446.2543993088337,111.56359982720842,1787,749,0.7730307076101469,0.8,-0.06226862900474427,-0.06740589293104443,-0.2116320125945727,-76.44867100000002,-0.09455873276109461,-0.09902304905491646,-0.31087811303837165,-134.18226155541507,-0.1257543519221411,-0.13010845081519457,-0.4084692409071528,-189.95895144642574
15,10,30,0,2,0.3333333333333333,0.008,446.2543993088337,148.7514664362779,1763,732,0.7199453551912568,0.75,-0.044752237743234516,-0.06957495929757325,-0.2441040986234151,-110.77144426666672,-0.07325448466792897,-0.09721656391646724,-0.3410735808777323,-166.99742714116883,-0.10079761356773023,-0.12440171724177838,-0.4364496898229229,-221.33137133588698
15,10,30,0,2,0.5,0.008,446.2543993088337,223.12719965441684,1705,700,0.6442857142857142,0.6666666666666666,-0.019956859255526187,-0.048926899477245066,-0.1968934782251579,-89.40228440000001,-0.04365856570079661,-0.07200318121192427,-0.2897552458302539,-143.86269377897787,-0.0665415969937718,-0.09466772266377553,-0.38096190738986246,-196.44199877227157
15,10,30,0,2,0.75,0.008,446.2543993088337,334.6907994816253,1624,665,0.5548872180451128,0.5714285714285714,-0.02258017583231922,-0.03507259981824299,-0.1623995932068743,-58.6114588,-0.04200284617687229,-0.05413574825408505,-0.250667483538741,-110.5058344604281,-0.06075058103278559,-0.07284844189748386,-0.3373138120203692,-160.59688672748712
15,10,30,0,2,1.0,0.008,446.2543993088337,446.2543993088337,1563,632,0.4873417721518987,0.5,-0.036495600348996696,-0.026877632259547087,-0.1359583547135391,-49.427480799999984,-0.05337530311595608,-0.0434665489751562,-0.21987045052102897,-98.80405348894342,-0.06966708574334513,-0.05974578021776608,-0.3022170363862756,-146.4608398814352
15,10,30,0,2,1.3333333333333333,0.008,446.2543993088337,595.0058657451116,1520,594,0.41245791245791247,0.4285714285714286,-0.03242225596817597,-0.03407110074514713,-0.18613083292045207,-74.00383946666669,-0.0471024756610358,-0.048510885523727766,-0.265013260985482,-120.3161487815168,-0.0612734652531829,-0.06267816824476762,-0.3424086280803503,-165.02196838231202
15,10,30,0,2,2.0,0.008,446.2543993088337,892.5087986176674,1430,551,0.308529945553539,0.3333333333333333,-0.025864131036096492,-0.054775309209058376,-0.3348717086838236,-171.8566472,-0.037903891788662436,-0.06675281772354785,-0.40809591493209996,-215.02339854414055,-0.04952203238998658,-0.07849604519515982,-0.47988858710259163,-256.67849424957114
15,10,30,0,2,0.2,0.015,836.7269987040631,167.34539974081264,1608,655,0.8381679389312977,0.8333333333333334,-0.01959945301648478,0.011185786776902037,0.048610254945630364,73.57520520000006,-0.039378256155156874,-0.008793813745272692,-0.03821383716973754,23.116508747476068,-0.058487450744694865,-0.028433133165883237,-0.12355721334337097,-25.63391575927428
15,10,30,0,2,0.25,0.015,836.7269987040631,209.18174967601578,1552,628,0.8105095541401274,0.8,-0.0055673524920343215,0.02505875505140322,0.11573155153457498,107.26721024999998,-0.02348904049317633,0.007028818138579717,0.03246100802657199,58.81112777589388,-0.04080199480128774,-0.010688927717695113,-0.049364396915476366,12.000919843983267
15,10,30,0,2,0.3333333333333333,0.015,836.7269987040631,278.90899956802104,1474,585,0.7675213675213676,0.75,0.0011466162536346715,0.03994341457053836,0.19757737786052113,124.57301249999985,-0.014449887893654999,0.024252048953336852,0.11996168741328764,79.17733808758507,-0.02951047133036287,0.008842488329735287,0.04373897739561497,35.34153131337235
15,10,30,0,2,0.5,0.015,836.7269987040631,418.36349935203157,1355,534,0.6666666666666666,0.6666666666666666,-0.021692026596559874,-0.0011898754202194525,-0.006745645782587573,-24.72957,-0.03432140502066651,-0.01369227088680145,-0.07762471610479352,-66.29167587781258,-0.04651420646191167,-0.025965115461696883,-0.14720236935169487,-106.41704764439822
15,10,30,0,2,0.75,0.015,836.7269987040631,627.5452490280474,1235,467,0.588865096359743,0.5714285714285714,-0.04749445820299254,0.03442532634320257,0.20786786952905167,94.57927874999996,-0.05782200458901067,0.024156749486949985,0.14586471456753067,58.18524637973964,-0.067791629902253,0.014079694018127812,0.08501684178419176,23.05251951436057
15,10,30,0,2,1.0,0.015,836.7269987040631,836.7269987040631,1140,433,0.49653579676674364,0.5,-0.037542668160789015,-0.0077556144593584125,-0.05042903239275448,-95.02343549999998,-0.04654426627298768,-0.01660057863627617,-0.10794288777785674,-128.83276236743706,-0.0552327029417512,-0.025277099383743794,-0.16436072271401497,-161.46587835860396
15,10,30,0,2,1.3333333333333333,0.015,836.7269987040631,1115.6359982720842,1061,397,0.4357682619647355,0.4285714285714286,-5.292058922967069e-05,0.013777084898472488,0.09503997984792517,-91.61359400000019,-0.007844160108787454,0.0061302385605467614,0.04229023915055538,-122.71180350376012,-0.015362623498657302,-0.001367948327629197,-0.009436967476822183,-152.72124539777485
15,10,30,0,2,2.0,0.015,836.7269987040631,1673.4539974081263,925,335,0.3402985074626866,0.3333333333333333,0.00333674349074529,0.014102806939893365,0.10088121852451643,-7.690492500000005,-0.0030246548601788235,0.007870822286626205,0.05630284663837831,-34.42550595420465,-0.009155275639831482,0.00176895046908957,0.012653944320565935,-60.19063179368772
15,10,30,0,2,0.2,0.025,1394.5449978401055,278.9089995680211,1357,540,0.8425925925925926,0.8333333333333334,0.0013743102105392782,0.02423581981432739,0.14311936275595047,106.50169950000019,-0.010713100101752445,0.012108376983716909,0.07150309607380417,64.68489411906445,-0.022386908498059768,0.00019367000489389202,0.0011436714421069472,24.29895857534342
15,10,30,0,2,0.25,0.025,1394.5449978401055,348.63624946002636,1288,507,0.8047337278106509,0.8,-0.013130966941605407,0.010907476207072015,0.06857207673799956,19.012855625,-0.023823084147905196,0.0002068045331945838,0.0013001290915158892,-20.335719236437242,-0.034147696652723394,-0.010300953343549362,-0.06475955292379995,-58.33182236761162
15,10,30,0,2,0.3333333333333333,0.025,1394.5449978401055,464.8483326133684,1176,455,0.7538461538461538,0.75,-0.03913267093172824,0.008038973274996836,0.05257896064104395,31.91272833333322,-0.04827950013867203,-0.001193723262649947,-0.007807576456332191,-3.4303831203067396,-0.05711139542838981,-0.0102578783489095,-0.06709190647007712,-37.55659806421405
15,10,30,0,2,0.5,0.025,1394.5449978401055,697.2724989200527,1035,381,0.6640419947506562,0.6666666666666666,-0.030997543284486978,-0.0062611846921967,-0.04230734684959364,-149.43489499999995,-0.0385492758991551,-0.013745905826015068,-0.0928839266590385,-179.03501627128452,-0.04584090482745286,-0.021092504101228954,-0.14252640959362495,-207.61562307449654
15,10,30,0,2,0.75,0.025,1394.5449978401055,1045.908748380079,898,335,0.5611940298507463,0.5714285714285714,-0.014270879172551291,-0.02117576220065581,-0.15423798935652938,-269.5719624999998,-0.020486760529030274,-0.027278898240799397,-0.19869715336162175,-295.50516602927337,-0.026490094353658775,-0.03327140464819193,-0.24234605567943335,-320.5516025681537
15,10,30,0,2,1.0,0.025,1394.5449978401055,1394.5449978401055,810,280,0.5071428571428571,0.5,-0.03497636713610751,0.013769118326802965,0.09654394508885633,-164.9477875,-0.040381685604651184,0.00845685125156925,0.059297901667897834,-187.14233284727055,-0.04559339144499462,0.0032538261982940123,0.022815237044055303,-208.54189372111912
15,10,30,0,2,1.3333333333333333,0.025,1394.5449978401055,1859.3933304534737,708,251,0.4581673306772908,0.4285714285714286,-0.038895040874850656,0.0588610734694237,0.4302494009798231,60.976350833333214,-0.043605987470160756,0.05429012834148145,0.396846809471342,40.87281412638261,-0.048144890677385525,0.04981608469788061,0.36414270654068237,21.503456951631534
15,10,30,0,2,2.0,0.025,1394.5449978401055,2789.089995680211,566,194,0.29896907216494845,0.3333333333333333,-0.06821379007971536,-0.07522975753033863,-0.5024029286814049,-382.83825999999993,-0.07213358912204923,-0.07909191302872709,-0.5282007395586705,-398.1754143254021,-0.07591368741305438,-0.08287689072448945,-0.5534780143337616,-412.9659559394475
15,10,30,1,1,0.2,0.002,111.56359982720842,22.312719965441687,2592,1113,0.6666666666666666,0.8333333333333334,-0.43685281841962315,-0.365228270715252,-0.4600521457262674,-250.278883,-0.5526050772628012,-0.481822193229512,-0.6069908408701039,-332.1873962263167,-0.66481668678716,-0.5969362465130977,-0.752009432749881,-411.5904782458597
15,10,30,1,1,0.25,0.002,111.56359982720842,27.890899956802105,2588,1111,0.6534653465346535,0.8,-0.390285444171539,-0.31902209208414856,-0.4218089478126217,-228.0016214,-0.5007258571813508,-0.4299285939751836,-0.5685001115963032,-309.8412162528055,-0.6077803820662643,-0.5394019304739617,-0.7132581130144814,-389.17176840279166
15,10,30,1,1,0.3333333333333333,0.002,111.56359982720842,37.187866609069474,2581,1104,0.6277173913043478,0.75,-0.33121357447468625,-0.2631894095146201,-0.37469545869235954,-205.01100706666668,-0.4337366549562898,-0.36555534664277256,-0.5204825591380008,-286.43080704672735,-0.5331077660634952,-0.46658399714548704,-0.6643284939405828,-365.34743686450605
15,10,30,1,1,0.5,0.002,111.56359982720842,55.78179991360421,2568,1095,0.5634703196347032,0.6666666666666666,-0.23368157187233596,-0.21690875521254666,-0.3535347924212301,-191.7236794,-0.32382804304736496,-0.3056364283537112,-0.49817427740589726,-272.6647983870015,-0.4111880209369825,-0.39316834841303516,-0.6408475551312844,-351.10396825019245
15,10,30,1,1,0.75,0.002,111.56359982720842,83.67269987040632,2551,1084,0.49723247232472323,0.5714285714285714,-0.1651506070411982,-0.15590586990088395,-0.2958677645403992,-162.2492301,-0.241978597394777,-0.2313544634522317,-0.4390752663999934,-242.4309166381412,-0.3164280366432812,-0.3057756707083661,-0.5803152965865868,-320.1302235351603
15,10,30,1,1,1.0,0.002,111.56359982720842,111.56359982720842,2540,1079,0.4439295644114921,0.5,-0.12198911843416248,-0.11945901585337786,-0.25627242687104623,-143.19617500000004,-0.18966808726147272,-0.18591018631511552,-0.3988484432154915,-223.13989918655307,-0.2552436360307451,-0.251440952997465,-0.5394369972480878,-300.59902238284394
15,10,30,1,1,1.3333333333333333,0.002,111.56359982720842,148.7514664362779,2529,1073,0.39888164026095063,0.4285714285714286,-0.0840977178432599,-0.06638344689881187,-0.16284103649452175,-86.59928293333337,-0.14317525640269063,-0.12418813390923392,-0.30464292206075616,-166.21426442365546,-0.20041046467757753,-0.18118057386955388,-0.4444497047085556,-243.34645642951926
15,10,30,1,1,2.0,0.002,111.56359982720842,223.12719965441684,2510,1056,0.3068181818181818,0.3333333333333333,-0.03782009976538245,-0.06221747542876908,-0.18189005636791677,-85.84490439999999,-0.08597548222427995,-0.10997723142247344,-0.32150505656678324,-164.51101694747678,-0.13261527566489445,-0.15704324463704444,-0.4590968202909923,-240.70127964805948
15,10,30,1,1,0.2,0.004,223.12719965441684,44.625439930883374,2523,1076,0.7853159851301115,0.8333333333333334,-0.16907641000942988,-0.12360553508663116,-0.262266148441353,-132.05223184,-0.23501233622603496,-0.19061054520999998,-0.4044123493047904,-211.66564545063244,-0.29890550998203924,-0.25668952139713813,-0.5446100176449882,-288.81256612059246
15,10,30,1,1,0.25,0.004,223.12719965441684,55.78179991360421,2502,1063,0.7431796801505174,0.8,-0.1471567091045277,-0.136056344075432,-0.31607077433741537,-173.295545,-0.20826342704248516,-0.19651379524478926,-0.45652260902508557,-252.05143614375595,-0.26747112063664313,-0.25613387280050975,-0.5950264393648905,-328.35981644833623
15,10,30,1,1,0.3333333333333333,0.004,223.12719965441684,74.37573321813895,2473,1055,0.6995260663507109,0.75,-0.11194147617748644,-0.11544303649104593,-0.2979421897715925,-160.72040600000005,-0.16699828996874544,-0.169463546360024,-0.4373596919298827,-239.00224338135254,-0.22033803577946307,-0.22272567446323394,-0.5748211604232921,-314.8426892769011
15,10,30,1,1,0.5,0.004,223.12719965441684,111.56359982720842,2426,1031,0.6256062075654704,0.6666666666666666,-0.0966256361325358,-0.08932007606451288,-0.26753621113060533,-141.8707096,-0.14284981716356146,-0.13483639279985596,-0.4038709406442739,-218.73258292423833,-0.18761666623339887,-0.1796852833826915,-0.5382053235984969,-293.1711950441942
15,10,30,1,1,0.75,0.004,223.12719965441684,167.34539974081264,2367,1004,0.5388446215139442,0.5714285714285714,-0.06881471193818081,-0.06906532466072621,-0.24209574519809335,-103.23058890000003,-0.10737561023539427,-0.10697080828586357,-0.3749460954479643,-178.460624141405,-0.1447066913227675,-0.14429227254143395,-0.505762507170602,-251.2913586371776
15,10,30,1,1,1.0,0.004,223.12719965441684,223.12719965441684,2330,974,0.47125256673511295,0.5,-0.04563857130318984,-0.06081478270125201,-0.23667402576761876,-84.4145604,-0.07931568700550548,-0.09394324366806563,-0.36558515634095345,-157.58448992580895,-0.11191253930484776,-0.12655427050267143,-0.492492711139608,-228.40734205450497
15,10,30,1,1,1.3333333333333333,0.004,223.12719965441684,297.5029328725558,2282,957,0.41379310344827586,0.4285714285714286,-0.04244006383630771,-0.0328081596580367,-0.14440791945315268,-26.484393866666736,-0.07177588703829824,-0.061596928039501606,-0.27111395751364714,-98.54242869256026,-0.10016588810581656,-0.08992699717278356,-0.3958064933887112,-168.27722602702121
15,10,30,1,1,2.0,0.004,223.12719965441684,446.2543993088337,2208,922,0.3318872017353579,0.3333333333333333,-0.037937294379257955,-0.00535577858624397,-0.027919835046783137,76.05107439999998,-0.06205529012665689,-0.02878055301315475,-0.15002619522213453,6.53388542417116,-0.08539335092041384,-0.05182633662493837,-0.27015839801921804,-60.735235920788014
15,10,30,1,1,0.2,0.008,446.2543993088337,89.25087986176675,2311,972,0.8251028806584362,0.8333333333333334,-0.06118313849636977,-0.02523807337162929,-0.08950854749370557,-41.13062527999999,-0.09694542894212417,-0.06149476877684828,-0.21809442706715274,-113.94354450910423,-0.1315678397562215,-0.09720464863452558,-0.34474139140420845,-184.43564025301703
15,10,30,1,1,0.25,0.008,446.2543993088337,111.56359982720842,2267,943,0.7868504772004242,0.8,-0.06336292365268113,-0.03526775007145501,-0.13627367427231457,-58.955862000000025,-0.09557403208430469,-0.0675680396677822,-0.261078852597042,-129.87406668562966,-0.12674939561985907,-0.09936677411592147,-0.3839472552409148,-198.51190375530288
15,10,30,1,1,0.3333333333333333,0.008,446.2543993088337,148.7514664362779,2198,912,0.7445175438596491,0.75,-0.049832058078588426,-0.0153478757519044,-0.06515290340059678,-12.974808800000062,-0.07822546434111671,-0.04379387046106314,-0.18590588218646437,-81.88171861500751,-0.10569645256073514,-0.07178649092954728,-0.30473513267555424,-148.5500461230231
15,10,30,1,1,0.5,0.008,446.2543993088337,223.12719965441684,2099,847,0.6458087367178277,0.6666666666666666,-0.013277664852422193,-0.045827688360005434,-0.22290244055353597,-104.20775760000001,-0.03699498529331294,-0.06889905624953921,-0.3351238474546073,-168.597855735795,-0.059931461732940776,-0.09158829210356174,-0.4454839079417336,-230.868042307576
15,10,30,1,1,0.75,0.008,446.2543993088337,334.6907994816253,1976,793,0.5662042875157629,0.5714285714285714,-0.012901427107441731,-0.012378127092541302,-0.06814794788078116,-25.675482599999995,-0.03231744040736859,-0.031472363922384325,-0.17327415706198737,-86.16638769052793,-0.051089544694393405,-0.050239468605202266,-0.27659827508594403,-144.65118378304948
15,10,30,1,1,1.0,0.008,446.2543993088337,446.2543993088337,1890,739,0.5074424898511503,0.5,-0.017187970061232415,0.013288934405787607,0.07861022897586778,127.05968320000001,-0.034038876414151965,-0.0032837399508724263,-0.019424466669367618,70.3336728369166,-0.05032352259825079,-0.01956142387741227,-0.1157126422301546,15.513891108185419
15,10,30,1,1,1.3333333333333333,0.008,446.2543993088337,595.0058657451116,1798,692,0.43352601156069365,0.4285714285714286,-0.011918895032895506,0.008616266356774517,0.05519602934849349,84.31818746666661,-0.026528656504941954,-0.0057122287688399645,-0.036592328735050944,31.453052959867676,-0.04065237077220815,-0.019787285605842607,-0.12675662844826444,-19.653329297174977
15,10,30,1,1,2.0,0.008,446.2543993088337,892.5087986176674,1666,636,0.33176100628930816,0.3333333333333333,0.01384483899059267,-0.004457326234545747,-0.03205955719998706,-33.010915199999964,0.001995806376912327,-0.016190415078192147,-0.11645190906863077,-81.6243430745054,-0.009458571851334934,-0.02771159623905254,-0.1993196758570749,-128.61860902017435
15,10,30,1,1,0.2,0.015,836.7269987040631,167.34539974081264,1986,808,0.8279702970297029,0.8333333333333334,-0.02923865923317011,-0.016101780901390472,-0.08843571667374907,-51.32541749999996,-0.04882558182274888,-0.03558640179709004,-0.19545462661549312,-112.36393602067682,-0.06777642484547358,-0.05475445486770274,-0.3007331731014409,-171.4202465531166
15,10,30,1,1,0.25,0.015,836.7269987040631,209.18174967601578,1911,762,0.7821522309711286,0.8,-0.01921555989642046,-0.044875794121966246,-0.2648293559666848,-154.02121237500003,-0.036934713761285216,-0.06197862400915351,-0.3657678533180767,-211.73816740535614,-0.05407509057502103,-0.0788022609513971,-0.46505281918724994,-267.5698603465983
15,10,30,1,1,0.3333333333333333,0.015,836.7269987040631,278.90899956802104,1807,709,0.7390691114245416,0.75,-0.0028146696255131483,-0.026326555454549396,-0.1640481397820467,-106.5698640000002,-0.018360809611163143,-0.04141318547186933,-0.25806352756235734,-160.82004206679187,-0.03338800868984134,-0.056237914454721906,-0.35044284619916066,-213.25931166142587
15,10,30,1,1,0.5,0.015,836.7269987040631,418.36349935203157,1615,630,0.6460317460317461,0.6666666666666666,-0.03431037977034787,-0.044298015265582615,-0.30050156449844123,-221.61820500000005,-0.04687477754109378,-0.05661666341088574,-0.38407972124722833,-269.90618498406127,-0.05901825636774872,-0.0687168470847963,-0.466165716650876,-316.57647298494567
15,10,30,1,1,0.75,0.015,836.7269987040631,627.5452490280474,1448,550,0.5545454545454546,0.5714285714285714,-0.012547781729742531,-0.034904644963823936,-0.2506902082161124,-136.97886824999998,-0.022907287833348097,-0.04506983784988852,-0.32370055029519934,-179.25572179744378,-0.03291766600743367,-0.055047614241260444,-0.39536292723489197,-220.10779406689744
15,10,30,1,1,1.0,0.015,836.7269987040631,836.7269987040631,1332,494,0.4817813765182186,0.5,-0.006701330515583773,-0.03726127944598168,-0.2761978955053307,-169.4069685,-0.01569137144558433,-0.04611213170303931,-0.34181013062877885,-207.61138915914495,-0.024374615524795716,-0.054795450336496944,-0.4061759746437029,-244.51203422530673
15,10,30,1,1,1.3333333333333333,0.015,836.7269987040631,1115.6359982720842,1210,452,0.44026548672566373,0.4285714285714286,-0.001559474382003487,0.02280934247256213,0.1793227902844297,20.864454999999793,-0.009344357470040662,0.01517354727789306,0.11929518412103533,-14.007106863652254,-0.016864886355057396,0.007682696173113698,0.06040173979968877,-47.69452198543357
15,10,30,1,1,2.0,0.015,836.7269987040631,1673.4539974081263,1041,373,0.3378016085790885,0.3333333333333333,0.023753171645546644,0.008851706310633652,0.07036538563947234,108.85596150000005,0.017447228471599328,0.0026139377106589295,0.020778990436164713,79.86863325674446,0.011358611855966736,-0.0034998188573170824,-0.027821130652026294,51.88031754945234
15,10,30,1,1,0.2,0.025,1394.5449978401055,278.9089995680211,1632,629,0.8203497615262321,0.8333333333333334,-0.026628004651138893,-0.034898710882527516,-0.25300249620020065,-233.5874874999999,-0.03841592524635252,-0.0464055058718412,-0.33643435661032806,-282.0141266993108,-0.04980526226639118,-0.05770992722737757,-0.4183900567831754,-328.80332163270066
15,10,30,1,1,0.25,0.025,1394.5449978401055,348.63624946002636,1526,579,0.7806563039723662,0.8,-0.030941726049194953,-0.0476946348658258,-0.35739452621802004,-313.95804250000003,-0.04148648315514849,-0.057937462844417725,-0.43416612476531025,-358.2977234852121,-0.05167863646187075,-0.06800470745350116,-0.5096070633981856,-401.1547396906674
15,10,30,1,1,0.3333333333333333,0.025,1394.5449978401055,464.8483326133684,1387,523,0.7284894837476099,0.75,-0.03860595131834486,-0.04918195859443519,-0.381676814494919,-275.4166533333335,-0.047745148541318734,-0.05811661299110526,-0.4510257050988903,-315.3781154908663,-0.05658018368583047,-0.06689731442181104,-0.5191701108069972,-354.00961823383824
15,10,30,1,1,0.5,0.025,1394.5449978401055,697.2724989200527,1218,442,0.6470588235294118,0.6666666666666666,-0.03500023133658721,-0.04167803548383195,-0.3305098217066803,-16.510138750000067,-0.042542996778140246,-0.049086436235456526,-0.38925116950996086,-50.86015752197764,-0.049825803672995855,-0.05634887302541108,-0.44684166152331284,-84.02631594085508
15,10,30,1,1,0.75,0.025,1394.5449978401055,1045.908748380079,1042,366,0.5491803278688525,0.5714285714285714,-0.020646618097489123,-0.045235158614041336,-0.36090007612028574,-148.30239374999982,-0.026852264069397894,-0.05132067663369057,-0.409453457105533,-176.27978677172564,-0.032851192121991106,-0.05729787179569658,-0.45714151157812716,-203.32521743215938
15,10,30,1,1,1.0,0.025,1394.5449978401055,1394.5449978401055,903,315,0.4634920634920635,0.5,-0.019240375142512325,-0.07360015422196751,-0.5789779414761567,-265.5528100000001,-0.024631438357365056,-0.07891587524369995,-0.620789860623615,-289.73590574679827,-0.029841284287181073,-0.08413333173213361,-0.6618328583254378,-313.10610155524245
15,10,30,1,1,1.3333333333333333,0.025,1394.5449978401055,1859.3933304534737,784,268,0.4141791044776119,0.4285714285714286,-0.05759989219571484,-0.029603430176869523,-0.22839323176740914,-42.42952083333353,-0.06231343838796249,-0.03421326308302248,-0.2639577226892976,-62.97910750030894,-0.06686894713546694,-0.03873935571049163,-0.2988768445435477,-82.83970035351447
15,10,30,1,1,2.0,0.025,1394.5449978401055,2789.089995680211,641,209,0.28708133971291866,0.3333333333333333,-0.053167561405687326,-0.10237061437740957,-0.7276888368289185,-404.37210000000005,-0.05704869525767739,-0.10626608449028024,-0.7553812091121761,-420.0472600314143,-0.06080578699687569,-0.11009700646993507,-0.7826129123492589,-435.22143760698003
15,10,30,1,2,0.2,0.002,111.56359982720842,22.312719965441687,1095,491,0.6822810590631364,0.8333333333333334,-0.4989033665946356,-0.33630837052291324,-0.18465817743758067,-105.40875604,-0.612762606841978,-0.45405931014650786,-0.2493740367180782,-141.2507169784638,-0.723206884885223,-0.5705446741598319,-0.3133489950406033,-176.01767564517792
15,10,30,1,2,0.25,0.002,111.56359982720842,27.890899956802105,1093,490,0.6612244897959184,0.8,-0.4578036453456562,-0.3044222653727869,-0.17663558694004755,-102.34673215000001,-0.5665621369618656,-0.4156413606679888,-0.24122867208117776,-138.15608447348652,-0.6720496149233072,-0.5256468687607591,-0.3050733351729036,-172.88843693537262
15,10,30,1,2,0.3333333333333333,0.002,111.56359982720842,37.187866609069474,1090,487,0.6303901437371663,0.75,-0.3863531419591897,-0.25810751211165706,-0.16193308068093942,-92.54896546666666,-0.48784284388502636,-0.36035438564860556,-0.22612591150381012,-128.0982524073264,-0.5862887247579448,-0.461474362655012,-0.28957968890313746,-162.58136548055995
15,10,30,1,2,0.5,0.002,111.56359982720842,55.78179991360421,1086,485,0.5752577319587628,0.6666666666666666,-0.2948208925155269,-0.19389796601037865,-0.13956647220870366,-82.2008159,-0.38443330940868214,-0.282659251315733,-0.20350184889667597,-117.65329360138632,-0.47134896268778975,-0.37043309221652343,-0.26669503583440457,-152.03887728063143
15,10,30,1,2,0.75,0.002,111.56359982720842,83.67269987040632,1085,484,0.5041322314049587,0.5714285714285714,-0.20373704348375607,-0.14217225837830286,-0.12054417359307604,-61.398582649999994,-0.2805864770667025,-0.21744064295619495,-0.18435648425977563,-96.81794636171236,-0.3551168489791169,-0.29182064523541756,-0.24741937596670482,-131.16847085173015
15,10,30,1,2,1.0,0.002,111.56359982720842,111.56359982720842,1081,482,0.45850622406639,0.5,-0.14846879737795038,-0.08996036073287544,-0.08651983194519075,-39.6809456,-0.21629624625969068,-0.15604657276886225,-0.15006575498597485,-74.96083034745469,-0.28207591477539495,-0.2213518375992519,-0.21286805623130522,-109.17557912867514
15,10,30,1,2,1.3333333333333333,0.002,111.56359982720842,148.7514664362779,1078,480,0.43125,0.4285714285714286,-0.10613208335120516,-0.0004385529687706747,-0.00048704697140861813,6.541523266666655,-0.16543884256394029,-0.057428107304133134,-0.06377502571217422,-28.61989760589428,-0.22295160893753402,-0.11374563972006387,-0.12631673649590563,-62.71770721227311
15,10,30,1,2,2.0,0.002,111.56359982720842,223.12719965441684,1071,475,0.33473684210526317,0.3333333333333333,-0.07312139099222309,-0.0017842038959155237,-0.0024025258663063903,25.679675599999996,-0.12190367684111938,-0.04831525904839298,-0.06504820252767238,-9.232669605507702,-0.16919830695916963,-0.09428490313547348,-0.12693843715740658,-43.08033427137989
15,10,30,1,2,0.2,0.004,223.12719965441684,44.625439930883374,1069,481,0.7837837837837838,0.8333333333333334,-0.22923209242790774,-0.12708022154344417,-0.12090413711655065,-67.35323599999998,-0.2925725647924432,-0.1937282163084724,-0.1843203903490745,-102.55964027732227,-0.3540007609871378,-0.25959904001210654,-0.24699239636360532,-136.70314803032036
15,10,30,1,2,0.25,0.004,223.12719965441684,55.78179991360421,1067,478,0.7510460251046025,0.8,-0.19854020095286606,-0.11934729377195899,-0.12345737040313648,-74.0745883,-0.25787603896113326,-0.18025893393726025,-0.1864842964383734,-109.12553648599724,-0.31541252618178184,-0.240460937902757,-0.24876541676050581,-143.1135696893753
15,10,30,1,2,0.3333333333333333,0.004,223.12719965441684,74.37573321813895,1061,475,0.7052631578947368,0.75,-0.1457919797734237,-0.10356102594833076,-0.1197410083955405,-63.04385040000001,-0.19997833745538454,-0.1577386375641277,-0.18238153586100564,-97.94548737767623,-0.25251345427186445,-0.21126643160824912,-0.2442717704907397,-131.7835538974897
15,10,30,1,2,0.5,0.004,223.12719965441684,111.56359982720842,1049,469,0.6289978678038379,0.6666666666666666,-0.1253516992194757,-0.08252653334137998,-0.11231072075525798,-47.94530580000001,-0.17120300787916243,-0.12799351676939733,-0.1741760147062701,-82.49474445065594,-0.21564846019931083,-0.17289916654145776,-0.23528447795120766,-115.98485570642725
15,10,30,1,2,0.75,0.004,223.12719965441684,167.34539974081264,1041,458,0.5502183406113537,0.5714285714285714,-0.10852248105677759,-0.046416666588512935,-0.07411577521318072,-21.417553700000003,-0.14695850073369315,-0.08428771784468259,-0.1345770037003662,-55.42402308035429,-0.18419396481887682,-0.12166325456683288,-0.1942522194065097,-88.36829462355426
15,10,30,1,2,1.0,0.004,223.12719965441684,223.12719965441684,1025,449,0.49665924276169265,0.5,-0.11557188900719394,-0.009988497120092397,-0.017960979474943045,24.21452000000001,-0.1494071342481969,-0.04297569684502784,-0.07726872196826293,-9.309890302107583,-0.18217191886139975,-0.07551393690196614,-0.1357712805972115,-41.77367399893979
15,10,30,1,2,1.3333333333333333,0.004,223.12719965441684,297.5029328725558,1014,445,0.44269662921348313,0.4285714285714286,-0.06391319294596397,0.025549871137261315,0.052771998254426196,67.25166266666663,-0.09334981453892108,-0.0029151122976771617,-0.006020596753994731,33.957778808123216,-0.12185079779511426,-0.03098911128692196,-0.06400197445974554,1.7221357541316706
15,10,30,1,2,2.0,0.004,223.12719965441684,446.2543993088337,1001,435,0.34022988505747126,0.3333333333333333,-0.03770913305633172,0.012213893143830592,0.03024430343393715,74.84240680000002,-0.06180230268693343,-0.010998982484769246,-0.02723361705165782,42.33784768193889,-0.0851318671046339,-0.03388999277663471,-0.08391204244941411,10.863483061578137
15,10,30,1,2,0.2,0.008,446.2543993088337,89.25087986176675,1029,458,0.8296943231441049,0.8333333333333334,-0.05403763578943642,-0.013396022249924963,-0.022166302031255844,1.2351550400000058,-0.08996164050545458,-0.04990845765071779,-0.0825770037003662,-32.51649468178105,-0.12478319764263146,-0.08597537510238973,-0.14225221940650978,-65.23236276363038
15,10,30,1,2,0.25,0.008,446.2543993088337,111.56359982720842,1016,449,0.7817371937639198,0.8,-0.05655963175305689,-0.047415481804882115,-0.08804306085184682,-31.097308000000012,-0.08886864978327116,-0.0793158090125456,-0.14726872196826285,-64.23290980702392,-0.12018279991313482,-0.11082404582578383,-0.20577128059721178,-96.34819132558275
15,10,30,1,2,0.3333333333333333,0.008,446.2543993088337,148.7514664362779,1001,441,0.7528344671201814,0.75,-0.020021507086672653,0.003660169561685115,0.007435475608862492,6.85757839999998,-0.04883387780478221,-0.02499334211226081,-0.05077247153972672,-25.871304099834425,-0.07674726724516447,-0.05327879508455694,-0.10823266832228007,-57.57900535442683
15,10,30,1,2,0.5,0.008,446.2543993088337,223.12719965441684,965,415,0.6867469879518072,0.6666666666666666,-0.02655903182725829,0.04089233859908656,0.09456901537995913,69.78979319999998,-0.050159995946759246,0.017155493232696124,0.039673675686349386,38.31816859504125,-0.07298804468954244,-0.006226276878047935,-0.014398845095418375,7.877218095779856
15,10,30,1,2,0.75,0.008,446.2543993088337,334.6907994816253,930,398,0.5804020100502513,0.5714285714285714,0.012758660794214336,0.016273490952409386,0.04480250149108451,1.79991759999999,-0.006713955425634424,-0.0028530841655795844,-0.007855125486344212,-28.333018425151884,-0.02555112484368708,-0.02168840610604904,-0.059712627344521665,-57.48263112026287
15,10,30,1,2,1.0,0.008,446.2543993088337,446.2543993088337,910,392,0.5280612244897959,0.5,0.020642586135409407,0.054513884991999606,0.17090135568503928,96.78328560000001,0.0038062691778390674,0.03796326461407324,0.11901706233505809,66.97964459855349,-0.01247561618660452,0.021671470536184238,0.06794133186167713,38.15745816362846
15,10,30,1,2,1.3333333333333333,0.008,446.2543993088337,595.0058657451116,884,377,0.4482758620689655,0.4285714285714286,0.019684583941547193,0.03817786807521604,0.13378973404997346,55.495740266666616,0.0051460727958172565,0.02393084623688337,0.08386419855522997,26.77286962678568,-0.008911538497340322,0.009913967215307544,0.03474289654384044,-0.9999158140180455
15,10,30,1,2,2.0,0.008,446.2543993088337,892.5087986176674,837,360,0.3388888888888889,0.3333333333333333,0.006641774358541662,0.01058374693262161,0.04334288490136694,4.671148800000026,-0.0052282222437118496,-0.00105762455152379,-0.0043312692841306205,-22.69617715472733,-0.016707434857213464,-0.012511365559071995,-0.05123755237192916,-49.16251609518446
15,10,30,1,2,0.2,0.015,836.7269987040631,167.34539974081264,950,411,0.8564476885644768,0.8333333333333334,-0.020104901860777496,0.06373869485632054,0.16552944296755734,50.053997100000025,-0.039820247352585256,0.042837215865518655,0.11125513423395089,19.491501809364006,-0.05891764199577746,0.02221802987284853,0.057703794375380923,-10.113053387931764
15,10,30,1,2,0.25,0.015,836.7269987040631,209.18174967601578,920,393,0.8142493638676844,0.8,-0.022791923322971655,0.03479918212144838,0.09985072223415169,42.47835337499999,-0.040453852854311106,0.01668352807067288,0.04787169769815727,12.847684751442301,-0.05754466154338683,-0.0011620301255255146,-0.0033343280060226244,-15.824838705071505
15,10,30,1,2,0.3333333333333333,0.015,836.7269987040631,278.90899956802104,886,382,0.7931937172774869,0.75,-0.028160154033408772,0.10489159892166995,0.32498553224678395,170.45059099999992,-0.04346367336081355,0.08858536001777985,0.2744707087040613,141.68376163840156,-0.05827364249946095,0.07252120696595152,0.22469793053867507,113.84468449886516
15,10,30,1,2,0.5,0.015,836.7269987040631,418.36349935203157,845,351,0.6837606837606838,0.6666666666666666,-0.0068481749326980545,0.03546144810358195,0.13041234448008052,59.7840645,-0.01951118768549648,0.0228344868205167,0.08397701244797279,33.27322111032828,-0.031763130992217,0.010398894627467929,0.03824338643736909,7.622978426033271
15,10,30,1,2,0.75,0.015,836.7269987040631,627.5452490280474,783,328,0.5792682926829268,0.5714285714285714,0.0006575673261178407,0.014860045181678855,0.06325813147719218,-4.313318250000002,-0.009711333557262374,0.004655900580891786,0.01982039909668113,-29.30475981052148,-0.019737203320742497,-0.005383173667857623,-0.02291643660553558,-53.46941729018
15,10,30,1,2,1.0,0.015,836.7269987040631,836.7269987040631,740,307,0.511400651465798,0.5,0.018203943065276038,0.021916382249680295,0.10106241307673408,31.53817200000001,0.009223356705954967,0.013092361195577551,0.06037305647158876,8.093053105491684,0.0005413252254393592,0.004417915949982079,0.020372420616160264,-14.572645119801024
15,10,30,1,2,1.3333333333333333,0.015,836.7269987040631,1115.6359982720842,701,289,0.4532871972318339,0.4285714285714286,0.006787461823772187,0.0488257213572002,0.2462810263417191,126.62079249999984,-0.0009784268371678397,0.041234121679374576,0.20798961993579473,104.61835518695568,-0.008487834022254448,0.03376892164979664,0.17033429823475663,83.34258520598468
15,10,30,1,2,2.0,0.015,836.7269987040631,1673.4539974081263,646,256,0.35546875,0.3333333333333333,0.011486264346167303,0.04556377762987186,0.251732876740626,85.79669850000005,0.005162389338428365,0.03941905294721082,0.21778665295350716,66.16956680993017,-0.0009495090742546241,0.03338174386425408,0.1844310738688506,47.2003375200953
15,10,30,1,2,0.2,0.025,1394.5449978401055,278.9089995680211,835,364,0.8791208791208791,0.8333333333333334,-0.013122776479798525,0.1389307333956837,0.49524235410674017,290.6500100000002,-0.025032672915826146,0.1254216023723876,0.447087272168268,263.1025931707631,-0.03655426411631832,0.11211675362581211,0.3996598081572721,236.45332069044827
15,10,30,1,2,0.25,0.025,1394.5449978401055,348.63624946002636,810,338,0.8195266272189349,0.8,-0.003930819841469614,0.049615101088114726,0.2018412807647653,114.82482937500001,-0.014672648681935468,0.03862106727766973,0.15711675272767733,89.29839542669706,-0.025065849660472046,0.027795591406330433,0.11307696471746677,64.60042618605654
15,10,30,1,2,0.3333333333333333,0.025,1394.5449978401055,464.8483326133684,772,319,0.7836990595611285,0.75,0.020441596386259826,0.08077565779286913,0.354184107413249,182.45823083333332,0.010998186829631992,0.07114536948180486,0.3119620141621174,158.27625322450433,0.0018637803591008372,0.061666334499205486,0.27039783553709607,134.88554763075
15,10,30,1,2,0.5,0.025,1394.5449978401055,697.2724989200527,708,285,0.6982456140350877,0.6666666666666666,0.03581604675864329,0.06793588417828028,0.3338608390798973,159.80386750000005,0.02808969397682389,0.060245649962517175,0.2960710784833964,137.89044973849963,0.020623884590264225,0.052689456164661766,0.25893693770555615,116.71598299652273
15,10,30,1,2,0.75,0.025,1394.5449978401055,1045.908748380079,627,250,0.616,0.5714285714285714,0.05383427736120431,0.09085808003871264,0.48428875095105417,249.73890500000022,0.047556686262017804,0.08464184218976586,0.4511588407749092,230.67439559805965,0.041487150216761956,0.0785306750316189,0.4185850330750498,212.24173167141566
15,10,30,1,2,1.0,0.025,1394.5449978401055,1394.5449978401055,565,227,0.5550660792951542,0.5,0.0261142340253228,0.11005256755043896,0.6221128357849381,259.84841,0.02072303463106285,0.10472458980730329,0.5920022274236172,242.3774412993217,0.01551400359274946,0.09949244561837785,0.562425210032145,225.49681575092666
15,10,30,1,2,1.3333333333333333,0.025,1394.5449978401055,1859.3933304534737,508,190,0.45789473684210524,0.4285714285714286,0.04424735033957966,0.05826645204907163,0.32259498685366694,172.5788824999999,0.039601456452360684,0.05371206829524977,0.29738071898893087,157.76079190952998,0.03511681508598373,0.04924069231560523,0.2726246251370371,143.4570166520797
15,10,30,1,2,2.0,0.025,1394.5449978401055,2789.089995680211,406,151,0.31125827814569534,0.3333333333333333,-0.05536441501391855,-0.04787328705868445,-0.25186138573761535,-197.97356,-0.05926120948822242,-0.051691537882195646,-0.271950060171955,-209.87130262792252,-0.06302001294910624,-0.05543122923959587,-0.2916246400226703,-221.34772933234345
15,20,50,0,1,0.2,0.002,111.56359982720842,22.312719965441687,1934,844,0.6492890995260664,0.8333333333333334,-0.5029005740573698,-0.3970457077151669,-0.3839839551984275,-210.00788068,-0.6168603334177312,-0.512304431344628,-0.4954877535439064,-272.87633642836744,-0.7272340831062837,-0.626005920747148,-0.605456928338634,-333.7664895580671
15,20,50,0,1,0.25,0.002,111.56359982720842,27.890899956802105,1933,842,0.6437054631828979,0.8,-0.45259924428852705,-0.3372552606812822,-0.340155155342122,-186.98054274999998,-0.5616356443935566,-0.4475075477544743,-0.45139702427010553,-249.71972325943233,-0.6672384876495133,-0.556270824654492,-0.5611056086032344,-310.48324662376547
15,20,50,0,1,0.3333333333333333,0.002,111.56359982720842,37.187866609069474,1930,840,0.6142857142857143,0.75,-0.3886514691892314,-0.28884980055116094,-0.3151097941238472,-174.4099368,-0.49029691973690714,-0.3905648898102318,-0.4261062949963049,-237.08419032904825,-0.5887317104111909,-0.4908838575615897,-0.5355542888678346,-297.77876144421276
15,20,50,0,1,0.5,0.002,111.56359982720842,55.78179991360421,1927,837,0.5639187574671446,0.6666666666666666,-0.2874196715609981,-0.2159594013444886,-0.26904863979286475,-150.49570390000002,-0.3772336166627377,-0.3047251052794429,-0.3796702010856037,-213.05958447909157,-0.464198881371653,-0.39225485788139813,-0.4887273092647353,-273.63909058601433
15,20,50,0,1,0.75,0.002,111.56359982720842,83.67269987040632,1918,835,0.4994011976047904,0.5714285714285714,-0.21089375257779258,-0.1514994162608986,-0.22151729268233616,-114.13796425000001,-0.28791552339364956,-0.2269843763294465,-0.331879471811803,-176.5811026833166,-0.3624917987786867,-0.301394250450656,-0.44067598952933573,-237.0416275243045
15,20,50,0,1,1.0,0.002,111.56359982720842,111.56359982720842,1915,832,0.44350961538461536,0.5,-0.1537501455335036,-0.12025910050327238,-0.19895658890100548,-100.71387920000001,-0.22176174132783322,-0.18674718735538526,-0.3089433779011018,-163.04564758370609,-0.2876050559699344,-0.2522752042098439,-0.41734900992623636,-223.39021368237565
15,20,50,0,1,1.3333333333333333,0.002,111.56359982720842,148.7514664362779,1910,829,0.390832328106152,0.4285714285714286,-0.10568079675028842,-0.08306550521295977,-0.1569059652195997,-69.2354342666667,-0.1650972920964381,-0.14109837475553966,-0.2665072839904009,-131.38595779676336,-0.22261654121107513,-0.19828519880395812,-0.37452203032313697,-191.5519340076843
15,20,50,0,1,2.0,0.002,111.56359982720842,223.12719965441684,1903,823,0.3244228432563791,0.3333333333333333,-0.056558710975809515,-0.02369245810548261,-0.054807467556113015,-12.889035000000025,-0.10509585096760869,-0.07074050736769542,-0.16363509616899868,-74.64726399908739,-0.15207989340665218,-0.11709801399042052,-0.27086807111693817,-134.42934536489378
15,20,50,0,1,0.2,0.004,223.12719965441684,44.625439930883374,1904,824,0.7633495145631068,0.8333333333333334,-0.19113174883316744,-0.1710216787496055,-0.2876769877459935,-151.02651104,-0.2561294123910509,-0.23576740262892257,-0.3965804608058989,-212.58652988903367,-0.3190679494061489,-0.29959495302399236,-0.5039437309846377,-272.1963268093432
15,20,50,0,1,0.25,0.004,223.12719965441684,55.78179991360421,1896,822,0.7299270072992701,0.8,-0.16040667448080476,-0.16366798704148397,-0.29884927829853924,-157.28910420000003,-0.22108035405032916,-0.22316712692786392,-0.4074897315320982,-218.70664150551846,-0.2798313976794118,-0.2818233223340212,-0.514592411249238,-278.177971403891
15,20,50,0,1,0.3333333333333333,0.004,223.12719965441684,74.37573321813895,1883,818,0.687041564792176,0.75,-0.12238216958023318,-0.14101235062502357,-0.2854416857675044,-148.18991586666672,-0.1772090915812025,-0.19443522436742028,-0.3935749396511633,-209.4172806205019,-0.2302916446143103,-0.2470889772963635,-0.5001564384451056,-268.6966404314617
15,20,50,0,1,0.5,0.004,223.12719965441684,111.56359982720842,1866,807,0.6009913258983891,0.6666666666666666,-0.09324742280729675,-0.1384775591574992,-0.3285681019809322,-158.17742099999998,-0.13954180831016819,-0.18347572211555635,-0.43530926197859277,-218.92302431354182,-0.18434459082140858,-0.2277939873427617,-0.5404575132337411,-277.71140705602124
15,20,50,0,1,0.75,0.004,223.12719965441684,167.34539974081264,1846,792,0.5290404040404041,0.5714285714285714,-0.05295438116835692,-0.08858456134057327,-0.24531110166533493,-101.51598229999999,-0.09158918668847378,-0.1264427723445352,-0.3501287924250873,-161.35491170359975,-0.12896892020862494,-0.163709382018143,-0.4533226152182438,-219.24994197812845
15,20,50,0,1,1.0,0.004,223.12719965441684,223.12719965441684,1823,788,0.4796954314720812,0.5,-0.0405344608183104,-0.043858370669087224,-0.13822452811683306,-35.7679376,-0.07422369164412634,-0.07696494215610043,-0.24254733387748584,-95.46883264788988,-0.1068119153021142,-0.10954494959715073,-0.3452199757474447,-153.21862605996822
15,20,50,0,1,1.3333333333333333,0.004,223.12719965441684,297.5029328725558,1805,776,0.4175257731958763,0.4285714285714286,-0.026550265844975975,-0.025194852468093182,-0.09005368673933314,1.2295237333332736,-0.05581775087359807,-0.053945495262910405,-0.19280295823468147,-57.616672234020015,-0.08412681464312978,-0.08223541610487581,-0.2939120573350469,-114.53583397972618
15,20,50,0,1,2.0,0.004,223.12719965441684,446.2543993088337,1781,763,0.32634338138925295,0.3333333333333333,0.0020806659813255688,-0.01719835131976781,-0.07388256357651556,-22.8060184,-0.02169044519985283,-0.040716962064111566,-0.17491321795497675,-80.59989876619011,-0.044685064172593526,-0.06385922347881647,-0.27432847905494934,-136.50592048506354
15,20,50,0,1,0.2,0.008,446.2543993088337,89.25087986176675,1796,765,0.8130718954248366,0.8333333333333334,-0.017179197033384108,-0.05537467217697086,-0.15864824027583202,-72.77711695999997,-0.0543654325833268,-0.09075309790243133,-0.2600039472287775,-131.18223601080746,-0.09031618259229837,-0.12554446323242016,-0.3596797987903493,-187.6468875999637
15,20,50,0,1,0.25,0.008,446.2543993088337,111.56359982720842,1778,749,0.7730307076101469,0.8,-0.00038899187049781043,-0.06739776934970618,-0.21160197397813277,-81.78064599999999,-0.034139590650530474,-0.09902304905491646,-0.31087811303837165,-139.19230912324278,-0.0667594050805341,-0.13010845081519454,-0.40846924090715275,-194.68044459022042
15,20,50,0,1,0.3333333333333333,0.008,446.2543993088337,148.7514664362779,1749,739,0.7307171853856563,0.75,0.01806064018873597,-0.04614695007619958,-0.1614743270515096,-48.53439813333338,-0.011469314551045154,-0.07414207776433628,-0.25942446666936825,-105.15989624906038,-0.04001061306555959,-0.10166070579456149,-0.35571264223015486,-159.8895854577209
15,20,50,0,1,0.5,0.008,446.2543993088337,223.12719965441684,1686,710,0.6464788732394366,0.6666666666666666,0.0171348379884238,-0.044405284741290525,-0.1809986225056796,-73.63688079999997,-0.006869321183202861,-0.06751992571901927,-0.2752088921992576,-128.5221109701088,-0.03005503579941914,-0.09021629358242855,-0.3677185060668604,-181.5359772034934
15,20,50,0,1,0.75,0.008,446.2543993088337,334.6907994816253,1626,682,0.5645161290322581,0.5714285714285714,0.01699499394398786,-0.015753635104126314,-0.07463392170822923,-26.091979599999966,-0.0025241247746358455,-0.03485728510259663,-0.16513868236604723,-78.78735286950145,-0.02137837439609011,-0.053614037165318866,-0.2540000297712658,-129.68779237402316
15,20,50,0,1,1.0,0.008,446.2543993088337,446.2543993088337,1581,658,0.506079027355623,0.5,0.023360178598919742,0.010575455603822179,0.05570687380366188,12.593441600000023,0.0064972740463907705,-0.006008398468216742,-0.03164993108043839,-38.32582785702439,-0.009789434206171243,-0.02228412451515086,-0.11738419294647055,-87.50521350181639
15,20,50,0,1,1.3333333333333333,0.008,446.2543993088337,595.0058657451116,1530,623,0.45425361155698235,0.4285714285714286,0.019002556868176708,0.05019414992966758,0.29087136997909435,136.70710186666656,0.004438739584554566,0.03591147037270511,0.2081044978777407,88.30614413896032,-0.00962346342443681,0.021903723454996592,0.1269305690896888,41.57223639061143
15,20,50,0,1,2.0,0.008,446.2543993088337,892.5087986176674,1431,570,0.3385964912280702,0.3333333333333333,0.02842263893783334,0.010000062462775034,0.06479388100078051,-45.10180959999995,0.016627517520787175,-0.0016757209258270824,-0.01085784303320686,-88.86085019622668,0.0052288658870497376,-0.013137750091974924,-0.08512612458888785,-131.14901679891253
15,20,50,0,1,0.2,0.015,836.7269987040631,167.34539974081264,1615,661,0.8366111951588502,0.8333333333333334,-0.0029424125348968717,0.006950286940230554,0.030597850147648605,72.52611240000004,-0.02301863782790101,-0.012967435390832878,-0.057086024991139725,21.48579876048762,-0.04241190670176643,-0.03253128287650439,-0.14321117254956983,-27.818216878468583
15,20,50,0,1,0.25,0.015,836.7269987040631,209.18174967601578,1557,634,0.8012618296529969,0.8,-0.005540922341730622,0.0014782420723281648,0.0070180347389201606,47.41070999999999,-0.023475895661026504,-0.016253155285035178,-0.07716117979483017,-2.008166440058666,-0.040789040476767034,-0.033653449941862736,-0.1597683561216752,-49.71362711768397
15,20,50,0,1,0.3333333333333333,0.015,836.7269987040631,278.90899956802104,1491,592,0.7381756756756757,0.75,-0.018440109565870094,-0.028305197501095263,-0.1474574369956923,-97.11163850000017,-0.03386494050845134,-0.04339224332367702,-0.22605586504501488,-143.11527916775117,-0.0487582446044917,-0.05819854350846438,-0.30319064167828363,-187.53367263606418
15,20,50,0,1,0.5,0.015,836.7269987040631,418.36349935203157,1384,544,0.6525735294117647,0.6666666666666666,-0.011158559904586623,-0.03074246122072346,-0.17933406752018222,-130.3953255,-0.023830074371077765,-0.04312669269434712,-0.25157836247379706,-172.5939644386837,-0.03606649713089006,-0.05527736441228395,-0.3224589680286929,-213.3436622990211
15,20,50,0,1,0.75,0.015,836.7269987040631,627.5452490280474,1267,502,0.5976095617529881,0.5714285714285714,-0.029398615505562012,0.05235461587768785,0.33864554784898626,103.371822375,-0.03973445482088743,0.04205458196843928,0.27202695227601803,64.86224375260655,-0.04972342210881653,0.03194266205834032,0.20661874641469863,27.64505128322955
15,20,50,0,1,1.0,0.015,836.7269987040631,836.7269987040631,1164,442,0.5,0.5,-0.036787690273880555,-0.0008326838071815736,-0.0055267727549660195,-118.96445850000003,-0.04578359722907649,-0.009680006943443576,-0.06425116950995999,-153.1821261425394,-0.05447187156738635,-0.018356523912977842,-0.12184166152331316,-186.22965377662345
15,20,50,0,1,1.3333333333333333,0.015,836.7269987040631,1115.6359982720842,1081,405,0.43950617283950616,0.4285714285714286,-0.06732705185689329,0.021282660126100143,0.14991293343866022,-86.01201900000022,-0.0752029998991744,0.013646429648300085,0.09612732205535254,-117.24998642571481,-0.08281163444413556,0.00615515465643213,0.043357753581579395,-147.4277220828975
15,20,50,0,1,2.0,0.015,836.7269987040631,1673.4539974081263,954,341,0.36363636363636365,0.3333333333333333,-0.025158427683022316,0.062338242741685534,0.46082377945013586,95.6669159999999,-0.03157962417435555,0.056196282894808505,0.4154306588169762,68.84845821163927,-0.03777425337396478,0.050186041099681944,0.37099998511436716,42.97627038363966
15,20,50,0,1,0.2,0.025,1394.5449978401055,278.9089995680211,1348,529,0.8147448015122873,0.8333333333333334,-0.0035780972814698124,-0.04888710839193653,-0.30169457178663833,-246.93905899999984,-0.015613121804107923,-0.06026149689831262,-0.3718978929202919,-287.957777861576,-0.027235241949675918,-0.0714301393837025,-0.44082407001319535,-327.56920349097857
15,20,50,0,1,0.25,0.025,1394.5449978401055,348.63624946002636,1284,505,0.7861386138613862,0.8,0.010546453372378996,-0.034756916278838944,-0.22512049021701286,-252.13798500000007,-0.0003391112858264631,-0.04510574976807793,-0.2921591416346836,-291.42422910800474,-0.010848738618385935,-0.055264313836902765,-0.3579582331884005,-329.353707075862
15,20,50,0,1,0.3333333333333333,0.025,1394.5449978401055,464.8483326133684,1169,458,0.7510917030567685,0.75,-0.013944244519486197,0.001651862040772409,0.01091553613503743,-145.50208333333342,-0.023219973056220405,-0.0075527562922228396,-0.0499103370336999,-181.13330616870292,-0.03217533680537415,-0.016583197433303564,-0.1095855527398431,-215.53389907676464
15,20,50,0,1,0.5,0.025,1394.5449978401055,697.2724989200527,1031,395,0.6784810126582278,0.6666666666666666,0.0028326205534164664,0.024535822444074318,0.16995681514046457,-68.43636875000001,-0.004797360548964291,0.016974073199071057,0.1175809684243565,-98.61869642839179,-0.012173388143515233,0.00954431546010131,0.06611435225857787,-127.79644652191851
15,20,50,0,1,0.75,0.025,1394.5449978401055,1045.908748380079,890,327,0.5749235474006116,0.5714285714285714,-0.013112409612503574,0.006464539827708415,0.04578826960692728,-143.25176437499994,-0.019319333631313926,0.0003481144110019693,0.0024657637335812055,-168.0176896964265,-0.025323557421067476,-0.0056670404633448425,-0.04014077673783489,-191.97483135621263
15,20,50,0,1,1.0,0.025,1394.5449978401055,1394.5449978401055,786,286,0.534965034965035,0.5,0.007206941306910806,0.06947223553361075,0.49636404628790776,50.37931249999991,0.0018178977825510495,0.06416036754282416,0.4584257138464958,28.46615524839484,-0.003390746754362796,0.058944909861515,0.4211612778378566,7.286544007702474
15,20,50,0,1,1.3333333333333333,0.025,1394.5449978401055,1859.3933304534737,684,234,0.49145299145299143,0.4285714285714286,-0.0007827500091672153,0.12508956876444005,0.8554218881416344,326.6025708333332,-0.005453960189103124,0.1205384561210833,0.8243180082986483,308.4349750198348,-0.009964493966080573,0.11608009529703266,0.7938289242915789,290.89229305805156
15,20,50,0,1,2.0,0.025,1394.5449978401055,2789.089995680211,556,180,0.3277777777777778,0.3333333333333333,0.06931093014396889,-0.012152140375261493,-0.07722119361768731,-186.13301500000009,0.0655789673763204,-0.015920009365761035,-0.10116563464206552,-200.2307267884932,0.0619776223737586,-0.01961073136198464,-0.12461877618596451,-213.83502218424763
15,20,50,0,2,0.2,0.002,111.56359982720842,22.312719965441687,1138,526,0.6653992395437263,0.8333333333333334,-0.5157414969907217,-0.36717444354291473,-0.21895675488128652,-114.37361792,-0.6294059519821376,-0.48380849480634974,-0.2884617990095909,-153.60740404745394,-0.7394826594133037,-0.5987559723837557,-0.3569970904100964,-191.60280020973562
15,20,50,0,2,0.25,0.002,111.56359982720842,27.890899956802105,1138,524,0.6564885496183206,0.8,-0.4692243689662292,-0.3129926637438373,-0.19491653118535013,-103.48781195000001,-0.5779609322209728,-0.42424328139590994,-0.26417106973579013,-142.64684767471027,-0.6832503924635148,-0.533888456363841,-0.3324457706746969,-180.56448652277544
15,20,50,0,2,0.3333333333333333,0.002,111.56359982720842,37.187866609069474,1137,524,0.6259541984732825,0.75,-0.3869098225820356,-0.26627431103143673,-0.18024986451868347,-90.06317033333335,-0.48857091870054487,-0.36866314636965697,-0.24950440306912353,-129.22220605804364,-0.587009214133025,-0.46954459678082033,-0.3177791040080302,-167.1398449061088
15,20,50,0,2,0.5,0.002,111.56359982720842,55.78179991360421,1135,523,0.5793499043977055,0.6666666666666666,-0.278396291152083,-0.1855404342922079,-0.14389403658686561,-61.995722,-0.368247219406798,-0.2747656948968358,-0.2130257050988898,-101.12198451335459,-0.4552428119690498,-0.36265999375165314,-0.28117011080699705,-139.004869623302
15,20,50,0,2,0.75,0.002,111.56359982720842,83.67269987040632,1133,523,0.5086042065009561,0.5714285714285714,-0.19236764780934063,-0.1330362589840053,-0.1218940365868656,-43.720692400000004,-0.2693038204157697,-0.20854548610404233,-0.1910257050988898,-82.84695491335458,-0.34379507003752025,-0.2829397054909647,-0.25917011080699714,-120.72984002330202
15,20,50,0,2,1.0,0.002,111.56359982720842,111.56359982720842,1130,520,0.45384615384615384,0.5,-0.10496692532811193,-0.09918039962989715,-0.10283042918240307,-33.1639798,-0.1725710725772354,-0.16553804977922126,-0.17158961118818866,-72.18437697542362,-0.23801208802020324,-0.2309020627367257,-0.23934313120389772,-109.95623740194114
15,20,50,0,2,1.3333333333333333,0.002,111.56359982720842,148.7514664362779,1127,517,0.38684719535783363,0.4285714285714286,-0.09776219409368359,-0.09132670693128143,-0.10743341804547951,-42.05183680000002,-0.1570739467138373,-0.14948475343812911,-0.17582018394415433,-80.96671395118766,-0.21447483538526754,-0.20675739732275483,-0.243182818267465,-118.62785921059597
15,20,50,0,2,2.0,0.002,111.56359982720842,223.12719965441684,1121,513,0.31189083820662766,0.3333333333333333,-0.03961741039926519,-0.0509282722786022,-0.07269645454078826,-30.80265359999999,-0.08783873104329397,-0.09848650113051347,-0.14057205872988615,-69.4845278756693,-0.13450042763264963,-0.14531643970674796,-0.20741351212999914,-106.91531278268508
15,20,50,0,2,0.2,0.004,223.12719965441684,44.625439930883374,1127,516,0.7790697674418605,0.8333333333333334,-0.18338584465703536,-0.1372435522617097,-0.14117930742443519,-73.13011600000002,-0.2487210241010754,-0.20359432096076077,-0.2094081526405872,-111.79640895425324,-0.31197220503239415,-0.2689600779837775,-0.2766404917330984,-149.2293618045257
15,20,50,0,2,0.25,0.004,223.12719965441684,55.78179991360421,1124,513,0.7485380116959064,0.8,-0.1541919982271227,-0.12450617835327824,-0.13871625306318777,-63.5272955,-0.21509600882280533,-0.18544597175271707,-0.2065720587298861,-102.08669396376591,-0.2740439960143774,-0.24545156183765793,-0.2734135121299989,-139.4076996664335
15,20,50,0,2,0.3333333333333333,0.004,223.12719965441684,74.37573321813895,1122,512,0.697265625,0.75,-0.11971801595280224,-0.11997737760478264,-0.15069397178733226,-67.66343586666669,-0.1746212744863096,-0.17393320405062787,-0.21842669409298573,-106.18968990140365,-0.22775694818242,-0.22705530771336657,-0.28513785226229915,-143.4756091310225
15,20,50,0,2,0.5,0.004,223.12719965441684,111.56359982720842,1113,505,0.6396039603960396,0.6666666666666666,-0.06167498645808244,-0.06082965733717443,-0.08859223478113021,-30.359176399999996,-0.10837369347243099,-0.1067229780115397,-0.15540914163468317,-68.43409347088966,-0.15356234877129898,-0.15190870471463017,-0.22120823318840055,-105.27781812735088
15,20,50,0,2,0.75,0.004,223.12719965441684,167.34539974081264,1102,498,0.5602409638554217,0.5714285714285714,-0.039025979427532775,-0.026234620335577122,-0.04544140188137963,-22.107598700000004,-0.07772363317416006,-0.06431225294932782,-0.11139158917638071,-59.94033427272059,-0.1151491207799955,-0.10177496258301558,-0.17627861411450182,-96.52933745989998
15,20,50,0,2,1.0,0.004,223.12719965441684,223.12719965441684,1092,491,0.4908350305498982,0.5,-0.020979082030940198,-0.021551295318500474,-0.042363779879353636,-21.6850836,-0.05464031112461684,-0.054624573868522895,-0.10737403671807816,-58.83452028180129,-0.08720466281071253,-0.08717066176312165,-0.17134899504060325,-94.77341359077364
15,20,50,0,2,1.3333333333333333,0.004,223.12719965441684,297.5029328725558,1085,486,0.4279835390946502,0.4285714285714286,-0.015368224282609979,-0.003982069194866877,-0.00894657837387957,-7.464843866666712,-0.04457654785991709,-0.032632331046125736,-0.07331388020024293,-44.31027981276853,-0.07282890864952704,-0.06081789191772171,-0.1366373623687708,-79.94979698822517
15,20,50,0,2,2.0,0.004,223.12719965441684,446.2543993088337,1075,479,0.3465553235908142,0.3333333333333333,0.0014002839543004622,0.025495367212654933,0.06980900680334425,24.58198640000001,-0.022371908639725463,0.0023264904370475063,0.006370338924726285,-11.696278000907874,-0.04536775376132216,-0.020466576487995655,-0.05604107662820544,-46.78977415797958
15,20,50,0,2,0.2,0.008,446.2543993088337,89.25087986176675,1086,494,0.8421052631578947,0.8333333333333334,-0.03413330877481261,0.020328375380206036,0.035192795259843764,41.34338512000002,-0.07074878694710866,-0.017452087777020574,-0.030210130628779253,3.88079936419075,-0.10616513492083382,-0.054635586696430885,-0.09457597464370267,-32.354914037666134
15,20,50,0,2,0.25,0.008,446.2543993088337,111.56359982720842,1077,486,0.8106995884773662,0.8,0.0005940108725008637,0.02398425529743858,0.045716815636713565,60.74962100000001,-0.033157113954883646,-0.00978418496326063,-0.018647213533576276,23.781000836509826,-0.06579561628863642,-0.04300998896550566,-0.0819706957021045,-11.96893051104341
15,20,50,0,2,0.3333333333333333,0.008,446.2543993088337,148.7514664362779,1060,479,0.7620041753653445,0.75,0.010860372512210625,0.02533116516988311,0.05517848612309056,56.821145066666666,-0.018533607902473975,-0.003808943322778005,-0.008296327741940522,20.193767793334125,-0.04694775134115612,-0.03246277088719636,-0.07070774329487262,-15.212650015506242
15,20,50,0,2,0.5,0.008,446.2543993088337,223.12719965441684,1033,463,0.6825053995680346,0.6666666666666666,0.05758449858330926,0.031694338062722004,0.08206425109056938,66.4157312,0.03321920445747876,0.007993501963213552,0.020696173115131986,30.996500674455383,0.009666858948963276,-0.01530653167757773,-0.03963051874500892,-3.2409663832073043
15,20,50,0,2,0.75,0.008,446.2543993088337,334.6907994816253,1002,453,0.5982339955849889,0.5714285714285714,0.03992767502939232,0.05275310362291511,0.16420348977322086,90.57459239999997,0.02034519952592405,0.0334603333127949,0.10414981948413585,55.845908131605505,0.001419044956145709,0.014497708043115476,0.04512607993198913,22.2811810187208
15,20,50,0,2,1.0,0.008,446.2543993088337,446.2543993088337,985,441,0.5374149659863946,0.5,0.019988203345985382,0.07334653029033134,0.25833084247715465,121.18471199999999,0.0031483339416759955,0.056754197431975864,0.19989419512694023,87.57136407977566,-0.013134001200914628,0.04044003007655917,0.14243399834438678,55.07088661398656
15,20,50,0,2,1.3333333333333333,0.008,446.2543993088337,595.0058657451116,951,431,0.45243619489559167,0.4285714285714286,0.0018926660164617951,0.04651905440181732,0.18649743604176983,72.47512133333326,-0.01268851423217121,0.03226373924405617,0.12934784149594378,39.39635712275012,-0.02677986128110527,0.01825621757660945,0.07319059702138445,7.4288251059313595
15,20,50,0,2,2.0,0.008,446.2543993088337,892.5087986176674,919,405,0.3160493827160494,0.3333333333333333,0.002909311525780233,-0.038272480714340536,-0.1731703449786297,-150.59160960000003,-0.008984342449018527,-0.050140568906202346,-0.22687267794464702,-181.64996996060728,-0.020479115753998238,-0.061803040598167595,-0.2796422464184204,-211.66671774274442
15,20,50,0,2,0.2,0.015,836.7269987040631,167.34539974081264,994,448,0.8348214285714286,0.8333333333333334,0.030808178945959046,0.002096943197526552,0.006286556223494111,35.62904100000005,0.010113472237245177,-0.01772050533985878,-0.0531233573313625,1.141206024882436,-0.009881639131189333,-0.037191902804338595,-0.11149562072951177,-32.18074972399033
15,20,50,0,2,0.25,0.015,836.7269987040631,209.18174967601578,973,432,0.8148148148148148,0.8,0.023701465161596026,0.03634624526869763,0.11449668292732126,85.341484125,0.00538351389781815,0.01815908654530417,0.05720247685904309,52.113268934138134,-0.012316264422170592,0.0002904493628522902,0.000914937153685097,20.006400956488257
15,20,50,0,2,0.3333333333333333,0.015,836.7269987040631,278.90899956802104,939,420,0.7666666666666667,0.75,0.010536075283334079,0.0378529894919377,0.1346459825141331,80.47761599999986,-0.0051353780038020935,0.02219454350421417,0.07894685250184753,48.11629178167259,-0.02027606926027187,0.006809837309791842,0.024222855566082516,16.850983474726718
15,20,50,0,2,0.5,0.015,836.7269987040631,418.36349935203157,892,393,0.6972010178117048,0.6666666666666666,-0.012039410342083234,0.06513694651368462,0.2649728581326638,107.26323075000002,-0.02469410118468982,0.05232791153005999,0.2128716976981576,77.12621996999013,-0.03692442070674796,0.03974049661380496,0.16166567199397736,47.999844947199904
15,20,50,0,2,0.75,0.015,836.7269987040631,627.5452490280474,831,363,0.5674931129476584,0.5714285714285714,-0.022274341255148548,-0.00891329216997218,-0.04213423991038645,-120.01493437499997,-0.03261452300231581,-0.019094970205281045,-0.09026736319483158,-147.77657485351975,-0.042609904606178806,-0.029100114885343233,-0.1375645319750286,-174.61248521922226
15,20,50,0,2,1.0,0.015,836.7269987040631,836.7269987040631,796,327,0.46788990825688076,0.5,-0.04846044708500275,-0.0650958087469184,-0.3191177302663136,-243.52295700000005,-0.05745909550388437,-0.07395071123990699,-0.36253423626641845,-268.84280174207737,-0.06614989500012985,-0.08264170827175078,-0.4051407767378359,-293.29644007600035
15,20,50,0,2,1.3333333333333333,0.015,836.7269987040631,1115.6359982720842,752,306,0.4215686274509804,0.4285714285714286,-0.06383815030027123,-0.014885160189665759,-0.07884998652720066,-145.68696800000018,-0.07170970518048235,-0.022554885498607423,-0.11948157889151148,-169.40986131740783,-0.07931129915430435,-0.030081325774354902,-0.15935191951614006,-192.31916013162004
15,20,50,0,2,2.0,0.015,836.7269987040631,1673.4539974081263,691,267,0.30711610486891383,0.3333333333333333,-0.02005583268001453,-0.05732001573854455,-0.3182855719094718,-294.6843105,-0.02646398171712169,-0.06371664228608219,-0.35381235805239686,-315.70671415534173,-0.032645528000970765,-0.06998162193156605,-0.3886011846758472,-335.9857308325064
15,20,50,0,2,0.2,0.025,1394.5449978401055,278.9089995680211,884,394,0.850253807106599,0.8333333333333334,-0.035248470693206725,0.04617752245406215,0.19501087291035593,132.1559465000001,-0.04695149919501377,0.03379734680840949,0.1427263330612571,101.6144835933892,-0.05825326187790332,0.021640995522045008,0.09139001212627806,72.12020647482147
15,20,50,0,2,0.25,0.025,1394.5449978401055,348.63624946002636,844,373,0.8230563002680965,0.8,-0.038817958083577,0.05927585355984608,0.26403014190577845,153.31695000000002,-0.049309888524705685,0.04816281537580177,0.2145289904361646,124.39915727968088,-0.05944197341337267,0.03725184872997376,0.16592886934797368,96.47316860875023
15,20,50,0,2,0.3333333333333333,0.025,1394.5449978401055,464.8483326133684,799,346,0.7745664739884393,0.75,-0.06282856335636747,0.057797031197958385,0.2789483929302671,152.65230666666656,-0.07185840056572695,0.04828400099037518,0.2330371689658076,125.85943256980869,-0.08057927866113791,0.038943231112399196,0.18795501910920137,99.98328625543161
15,20,50,0,2,0.5,0.025,1394.5449978401055,697.2724989200527,721,299,0.6488294314381271,0.6666666666666666,-0.0658379730702944,-0.03800283342564645,-0.2037353522908157,-156.34377625000008,-0.07331160710171396,-0.045413037988128444,-0.24346402643320875,-179.7153042252958,-0.0805246832841768,-0.052679875735960814,-0.28242230044224104,-202.2720164054281
15,20,50,0,2,0.75,0.025,1394.5449978401055,1045.908748380079,647,258,0.5387596899224806,0.5714285714285714,-0.07698581007369741,-0.06598667437013227,-0.3720087702365217,-259.3943637499999,-0.08316146251511691,-0.07206020647648352,-0.40625407632029376,-279.34558496384625,-0.08912639925873504,-0.07802294816856141,-0.43987024586654866,-298.61606263845647
15,20,50,0,2,1.0,0.025,1394.5449978401055,1394.5449978401055,599,224,0.4642857142857143,0.5,-0.06560291555128091,-0.07194266081321748,-0.4027427085856101,-356.0267025,-0.07101455309924767,-0.07726791036040638,-0.4325616786656818,-373.74705191632256,-0.07623308281930607,-0.08248138977644599,-0.4617478103647558,-390.83507181034577
15,20,50,0,2,1.3333333333333333,0.025,1394.5449978401055,1859.3933304534737,554,193,0.41450777202072536,0.4285714285714286,-0.03490379688666781,-0.02889150099968692,-0.16065559509838884,-132.19678666666678,-0.0396115470317004,-0.033518961076009,-0.18638870825510362,-147.707763956594,-0.044146292860780416,-0.03804123410646894,-0.2115356877993957,-162.64873095856416
15,20,50,0,2,2.0,0.025,1394.5449978401055,2789.089995680211,451,162,0.32098765432098764,0.3333333333333333,0.012188949457156815,-0.026704200403884455,-0.15194057342002404,-238.5889625,0.008385580870087485,-0.030501306797921977,-0.17354907117785895,-251.52279158527705,0.0047202942922483565,-0.03421101445971174,-0.19465689856736812,-263.98705558206757
15,20,50,1,1,0.2,0.002,111.56359982720842,22.312719965441687,1552,702,0.6866096866096866,0.8333333333333334,-0.42088502968075836,-0.32818842087025485,-0.25669470616974355,-135.09478836000002,-0.5370580952560046,-0.446555827727226,-0.34924597510405475,-185.96601767052783,-0.6498096040402016,-0.5635084552388113,-0.44071322712526184,-235.33897542168359
15,20,50,1,1,0.25,0.002,111.56359982720842,27.890899956802105,1552,702,0.6695156695156695,0.8,-0.37775991099020156,-0.28867872245334086,-0.23849470616974355,-126.6053957,-0.48842131494640384,-0.40072444389115597,-0.33104597510405476,-177.47662501052784,-0.5958234928820264,-0.5114436987889978,-0.42251322712526185,-226.84958276168362
15,20,50,1,1,0.3333333333333333,0.002,111.56359982720842,37.187866609069474,1547,700,0.64,0.75,-0.3321228318223476,-0.2395588025335071,-0.21481164396118393,-111.82141086666668,-0.4344709701577682,-0.3424878926155591,-0.30708857916358745,-162.48991570505788,-0.5338133903220729,-0.4442083062992295,-0.39829524072319555,-211.6704086638687
15,20,50,1,1,0.5,0.002,111.56359982720842,55.78179991360421,1543,692,0.5751445086705202,0.6666666666666666,-0.25285548382037143,-0.1941001804565412,-0.199336291634729,-106.91050990000001,-0.34269782311792013,-0.28296561566483946,-0.29059232873505103,-157.18249262965202,-0.4298774707117104,-0.3707635169046905,-0.38075662844826375,-205.96454541767133
15,20,50,1,1,0.75,0.002,111.56359982720842,83.67269987040632,1533,687,0.5181950509461426,0.5714285714285714,-0.19036908014784573,-0.11413090354245171,-0.13723716573486258,-66.34864125000001,-0.26715712812159526,-0.1895200819180239,-0.2278655055505493,-116.4264440321248,-0.3416501890783662,-0.2639696025361974,-0.3173783291097648,-165.00755676603947
15,20,50,1,1,1.0,0.002,111.56359982720842,111.56359982720842,1529,685,0.47153284671532847,0.5,-0.1220627711432564,-0.06369492237990787,-0.08719444193084613,-35.27936340000001,-0.18965769191556844,-0.12973241526271645,-0.17757477627674856,-85.28733762247612,-0.2552248083699234,-0.19493822889302143,-0.2668270093743652,-133.79510465627578
15,20,50,1,1,1.3333333333333333,0.002,111.56359982720842,148.7514664362779,1521,677,0.413589364844904,0.4285714285714286,-0.08551726556823044,-0.03619881667045436,-0.05637282062386444,-8.804100066666702,-0.1445531598087349,-0.09360352451956748,-0.14574519251487908,-58.45189251105032,-0.2017984062287367,-0.1502555121704716,-0.2339550637661002,-106.5937924390755
15,20,50,1,1,2.0,0.002,111.56359982720842,223.12719965441684,1506,670,0.34328358208955223,0.3333333333333333,-0.01379660795171922,0.016255121082056165,0.031052173154059545,35.587197399999994,-0.06145147054122051,-0.03004712787192473,-0.05739430672324314,-13.473572068280674,-0.10766613750789976,-0.07574936644888564,-0.1446921113588682,-61.05165747031724
15,20,50,1,1,0.2,0.004,223.12719965441684,44.625439930883374,1520,680,0.7911764705882353,0.8333333333333334,-0.20171764642045903,-0.11048905038546437,-0.14670831709011525,-65.08933368,-0.26616213597481475,-0.1780899623543199,-0.23644795309224673,-114.80684562955203,-0.3286662125992906,-0.24482306476564644,-0.32504871003586616,-163.02737151100888
15,20,50,1,1,0.25,0.004,223.12719965441684,55.78179991360421,1515,675,0.7511111111111111,0.8,-0.17873347109613374,-0.11916911811856074,-0.17403979185958707,-76.696495,-0.2386952887391606,-0.18017941080998434,-0.26312112990774483,-126.07734898701105,-0.29684908361613227,-0.24040509317685516,-0.351070410697367,-173.969226960198
15,20,50,1,1,0.3333333333333333,0.004,223.12719965441684,74.37573321813895,1497,669,0.71898355754858,0.75,-0.15167286434933075,-0.07449999984769495,-0.1195856643577071,-40.721651733333346,-0.20573348329969776,-0.1295424408305519,-0.20791560875300935,-89.86817364898195,-0.25814747228624807,-0.18385241783105333,-0.2950831181578349,-137.51774386161765
15,20,50,1,1,0.5,0.004,223.12719965441684,111.56359982720842,1478,662,0.6450151057401813,0.6666666666666666,-0.10035665093562057,-0.049830150921336976,-0.09478949412052162,-20.184509000000006,-0.14649110626451625,-0.09580668268534889,-0.18223138962804009,-68.96964691193344,-0.1912097722165681,-0.14115478574300355,-0.26848683241726967,-116.25765042591682
15,20,50,1,1,0.75,0.004,223.12719965441684,167.34539974081264,1457,639,0.5633802816901409,0.5714285714285714,-0.058998591934777064,-0.019995880572398445,-0.044400439460208926,22.301521400000013,-0.0975624546435447,-0.058052511467711246,-0.12888800297933187,-25.19005524684948,-0.13491907075015908,-0.095553083795652,-0.21214665546017406,-71.19490207695854
15,20,50,1,1,1.0,0.004,223.12719965441684,223.12719965441684,1439,625,0.4976,0.5,-0.013128727977310238,-0.008068111704605719,-0.020187651491782976,25.544258000000013,-0.046751352755912766,-0.04110870669702594,-0.10285289806272672,-21.017958679112688,-0.07931560950739538,-0.07365681987518397,-0.18428741731237686,-66.11449676443621
15,20,50,1,1,1.3333333333333333,0.004,223.12719965441684,297.5029328725558,1422,614,0.4495114006514658,0.4285714285714286,0.011231754052832412,0.03924521782523512,0.1119703761686148,80.55106479999993,-0.01783132597926523,0.010776720071762802,0.030746112943177348,34.78613089009654,-0.045978544378459954,-0.017264265538557998,-0.04925515876767889,-9.536617709298646
15,20,50,1,1,2.0,0.004,223.12719965441684,446.2543993088337,1383,598,0.3411371237458194,0.3333333333333333,0.010312083154599755,0.014155224416722161,0.04820122281160319,95.80132400000001,-0.013364538161682612,-0.009083322040084527,-0.030928052866416894,51.145180733630994,-0.03629183563423097,-0.031966789711219204,-0.10884460088448197,7.902326655431615
15,20,50,1,1,0.2,0.008,446.2543993088337,89.25087986176675,1425,629,0.8330683624801272,0.8333333333333334,-0.07789674922688478,-0.004405025176451972,-0.009927488217244596,12.81076816000001,-0.11312843825948735,-0.041282532516080904,-0.09303435661032818,-33.62619963645859,-0.14727429031215372,-0.0776490854813988,-0.1749900567831761,-78.63198493062953
15,20,50,1,1,0.25,0.008,446.2543993088337,111.56359982720842,1409,622,0.8118971061093248,0.8,-0.06567240187495992,0.027033788486638132,0.06576589534726707,51.97958280000003,-0.09778598775873712,-0.006748396709862902,-0.016416804152025607,6.036122757329734,-0.12890865095947698,-0.04006271202899968,-0.09746043770927773,-38.48966886119534
15,20,50,1,1,0.3333333333333333,0.008,446.2543993088337,148.7514664362779,1381,599,0.7629382303839732,0.75,-0.053860735409569004,0.027515883237711317,0.07483431763503745,74.6936418666666,-0.08216742049663539,-0.00162040912668326,-0.0044067508366507566,29.930249256335827,-0.10957676483678438,-0.030319063032288967,-0.08245359408551566,-13.41411403155871
15,20,50,1,1,0.5,0.008,446.2543993088337,223.12719965441684,1329,564,0.675531914893617,0.6666666666666666,-0.01933037948799683,0.016608115138373812,0.05267347706585872,73.27209760000002,-0.042979365438914285,-0.006932418612141175,-0.021985655211804594,30.80157801545984,-0.06586573194420431,-0.03010385680409519,-0.09547216538268916,-10.299375695588225
15,20,50,1,1,0.75,0.008,446.2543993088337,334.6907994816253,1270,535,0.5869158878504673,0.5714285714285714,-0.005863208719698974,0.02954502767762055,0.10906551679090619,71.92480740000002,-0.02527486233602672,0.010356383443223127,0.038229919258306086,31.692644535004582,-0.044062420734562985,-0.008527314390343767,-0.03147802921939477,-7.24603241983975
15,20,50,1,1,1.0,0.008,446.2543993088337,446.2543993088337,1228,508,0.5196850393700787,0.5,-0.011101968619889014,0.037754737061306186,0.15347203830151845,118.82731919999998,-0.027932520693735984,0.021195055771396028,0.08615476445461598,80.35733778544778,-0.04421356908884318,0.0049115656113379235,0.019964787208499965,43.14336961488187
15,20,50,1,1,1.3333333333333333,0.008,446.2543993088337,595.0058657451116,1183,486,0.4588477366255144,0.4285714285714286,0.009083565632813316,0.05932052170217622,0.26844742255264076,182.2911263999999,-0.0054772332626691865,0.04508449773138082,0.20401945313309042,145.2520520090682,-0.01955607003753411,0.031091188052681778,0.14069597096456188,109.43897015929468
15,20,50,1,1,2.0,0.008,446.2543993088337,892.5087986176674,1122,460,0.33695652173913043,0.3333333333333333,0.04008449330108215,0.0065270103789120855,0.034096150683276705,-72.42286240000001,0.02834354322464437,-0.0051431766357086925,-0.02686773297416692,-107.35279172590054,0.016988191016599107,-0.016616434845498414,-0.0868035391419095,-141.1355475945015
15,20,50,1,1,0.2,0.015,836.7269987040631,167.34539974081264,1259,555,0.8324324324324325,0.8333333333333334,-0.014576234532603686,-0.004350594305309539,-0.016247393939482282,29.991303000000016,-0.03439965177172169,-0.02401354643991814,-0.08967737347970127,-11.545708162074462,-0.05359253275549597,-0.04337753985468729,-0.16199122657339068,-51.761524740975666
15,20,50,1,1,0.25,0.015,836.7269987040631,209.18174967601578,1217,527,0.7950664136622391,0.8,-0.008774917763612737,-0.01392787506409829,-0.05560560868939356,1.3881247500000384,-0.02661966928998325,-0.03139905375491561,-0.1253571636464914,-38.25891081197902,-0.04389017204232541,-0.04859818608236037,-0.1940227502777962,-76.6300943940817
15,20,50,1,1,0.3333333333333333,0.015,836.7269987040631,278.90899956802104,1170,495,0.7373737373737373,0.75,-0.008103157743461995,-0.030122956131077707,-0.13136804776881195,-54.274031500000085,-0.02359025495739175,-0.045162801465388695,-0.1969554952656797,-91.82654782785778,-0.03856974878825786,-0.059952063009523056,-0.26145163451140274,-128.14824703955327
15,20,50,1,1,0.5,0.015,836.7269987040631,418.36349935203157,1085,441,0.6439909297052154,0.6666666666666666,0.0003072045176755083,-0.04848416862050665,-0.2306197904843882,-87.44700599999997,-0.012401697305873812,-0.06078162978892455,-0.28910580487305976,-121.20238158105647,-0.02468605991779489,-0.07286206660329225,-0.34656600165561324,-153.83016323335627
15,20,50,1,1,0.75,0.015,836.7269987040631,627.5452490280474,1001,400,0.555,0.5714285714285714,0.011319610158407049,-0.03398531021444141,-0.1775620803373654,-109.04981887500006,0.0009232911612447982,-0.04414548675651103,-0.230645854760145,-139.90344296629408,-0.009120140934153014,-0.054120860286071985,-0.2827639470799215,-169.7097887067842
15,20,50,1,1,1.0,0.015,836.7269987040631,836.7269987040631,937,375,0.49066666666666664,0.5,0.032387960375129816,-0.01948158321289167,-0.10971115584104316,-92.98899599999999,0.02339365592565806,-0.028324742259110008,-0.1595117388376358,-122.0318640841648,0.01470718835219393,-0.03700101318016901,-0.2083724503874264,-150.080718030654
15,20,50,1,1,1.3333333333333333,0.015,836.7269987040631,1115.6359982720842,871,341,0.41642228739002934,0.4285714285714286,0.005682367835581434,-0.025341926970097912,-0.149316499486073,-166.2522155000002,-0.0020924070824580206,-0.03302158557471443,-0.19456934118302413,-192.51949541568874,-0.009604010606887857,-0.04056219441314804,-0.23900001488563316,-217.89764391154597
15,20,50,1,1,2.0,0.015,836.7269987040631,1673.4539974081263,774,299,0.3411371237458194,0.3333333333333333,0.0718005416020455,0.01585242665840609,0.10128964716091633,39.19631549999997,0.0655848718341326,0.0096306566805085,0.0615359735667915,15.84194853237701,0.05958558849740865,0.0035335115457373286,0.02257769955775893,-6.699381657312749
15,20,50,1,1,0.2,0.025,1394.5449978401055,278.9089995680211,1077,463,0.8336933045356372,0.8333333333333334,-0.0021935004552466864,-0.00018456404687963268,-0.0009555986717896398,-26.093990499999826,-0.014225082890048294,-0.012033305585918795,-0.06230382688486796,-61.286403422144225,-0.02586068275743498,-0.023684749075611383,-0.12263051874500833,-95.32056620570968
15,20,50,1,1,0.25,0.025,1394.5449978401055,348.63624946002636,1031,435,0.8137931034482758,0.8,0.024344388925064252,0.034352984216734724,0.18199594754783144,95.38701312499998,0.013351921979551873,0.02345631210052711,0.12426638294834202,61.89508780923384,0.002731172389764411,0.012757788461604793,0.06758795755058589,29.535713537580257
15,20,50,1,1,0.3333333333333333,0.025,1394.5449978401055,464.8483326133684,962,386,0.7487046632124352,0.75,0.04233997376241835,-0.0038538755157120474,-0.021536524952828623,-9.674795000000106,0.032757224198339936,-0.013023263068363712,-0.07277741651020701,-39.41849384383674,0.023499071204431846,-0.022023190399780936,-0.1230713755987907,-68.15468408439308
15,20,50,1,1,0.5,0.025,1394.5449978401055,697.2724989200527,846,337,0.6617210682492581,0.6666666666666666,0.024697607928812895,-0.011142681602888824,-0.06672258901509644,-21.217889999999976,0.016998442429826267,-0.018618566093897115,-0.11148788263542253,-47.358668165202445,0.009563623610734703,-0.025951486713946745,-0.1553973754148336,-72.60191686195147
15,20,50,1,1,0.75,0.025,1394.5449978401055,1045.908748380079,746,291,0.5601374570446735,0.5714285714285714,0.0478506594895045,-0.02329368606091084,-0.1474542147036993,-136.38918124999992,0.04157896183623756,-0.029390564253559175,-0.18605110933800578,-158.6115060343491,0.03551574561814405,-0.03538015526762699,-0.22396702150064213,-180.09512458315194
15,20,50,1,1,1.0,0.025,1394.5449978401055,1394.5449978401055,668,255,0.49019607843137253,0.5,0.038499547704918695,-0.020078213077571596,-0.12822378874016815,-151.78846249999998,0.03310786744138352,-0.0253774106114303,-0.16206798240959325,-171.29224830006208,0.02789601141951278,-0.030579990778743682,-0.19529326626344984,-190.14554050264562
15,20,50,1,1,1.3333333333333333,0.025,1394.5449978401055,1859.3933304534737,579,218,0.41743119266055045,0.4285714285714286,-0.021848212539366214,-0.022963258247330313,-0.14433368253962994,-107.54161333333334,-0.026539818783620706,-0.027580462311856572,-0.17335615751094596,-124.75847370558274,-0.03106454486754836,-0.03209951372824988,-0.20176051782522408,-141.36293135909062
15,20,50,1,1,2.0,0.025,1394.5449978401055,2789.089995680211,484,180,0.3055555555555556,0.3333333333333333,0.041449830299183865,-0.06049278525476876,-0.3772325232165375,-241.91945500000006,0.03768983773781734,-0.06433041764614517,-0.40116563464206545,-255.89104777537767,0.0340591133839312,-0.06809133398679668,-0.42461877618596444,-269.3822984425617
15,20,50,1,2,0.2,0.002,111.56359982720842,22.312719965441687,748,375,0.7013333333333334,0.8333333333333334,-0.40898105798275114,-0.30052372159732554,-0.1239018660313927,-72.11430244,-0.5255961252072409,-0.4201941671266802,-0.17331173883763612,-99.39688941712953,-0.6387424265845145,-0.5386569217708711,-0.22217245038742617,-125.8679439895503
15,20,50,1,2,0.25,0.002,111.56359982720842,27.890899956802105,747,374,0.6764705882352942,0.8,-0.3600547330619747,-0.27541594146731474,-0.12057867045401614,-71.87209035000001,-0.47128359786462976,-0.3878225675538113,-0.16986637420073572,-99.12307585650251,-0.5791914954011966,-0.49907916712344674,-0.21859679051972636,-125.56042696157239
15,20,50,1,2,0.3333333333333333,0.002,111.56359982720842,37.187866609069474,745,372,0.6505376344086021,0.75,-0.3041875298640278,-0.2190630888113164,-0.10371558246682787,-61.76451820000001,-0.4071616500052435,-0.32249779704692666,-0.1527423115936017,-88.87089273095786,-0.5070609523348154,-0.42483625126547475,-0.20121213745099348,-115.16786813228417
15,20,50,1,2,0.5,0.002,111.56359982720842,55.78179991360421,743,369,0.6043360433604336,0.6666666666666666,-0.21179611716109237,-0.13651391558154813,-0.07398364356510045,-42.925320400000004,-0.302074841218953,-0.22625134206947928,-0.12263955101623387,-69.92918219579357,-0.3896291891527865,-0.3149496832446524,-0.17071849118122734,-96.11813796471598
15,20,50,1,2,0.75,0.002,111.56359982720842,83.67269987040632,742,366,0.5519125683060109,0.5714285714285714,-0.1382592679006759,-0.0469003780508315,-0.029918207840097494,-14.17404745,-0.21500845304564875,-0.12259314557011383,-0.07820345710553282,-41.075415698761354,-0.28941700720515734,-0.1973497972616765,-0.125891511578128,-67.15636903425037
15,20,50,1,2,1.0,0.002,111.56359982720842,111.56359982720842,742,363,0.49586776859504134,0.5,-0.07027735509285254,-0.014966000559175803,-0.01088068783027808,0.6874978000000047,-0.13756789403882216,-0.08083796813987189,-0.0587673631948317,-25.982626207227078,-0.20280824664261668,-0.14589800852800264,-0.10606453197502859,-51.84017351585413
15,20,50,1,2,1.3333333333333333,0.002,111.56359982720842,148.7514664362779,739,358,0.4301675977653631,0.4285714285714286,-0.031407373102068516,-0.002563905475611406,-0.0021238564508419297,8.70173673333332,-0.08982381876781882,-0.059608414214383135,-0.04937387334366329,-17.71084352074609,-0.14644267313010365,-0.11592313248706153,-0.09601956596986293,-43.31065565746197
15,20,50,1,2,2.0,0.002,111.56359982720842,223.12719965441684,733,357,0.3277310924369748,0.3333333333333333,0.01244801580706797,-0.01666916380668528,-0.0167839944794401,-9.348420200000007,-0.03477441167403469,-0.06346132790393076,-0.06389517537342956,-35.633324544022805,-0.08055076865493914,-0.10966088631250948,-0.11041057276882976,-61.11331845035928
15,20,50,1,2,0.2,0.004,223.12719965441684,44.625439930883374,740,359,0.7855153203342619,0.8333333333333334,-0.14946944209082877,-0.12322584014276787,-0.08724976591832902,-65.98022416,-0.21623582458499832,-0.19001273667641957,-0.13458590464723028,-92.23428017632716,-0.2809907348579758,-0.25605259045418494,-0.18136189250422932,-117.6973796903296
15,20,50,1,2,0.25,0.004,223.12719965441684,55.78179991360421,736,357,0.7619047619047619,0.8,-0.1146125119521405,-0.0956584601035039,-0.0728076750028814,-57.01397940000001,-0.1768611851649388,-0.1574811867872465,-0.11989517537342947,-83.19685833801483,-0.23722136367949845,-0.21857872438950943,-0.16641057276882965,-108.58540342910527
15,20,50,1,2,0.3333333333333333,0.004,223.12719965441684,74.37573321813895,732,355,0.7267605633802817,0.75,-0.08603394612388077,-0.05772248564237332,-0.048762072329857936,-42.16722840000001,-0.1417117422893296,-0.1131543088048249,-0.09560444609962876,-68.28559027137031,-0.19568754648780068,-0.16789999188781315,-0.14185925303343008,-93.60555053281345
15,20,50,1,2,0.5,0.004,223.12719965441684,111.56359982720842,732,350,0.6571428571428571,0.6666666666666666,-0.015394834959741038,-0.024743042316127027,-0.024696480882123596,-25.051623200000005,-0.0626908263912646,-0.07100387384463393,-0.07087762291512695,-50.80089557512307,-0.10854121035234687,-0.11668843566270892,-0.1164809536949311,-75.76313844991738
15,20,50,1,2,0.75,0.004,223.12719965441684,167.34539974081264,721,339,0.5663716814159292,0.5714285714285714,0.022162440738650865,-0.014008605200981732,-0.016498803656267543,-2.2368252999999907,-0.0167941213691891,-0.05203075146621103,-0.06127861190922299,-27.43572438786906,-0.05453071410109025,-0.0895349075126856,-0.10544869515023318,-51.84549107977698
15,20,50,1,2,1.0,0.004,223.12719965441684,223.12719965441684,709,337,0.4807121661721068,0.5,0.02124640827372974,-0.041871440419366655,-0.05648398071422133,-33.4251664,-0.012358557099182202,-0.0748613123664873,-0.10098788263542224,-58.397323129064105,-0.04491874609118009,-0.10741098237670443,-0.1448973754148336,-82.59309698608868
15,20,50,1,2,1.3333333333333333,0.004,223.12719965441684,297.5029328725558,698,334,0.4221556886227545,0.4285714285714286,0.03180885924769852,-0.01584785504555828,-0.024437113431950166,-9.884067066666685,0.0028399162810955575,-0.04445725944515219,-0.06855178872472115,-34.6460583568807,-0.025227353315631033,-0.07267998042662932,-0.11207039581173411,-58.63731982939873
15,20,50,1,2,2.0,0.004,223.12719965441684,446.2543993088337,682,332,0.3433734939759036,0.3333333333333333,0.018659543693058278,0.018778253237690935,0.035577394244927354,22.573005999999992,-0.004922267612712309,-0.004360324228643564,-0.008261059450920413,-1.9491401409869287,-0.02777647063405726,-0.027192623051265383,-0.051519076076334464,-25.714664305284977
15,20,50,1,2,0.2,0.008,446.2543993088337,89.25087986176675,713,343,0.8134110787172012,0.8333333333333334,-0.03643353404151277,-0.05463578981192276,-0.07018044224749725,-66.62800304,-0.07290184885492046,-0.08987408657667739,-0.11546007045682441,-91.99799533837569,-0.10824124549107307,-0.12466175411250462,-0.16015133462103245,-116.58263066018152
15,20,50,1,2,0.25,0.008,446.2543993088337,111.56359982720842,712,338,0.7928994082840237,0.8,-0.008305229421630901,-0.020791377869206512,-0.02851751330295603,-33.228110799999996,-0.04175475302855007,-0.05331569081099486,-0.07313324727232262,-58.217134941850134,-0.07416989311371985,-0.08542163179555132,-0.11717303528253357,-82.43340563283851
15,20,50,1,2,0.3333333333333333,0.008,446.2543993088337,148.7514664362779,702,326,0.7392638036809815,0.75,0.022647690755255558,-0.027244471289944592,-0.04165441294260311,-43.141373066666674,-0.006895500155209068,-0.05540939685936286,-0.08472220496285165,-67.4769873753067,-0.03550446154303077,-0.0831894001142945,-0.1271984502034693,-91.04304874676788
15,20,50,1,2,0.5,0.008,446.2543993088337,223.12719965441684,676,316,0.6613924050632911,0.6666666666666666,0.02765085618602951,-0.0134575531772465,-0.02418709480513015,-26.44092360000001,0.003628047006624773,-0.03668452937448288,-0.06593522526051465,-49.95853627219439,-0.019640363463265434,-0.05959220684222821,-0.10710851819313787,-72.73761514019168
15,20,50,1,2,0.75,0.008,446.2543993088337,334.6907994816253,649,307,0.5635179153094463,0.5714285714285714,0.03013728213590899,-0.017835031949252185,-0.03807862275052257,-17.621908200000007,0.010645014131727191,-0.036826414131228995,-0.07862694352841126,-40.34684489344329,-0.008242745634823958,-0.055561467478332655,-0.11862757938383961,-62.36701950235781
15,20,50,1,2,1.0,0.008,446.2543993088337,446.2543993088337,627,303,0.5148514851485149,0.5,0.012984290784785234,0.028011564275948794,0.06798159642342166,34.85953599999999,-0.003813860864166689,0.01151842689124814,0.02795451501919026,12.401103410534871,-0.02008944836095404,-0.004748756246468714,-0.011524939913040374,-9.358682564093295
15,20,50,1,2,1.3333333333333333,0.008,446.2543993088337,595.0058657451116,615,293,0.45051194539249145,0.4285714285714286,0.042690644073924415,0.04261123348483318,0.11615254918943402,51.945287733333274,0.028211634278388804,0.02839734199563014,0.07740816138819376,30.00635718521216,0.014193660088801161,0.0143922140895324,0.03923165876395744,8.765998451181794
15,20,50,1,2,2.0,0.008,446.2543993088337,892.5087986176674,595,281,0.3274021352313167,0.3333333333333333,0.02611787214418806,-0.013777060166889133,-0.04367789406622248,-38.01997360000004,0.014340210240559797,-0.025500940288614864,-0.080847462969002,-59.089745676225135,0.002938747500847832,-0.037049415265506556,-0.11746042282364473,-79.48651230333459
15,20,50,1,2,0.2,0.015,836.7269987040631,167.34539974081264,680,312,0.8205128205128205,0.8333333333333334,-0.004216862866823294,-0.03525538817544914,-0.0760995379081049,-75.39459899999997,-0.02422562343918559,-0.05436425363364681,-0.11735376671291314,-98.88877945283014,-0.043589161639631314,-0.07319638650783296,-0.15800587872233857,-121.62534322154897
15,20,50,1,2,0.25,0.015,836.7269987040631,209.18174967601578,663,302,0.7847682119205298,0.8,-0.014106417478400416,-0.03870195445400965,-0.09021299952769297,-73.98842250000001,-0.031875726904202484,-0.05583316238510186,-0.1301501203439096,-96.72733861495644,-0.049072154860197795,-0.07271357722853009,-0.1694992800453406,-118.73315343860261
15,20,50,1,2,0.3333333333333333,0.015,836.7269987040631,278.90899956802104,640,294,0.7312925170068028,0.75,-0.008420744715729808,-0.04361104156481978,-0.113865532301795,-67.48913450000005,-0.02388468817916446,-0.058498160232514466,-0.1527372032487067,-89.502370055547,-0.03885626297554804,-0.07316961650678917,-0.19104400110374223,-110.81470887840771
15,20,50,1,2,0.5,0.015,836.7269987040631,418.36349935203157,606,277,0.6498194945848376,0.6666666666666666,-0.025280713413408044,-0.03646451592903996,-0.10860646735608245,-66.99113849999999,-0.03786193931402529,-0.04877238686831434,-0.14526600442140034,-87.91233664473556,-0.05003477064433447,-0.060890034158341974,-0.18135778335284555,-108.15441943186266
15,20,50,1,2,0.75,0.015,836.7269987040631,627.5452490280474,572,251,0.545816733067729,0.5714285714285714,0.010297273143758253,-0.05231660689294173,-0.17196342346031054,-145.374714375,-8.735433865905504e-05,-0.06243753900957765,-0.20523652386199098,-164.57777070868514,-0.01012543375668974,-0.07238685828317538,-0.23794062679265068,-183.13999692939674
15,20,50,1,2,1.0,0.015,836.7269987040631,836.7269987040631,546,237,0.4767932489451477,0.5,-0.02266659409666198,-0.04721345067001389,-0.16801527115982867,-110.45353349999998,-0.03164762792137064,-0.05604638938682838,-0.19945141894538582,-128.6096076775159,-0.04032811520010279,-0.06472374458029394,-0.2303313886448534,-146.1580964156434
15,20,50,1,2,1.3333333333333333,0.015,836.7269987040631,1115.6359982720842,525,224,0.41964285714285715,0.4285714285714286,-0.03930886280696413,-0.01878418531649247,-0.07283731807579835,-108.75625350000017,-0.047135698306657946,-0.02644903891205528,-0.10256167866568164,-125.97005434208594,-0.054698900196511926,-0.03397568183604139,-0.13174781036475608,-142.60403765060525
15,20,50,1,2,2.0,0.015,836.7269987040631,1673.4539974081263,492,201,0.30845771144278605,0.3333333333333333,-0.000491588827531414,-0.05432429848128907,-0.22750579158369288,-144.11900550000001,-0.006845587179236724,-0.060702699791083246,-0.25421829201697294,-159.70707744751954,-0.012981518039007685,-0.0669562377074616,-0.2804076334076603,-174.76017101362734
15,20,50,1,2,0.2,0.025,1394.5449978401055,278.9089995680211,620,279,0.8172043010752689,0.8333333333333334,-0.04127540723956785,-0.042776970998446656,-0.13863286634392985,-46.90943499999988,-0.0528947641280997,-0.05417064691986451,-0.17555673369520114,-68.01172968473551,-0.06413577150036043,-0.06538771234163299,-0.21190910308824476,-88.42689141858827
15,20,50,1,2,0.25,0.025,1394.5449978401055,348.63624946002636,596,266,0.7894736842105263,0.8,-0.04072333270793956,-0.02679183415260646,-0.09096652535884883,0.3414443750000018,-0.05117997300960716,-0.03715987033988485,-0.12616699341549653,-19.782945209044875,-0.061295926294718,-0.047367821705424404,-0.16082552480814746,-39.25166355934549
15,20,50,1,2,0.3333333333333333,0.025,1394.5449978401055,464.8483326133684,554,254,0.7283464566929134,0.75,-0.027396486146033534,-0.04946038517419405,-0.18664405460651765,-28.54632833333342,-0.03657885883614657,-0.05836895242503611,-0.2202559511060258,-47.73158338047729,-0.04546312512310499,-0.06713929350661024,-0.2533509397290834,-66.29398771476924
15,20,50,1,2,0.5,0.025,1394.5449978401055,697.2724989200527,521,227,0.6475770925110133,0.6666666666666666,-0.01408817931363818,-0.04058304064585133,-0.16540253299392732,-40.395360000000004,-0.0216724863460051,-0.047967620581530035,-0.19549777257638262,-57.83053544984255,-0.029001608005035845,-0.05522468100462596,-0.22507478996785524,-74.67907829932197
15,20,50,1,2,0.75,0.025,1394.5449978401055,1045.908748380079,480,205,0.551219512195122,0.5714285714285714,-0.0684661673776474,-0.04112202814762354,-0.18388480348926717,-76.5886181249999,-0.07463494308710118,-0.04719671845896812,-0.21104975056457453,-92.12778027204862,-0.08060189444243063,-0.053169949880318146,-0.23776027287845924,-107.15854634317017
15,20,50,1,2,1.0,0.025,1394.5449978401055,1394.5449978401055,442,188,0.4787234042553192,0.5,-0.0501990500244755,-0.04297841528915525,-0.20235442412169655,-89.86889000000005,-0.05559433093238108,-0.0482827020840092,-0.2273285517372686,-104.36145027055852,-0.06080670175147642,-0.05348534417869122,-0.25182405512756284,-118.36268570902327
15,20,50,1,2,1.3333333333333333,0.025,1394.5449978401055,1859.3933304534737,399,164,0.39634146341463417,0.4285714285714286,-0.09303733273420933,-0.06613062375634443,-0.31040437274145777,-66.01384416666677,-0.09778336484054549,-0.0707693672064087,-0.332173133784993,-78.54654970808255,-0.10237139686338532,-0.07532190097786019,-0.35354155163610124,-90.66202913774598
15,20,50,1,2,2.0,0.025,1394.5449978401055,2789.089995680211,354,135,0.2962962962962963,0.3333333333333333,-0.05530484397944787,-0.08117914449027609,-0.37671868969776645,-115.10250749999994,-0.05918877127857099,-0.0850386185181288,-0.3946242259815491,-125.29231510462881,-0.06294679873419555,-0.08882910315926286,-0.41221408213947336,-135.15181395631245
15,40,100,0,1,0.2,0.002,111.56359982720842,22.312719965441687,892,399,0.6766917293233082,0.8333333333333334,-0.46087990833178244,-0.3464909835220386,-0.15530809001578905,-97.76180632,-0.5759954660765579,-0.4638007724059118,-0.20800049012324484,-127.77279356534657,-0.6874083320957696,-0.5797234821613662,-0.25998828721222145,-156.81847745529691
15,40,100,0,1,0.25,0.002,111.56359982720842,27.890899956802105,891,399,0.656641604010025,0.8,-0.41803962908551273,-0.312857919272472,-0.14830809001578904,-91.65154790000001,-0.5278684459925139,-0.4238393419749684,-0.20100049012324478,-121.66253514534657,-0.6341646191843052,-0.5334633219732733,-0.25298828721222144,-150.70821903529693
15,40,100,0,1,0.3333333333333333,0.002,111.56359982720842,37.187866609069474,891,398,0.6407035175879398,0.75,-0.3604914394044831,-0.2379554956914451,-0.12128771165760546,-75.49982360000001,-0.4625921720198565,-0.3409842935376016,-0.17385512548634446,-105.47401113530401,-0.5613994784221559,-0.4426930788625663,-0.22571262734452166,-134.48133220045005
15,40,100,0,1,0.5,0.002,111.56359982720842,55.78179991360421,890,398,0.6005025125628141,0.6666666666666666,-0.2647051499004359,-0.14397964101354738,-0.08428771165760542,-55.935095000000004,-0.3546765086368712,-0.23372007510710038,-0.1368551254863444,-85.90928253530399,-0.4417456939637904,-0.3222818968590314,-0.18871262734452166,-114.91660360045006
15,40,100,0,1,0.75,0.002,111.56359982720842,83.67269987040632,888,398,0.542713567839196,0.5714285714285714,-0.21235284277848993,-0.06518332481451197,-0.04528771165760542,-32.74627484999999,-0.28939898562784466,-0.14083372994942137,-0.09785512548634442,-62.720462385304,-0.3639598790575682,-0.21546738226194456,-0.14971262734452173,-91.72778345045009
15,40,100,0,1,1.0,0.002,111.56359982720842,111.56359982720842,888,398,0.49246231155778897,0.5,-0.13478154966219694,-0.021692662923890306,-0.01728771165760542,-12.500524,-0.20262411690609386,-0.08765733901073189,-0.0698551254863444,-42.47471153530401,-0.2682783111226887,-0.15273045410406202,-0.12171262734452172,-71.48203260045007
15,40,100,0,1,1.3333333333333333,0.002,111.56359982720842,148.7514664362779,887,396,0.41919191919191917,0.4285714285714286,-0.07184520157621442,-0.024746021876218497,-0.02259162784025741,-24.761525133333357,-0.13081492007172146,-0.0820341843855181,-0.07489772954587706,-54.60818555575272,-0.18787921509532396,-0.13854738670679131,-0.12649464094245544,-83.49044375991872
15,40,100,0,1,2.0,0.002,111.56359982720842,223.12719965441684,886,395,0.3367088607594937,0.3333333333333333,-0.04847023446122288,0.002450289995210836,0.0027479040540593636,-2.749240799999992,-0.09684488974823921,-0.044067262971212814,-0.049419031575643334,-32.4611931090787,-0.14366336163089607,-0.08996037006992937,-0.10088564774142231,-61.21732988169155
15,40,100,0,1,0.2,0.004,223.12719965441684,44.625439930883374,885,393,0.811704834605598,0.8333333333333334,-0.2197699632053827,-0.06227728046350571,-0.045991328042475826,-21.17229656,-0.2836230119196144,-0.13261802170136427,-0.0979283023018426,-50.910630097872954,-0.3453948018535945,-0.2019630595347199,-0.14913432800602264,-79.67965725128877
15,40,100,0,1,0.25,0.004,223.12719965441684,55.78179991360421,883,393,0.7888040712468194,0.8,-0.18686007320412823,-0.03385711577680727,-0.02719132804247584,-10.361230499999998,-0.24669025314354134,-0.09853458888367125,-0.07912830230184255,-40.09956403787292,-0.30457029773577254,-0.16229893797688555,-0.13033432800602257,-68.86859119128877
15,40,100,0,1,0.3333333333333333,0.004,223.12719965441684,74.37573321813895,881,393,0.7353689567430025,0.75,-0.1567343712073771,-0.03872850890200416,-0.03585799470914252,-17.48928226666667,-0.2107857434320889,-0.09483137967328982,-0.08779496896850923,-47.22761580453961,-0.2630753377105228,-0.15014136066838632,-0.13900099467268923,-75.99664295795543
15,40,100,0,1,0.5,0.004,223.12719965441684,111.56359982720842,878,391,0.6675191815856778,0.6666666666666666,-0.09599008036906811,-0.002844459128590735,-0.0031482697249899383,14.638501399999997,-0.14226426081342852,-0.04955402896858881,-0.0548375730280418,-15.030614647548362,-0.18702105386399798,-0.09559092364547904,-0.10578300827062304,-43.726843822910965
15,40,100,0,1,0.75,0.004,223.12719965441684,167.34539974081264,876,387,0.5710594315245479,0.5714285714285714,-0.06616802740851493,-0.004545115451652128,-0.0061022656267396315,5.994639799999989,-0.10475655973277138,-0.04264929155324273,-0.057256114480440434,-23.3479232040567,-0.14208187336543987,-0.08020962451221256,-0.10768036879982372,-51.72993985371053
15,40,100,0,1,1.0,0.004,223.12719965441684,223.12719965441684,872,384,0.5,0.5,-0.05315845236384812,-0.0032832078680407593,-0.005050044710630301,14.688656400000003,-0.08686073772770576,-0.0362938091603889,-0.05582002056973931,-14.455373708618245,-0.11945738574397698,-0.06882517539896756,-0.10585338919672434,-42.64330461507885
15,40,100,0,1,1.3333333333333333,0.004,223.12719965441684,297.5029328725558,871,381,0.44881889763779526,0.4285714285714286,-0.037956523306413824,0.03783748582160485,0.06701606695802319,62.52957439999997,-0.06728472630823872,0.009382384606043608,0.01661607334096181,33.48656299788092,-0.09564172419422735,-0.018648598294293526,-0.033026409593624836,5.4053125755011
15,40,100,0,1,2.0,0.004,223.12719965441684,446.2543993088337,865,378,0.36772486772486773,0.3333333333333333,-0.005151656714318425,0.06896647660471111,0.15104962143788264,95.6983232,-0.02898387121863633,0.0461405546417099,0.10105216725166297,66.9458218414839,-0.052030495982049174,0.023652209507209254,0.051800570009474606,39.14109938486199
15,40,100,0,1,0.2,0.008,446.2543993088337,89.25087986176675,869,376,0.848404255319149,0.8333333333333334,-0.07301243182206643,0.03818812899711512,0.04949514274884696,2.652896800000015,-0.10845752367007228,-0.0001983470085172969,-0.0002571034745364256,-26.005570722645658,-0.14272914613209917,-0.03799332296791,-0.049248110255125946,-53.71525147303227
15,40,100,0,1,0.25,0.008,446.2543993088337,111.56359982720842,865,375,0.8293333333333334,0.8,-0.050004180222768764,0.07440793335376994,0.10510471701322428,33.38422520000001,-0.08253360261275569,0.03927815695679241,0.055488261162363994,4.810854788007054,-0.1139867968992079,0.00469140550574983,0.0066275496125737104,-22.817172547142196
15,40,100,0,1,0.3333333333333333,0.008,446.2543993088337,148.7514664362779,861,367,0.773841961852861,0.75,-0.035797673707398996,0.05399543544506438,0.08854019770179508,19.95189733333332,-0.06441018782102113,0.024382170633227247,0.03998451159090013,-7.979401563117555,-0.09207841409601365,-0.004776999142222658,-0.007833838112494586,-34.98889450570121
15,40,100,0,1,0.5,0.008,446.2543993088337,223.12719965441684,843,360,0.6638888888888889,0.6666666666666666,-0.034187085555039076,-0.008158366050365016,-0.016670542420365156,-51.86061879999998,-0.05774208622862896,-0.03148076029700309,-0.0643312692841306,-79.39026137948906,-0.08051178415476327,-0.054434534888150796,-0.11123755237192923,-106.00209018967588
15,40,100,0,1,0.75,0.008,446.2543993088337,334.6907994816253,825,354,0.5706214689265536,0.5714285714285714,0.009690369960911115,-0.0034848340613763745,-0.008560846349639623,-22.962142200000002,-0.009795008312292344,-0.02257526617735597,-0.05545908146272828,-50.21240490490136,-0.028621737437305995,-0.041350786823070924,-0.10158359316573036,-76.54154808792937
15,40,100,0,1,1.0,0.008,446.2543993088337,446.2543993088337,810,350,0.52,0.5,0.0036176403674177925,0.038361801078256645,0.10747729998041848,18.48201519999998,-0.013224298642008397,0.021815672719170922,0.061122377084873204,-8.359924934340029,-0.029501344214204344,0.005539025987731555,0.015519046305068833,-34.30156280443758
15,40,100,0,1,1.3333333333333333,0.008,446.2543993088337,595.0058657451116,794,344,0.47093023255813954,0.4285714285714286,0.0006784025461971168,0.08336109968304539,0.2675746213892517,102.34366773333329,-0.013905937346813425,0.0691592391757237,0.22199456490627528,75.88803261272247,-0.02799825102807734,0.055195721880888206,0.1771730055112674,50.324920981226654
15,40,100,0,1,2.0,0.008,446.2543993088337,892.5087986176674,772,331,0.3564954682779456,0.3333333333333333,0.019981777755442,0.04717378221293642,0.1797624315727057,69.12483599999997,0.008154076108914566,0.035659087371693994,0.13588430518597988,43.612418212771274,-0.0032727653112629655,0.02434140661932321,0.09275658379136519,18.96465814811261
15,40,100,0,1,0.2,0.015,836.7269987040631,167.34539974081264,810,346,0.815028901734104,0.8333333333333334,-0.01787625208121831,-0.048940232515709836,-0.11850774262041447,-133.44067080000002,-0.03766076617104388,-0.06784406732753309,-0.1642961643675255,-159.75657404323943,-0.05679325046394629,-0.08646018305924083,-0.20937831422413183,-185.20519528149066
15,40,100,0,1,0.25,0.015,836.7269987040631,209.18174967601578,797,332,0.7680722891566265,0.8,-0.03082649805859842,-0.07716500444616713,-0.2030274552934377,-201.26255962500002,-0.048404166252382634,-0.09387384975068226,-0.2470110594509205,-226.68773409060807,-0.06539402498604083,-0.11031358553511786,-0.2902690760763347,-251.26267302375112
15,40,100,0,1,0.3333333333333333,0.015,836.7269987040631,278.90899956802104,781,321,0.7258566978193146,0.75,-0.023804006337213707,-0.0554723057351373,-0.15909951107873255,-180.8046870000001,-0.039171690001649835,-0.07030680380500053,-0.20166204844501645,-205.60551365550063,-0.054015979105028596,-0.08488845591573085,-0.24348681753163692,-229.56167054393293
15,40,100,0,1,0.5,0.015,836.7269987040631,418.36349935203157,747,305,0.659016393442623,0.6666666666666666,-0.006644393843513311,-0.017296101215391827,-0.05635376649812643,-171.90738825,-0.0193332309228365,-0.029718539215908647,-0.09683621425461053,-195.60436212424415,-0.03158497783989615,-0.04191455603223396,-0.13657625964844,-218.48505046411663
15,40,100,0,1,0.75,0.015,836.7269987040631,627.5452490280474,705,279,0.5842293906810035,0.5714285714285714,0.0024712808336690953,0.024956508983221905,0.09023927698722584,-51.451418625,-0.00791259823531563,0.01471041248047446,0.05319326630479887,-73.07944697792216,-0.017940409916906735,0.004657291370180664,0.016840896911754805,-93.9658415445744
15,40,100,0,1,1.0,0.015,836.7269987040631,836.7269987040631,676,262,0.5190839694656488,0.5,-0.009562587211504782,0.03729226156281871,0.14672869450294412,9.438291000000007,-0.018553708411598414,0.02844329135736131,0.11191446513210512,-10.955224630879286,-0.02723397185652384,0.019767213565050238,0.07777711466265133,-30.64365773112391
15,40,100,0,1,1.3333333333333333,0.015,836.7269987040631,1115.6359982720842,642,249,0.46586345381526106,0.4285714285714286,0.02090549427318791,0.07389424266488609,0.3218824422819406,113.03205149999991,0.013142452703034248,0.06629897594307305,0.2888042054118093,93.66926329537523,0.0056472876775409036,0.05885112160996891,0.25636069294274877,74.97462001208993
15,40,100,0,1,2.0,0.015,836.7269987040631,1673.4539974081263,589,223,0.32286995515695066,0.3333333333333333,0.012641692675266368,-0.022925730447417178,-0.10780998027120334,-162.13852349999993,0.006318893708850588,-0.029221002752749255,-0.13741631402878085,-179.30622872341448,0.00020986005414158732,-0.035399604496098844,-0.166472150497056,-195.8935169704447
15,40,100,0,1,0.2,0.025,1394.5449978401055,278.9089995680211,736,299,0.7892976588628763,0.8333333333333334,-0.030504351636731476,-0.10886213310159608,-0.39886847156690824,-327.31498999999997,-0.042240032503428636,-0.11966274872626234,-0.4384640264332085,-350.1120093982032,-0.053586913662972115,-0.13029498734222061,-0.47742230044224077,-372.1537701482994
15,40,100,0,1,0.25,0.025,1394.5449978401055,348.63624946002636,706,289,0.7716262975778547,0.8,-0.017612853422083203,-0.06845887070887012,-0.2599797603046334,-231.236596875,-0.028252198904005175,-0.07853594402609906,-0.29826038006420497,-253.2559962932842,-0.03853958324246386,-0.08845109345614025,-0.3359157017652429,-274.54696998173347
15,40,100,0,1,0.3333333333333333,0.025,1394.5449978401055,464.8483326133684,665,273,0.7289377289377289,0.75,0.00013296712005840536,-0.048165849542660205,-0.19517928092286096,-240.54327750000013,-0.00920065593597612,-0.05708917475678315,-0.23135121254046592,-261.3436044480953,-0.01822551273961594,-0.06586672151608923,-0.266921810548713,-281.45583429158387
15,40,100,0,1,0.5,0.025,1394.5449978401055,697.2724989200527,602,243,0.6378600823045267,0.6666666666666666,-0.005281825000993034,-0.060517380912523094,-0.2655817143297183,-288.1682850000001,-0.012889461725453228,-0.06786177456268525,-0.29782360676678843,-306.80792929787924,-0.020241826624604546,-0.07507618566678853,-0.3294853478510521,-324.822126272843
15,40,100,0,1,0.75,0.025,1394.5449978401055,1045.908748380079,554,219,0.589041095890411,0.5714285714285714,0.015692478993891708,0.03512911436840791,0.1659738995803378,-42.14324749999987,0.009453978146838378,0.028977673268435436,0.13691514451882045,-59.0062065850004,0.0034264751711913745,0.02293840034418326,0.10838048897374361,-75.29882857142896
15,40,100,0,1,1.0,0.025,1394.5449978401055,1394.5449978401055,506,196,0.5,0.5,-0.0004173835581972736,-0.0005007888465826387,-0.0024600968146999136,-108.80722499999999,-0.005808836996630024,-0.005799733381577183,-0.02849146883247161,-123.99792697921043,-0.0110154936724967,-0.010998230179981819,-0.05402933406916138,-138.66795441696001
15,40,100,0,1,1.3333333333333333,0.025,1394.5449978401055,1859.3933304534737,469,170,0.4294117647058823,0.4285714285714286,0.016812234512508406,0.0012552405014821886,0.00617966702432457,-117.35041083333343,0.012157342183402068,-0.003326848574516925,-0.01637865493972862,-130.40903695574465,0.007659106778841427,-0.007826016897918417,-0.038528844175633514,-143.02818476963785
15,40,100,0,1,2.0,0.025,1394.5449978401055,2789.089995680211,401,135,0.3111111111111111,0.3333333333333333,0.05845740867138274,-0.048187812209991715,-0.22671341371149017,-163.73313750000003,0.05472150380938388,-0.05199452279108147,-0.24462422598154912,-174.05822457560447,0.05111018812307118,-0.055733221087316556,-0.26221408213947345,-184.03897898344707
15,40,100,0,2,0.2,0.002,111.56359982720842,22.312719965441687,487,219,0.6484018264840182,0.8333333333333334,-0.550327233013536,-0.398311296372524,-0.10012752480281015,-62.76587844,-0.6633379156055814,-0.5129941972895978,-0.1290348554811795,-79.21510850153555,-0.7727248914082241,-0.6264372872337503,-0.15756951102625688,-95.136891198917
15,40,100,0,2,0.25,0.002,111.56359982720842,27.890899956802105,487,219,0.639269406392694,0.8,-0.5100529685852865,-0.3452207488924493,-0.09092752480281016,-56.81889715,-0.6181803172685455,-0.4547490219600131,-0.11983485548117946,-73.26812721153556,-0.7228405440960942,-0.5630322643354151,-0.1483695110262569,-89.189909908917
15,40,100,0,2,0.3333333333333333,0.002,111.56359982720842,37.187866609069474,487,219,0.6255707762557078,0.75,-0.4488523375032242,-0.26694834589465394,-0.07559419146947684,-47.76008100000001,-0.5498866035133838,-0.3688865865288547,-0.10450152214784617,-64.20931106153557,-0.6476811885720976,-0.4696128866387063,-0.13303617769292356,-80.13109375891699
15,40,100,0,2,0.5,0.002,111.56359982720842,55.78179991360421,487,219,0.5844748858447488,0.6666666666666666,-0.34220427121252533,-0.17548433483646425,-0.05692752480281016,-38.4716169,-0.4318533254946369,-0.2644983297733359,-0.08583485548117945,-54.92084696153556,-0.5186277675789058,-0.35242727996519957,-0.11436951102625688,-70.84262965891699
15,40,100,0,2,0.75,0.002,111.56359982720842,83.67269987040632,487,219,0.502283105022831,0.5714285714285714,-0.23378109042966966,-0.14561714892569388,-0.05592752480281016,-34.807624249999996,-0.3108967500746554,-0.2208527838063821,-0.08483485548117947,-51.25685431153556,-0.38553968295598157,-0.2951377940930402,-0.11336951102625692,-67.178637008917
15,40,100,0,2,1.0,0.002,111.56359982720842,111.56359982720842,486,219,0.4429223744292237,0.5,-0.17645133503325977,-0.12137448202539095,-0.052927524802810155,-35.63877780000001,-0.24466581298528742,-0.18763711003753214,-0.08183485548117947,-52.08800786153556,-0.310692982081013,-0.2530635138713623,-0.11036951102625693,-68.00979055891699
15,40,100,0,2,1.3333333333333333,0.002,111.56359982720842,148.7514664362779,485,219,0.3972602739726027,0.4285714285714286,-0.12353342641091963,-0.06968901293224575,-0.034927524802810174,-23.858853666666676,-0.183179656415975,-0.12735344458414213,-0.06383485548117951,-40.30808372820225,-0.24091331989480344,-0.18428138224915352,-0.09236951102625691,-56.22986642558367
15,40,100,0,2,2.0,0.002,111.56359982720842,223.12719965441684,485,218,0.3073394495412844,0.3333333333333333,-0.09769781193516429,-0.06104658304399698,-0.03692132865123988,-29.020020599999995,-0.1470400079503534,-0.10859764074655945,-0.06568949084427911,-45.334487832945555,-0.194812955932292,-0.15555563170371473,-0.09409385115855712,-61.13010005564897
15,40,100,0,2,0.2,0.004,223.12719965441684,44.625439930883374,487,219,0.7945205479452054,0.8333333333333334,-0.21922927213788973,-0.10274267868123012,-0.04372752480281015,-33.935182319999996,-0.28303661637192484,-0.17061968968452917,-0.07263485548117947,-50.38441238153555,-0.3447979672431086,-0.23764775826267268,-0.1011695110262569,-66.30619507891697
15,40,100,0,2,0.25,0.004,223.12719965441684,55.78179991360421,487,219,0.771689497716895,0.8,-0.19370849431793308,-0.07367053869882606,-0.03392752480281016,-33.13720879999999,-0.2532607191053333,-0.1363981409543999,-0.06283485548117942,-49.58643886153554,-0.31090339165982533,-0.19833946220544482,-0.09136951102625682,-65.50822155891697
15,40,100,0,2,0.3333333333333333,0.004,223.12719965441684,74.37573321813895,486,218,0.7339449541284404,0.75,-0.1395740736578326,-0.041928917319538135,-0.021585426184097388,-29.724085866666677,-0.19395436401348443,-0.09778708212868607,-0.05035615751094575,-46.07981114499813,-0.24659532005336982,-0.1529457688148443,-0.07876051782522371,-61.91240434643555
15,40,100,0,2,0.5,0.004,223.12719965441684,111.56359982720842,485,217,0.6497695852534562,0.6666666666666666,-0.11910993173524598,-0.04000065174242209,-0.024898279339171256,-28.074907999999997,-0.1650707310749257,-0.08600847383522114,-0.05354412620737871,-44.39404635304437,-0.2095537303171256,-0.1314253917905017,-0.08181819129085728,-60.18846745583639
15,40,100,0,2,0.75,0.004,223.12719965441684,167.34539974081264,484,217,0.5529953917050692,0.5714285714285714,-0.08401725398316529,-0.04082278891657234,-0.030898279339171244,-31.311999199999995,-0.12251548258665428,-0.07866135170290389,-0.059544126207378756,-47.63113755304437,-0.15977585878547607,-0.11601308258323183,-0.08781819129085722,-63.42555865583639
15,40,100,0,2,1.0,0.004,223.12719965441684,223.12719965441684,484,216,0.49537037037037035,0.5,-0.07720871686212677,-0.012579802014338925,-0.010892083187600987,-33.27686159999999,-0.11091412050598269,-0.045496689850275024,-0.03939876157047836,-49.461237124454385,-0.14354464807967368,-0.07799640093673478,-0.06754253142315744,-65.12948775256837
15,40,100,0,2,1.3333333333333333,0.004,223.12719965441684,297.5029328725558,483,214,0.42990654205607476,0.4285714285714286,-0.07432713830803307,-0.00018644661963533338,-0.000184777114310343,-18.813856666666673,-0.10382602105510023,-0.028696091925280675,-0.028441365630010956,-34.92437322247669,-0.13237418727389116,-0.05682899838921056,-0.056324545021091126,-50.515665558847516
15,40,100,0,2,2.0,0.004,223.12719965441684,446.2543993088337,482,214,0.32242990654205606,0.3333333333333333,-0.0360549790465983,-0.025644621834359886,-0.030851443780976963,-37.48540840000002,-0.06013334536221746,-0.04912919232372659,-0.05910803229667764,-53.59592495580999,-0.0834356924290254,-0.07230502866396529,-0.08699121168775775,-69.18721729218083
15,40,100,0,2,0.2,0.008,446.2543993088337,89.25087986176675,480,212,0.7971698113207547,0.8333333333333334,-0.05616690305454549,-0.09315823686845016,-0.07640514569043506,-65.92826799999997,-0.09207494130796023,-0.12729078235249305,-0.10441730302287691,-81.97440616702909,-0.1268119249095172,-0.16096432929963692,-0.13203989195235827,-97.49723797540285
15,40,100,0,2,0.25,0.008,446.2543993088337,111.56359982720842,479,212,0.7783018867924528,0.8,-0.048955175151131444,-0.05529822766509322,-0.04880514569043505,-48.25846339999999,-0.08147733270509423,-0.08702448293743216,-0.07681730302287688,-64.3046015670291,-0.11293885799551673,-0.11831745241678857,-0.10443989195235831,-79.82743337540288
15,40,100,0,2,0.3333333333333333,0.008,446.2543993088337,148.7514664362779,478,212,0.7264150943396226,0.75,0.00010411417456097533,-0.05556362313489027,-0.05613847902376842,-57.931314400000005,-0.029066918538561644,-0.08327748883267257,-0.08415063635621028,-73.97745256702912,-0.05728660789738835,-0.11061346560849916,-0.1117732252856917,-89.5002843754029
15,40,100,0,2,0.5,0.008,446.2543993088337,223.12719965441684,475,209,0.645933014354067,0.6666666666666666,-0.0181469555856217,-0.04556479354147551,-0.05477150721123754,-83.59229639999998,-0.041792187658296995,-0.06852084279702336,-0.08238120911217583,-99.35720905000377,-0.06467205874009277,-0.09117090191502654,-0.10961291234925893,-114.61183492718796
15,40,100,0,2,0.75,0.008,446.2543993088337,334.6907994816253,469,205,0.551219512195122,0.5714285714285714,-0.0015346783009547267,-0.04242591611171414,-0.060701374782022116,-88.910531,-0.020959197704967715,-0.061357868480635076,-0.0877997505645743,-104.47871806048903,-0.03974563408021706,-0.08002421667235435,-0.11451027287845966,-119.53550014125612
15,40,100,0,2,1.0,0.008,446.2543993088337,446.2543993088337,463,203,0.4729064039408867,0.5,0.02673504693678817,-0.055775824154209126,-0.09066110334841548,-106.92720880000003,0.009900372791450472,-0.07228553287083245,-0.11750902129077352,-122.42074818693425,-0.0063753499335459,-0.08855617658259192,-0.14395895314306006,-137.39986503312443
15,40,100,0,2,1.3333333333333333,0.008,446.2543993088337,595.0058657451116,453,199,0.37185929648241206,0.4285714285714286,0.04695770947345428,-0.11850483890708584,-0.21326896293661973,-188.9641568,0.032470502186490405,-0.13312044851653143,-0.2395942294098388,-204.12507640846746,0.018462464718912233,-0.14752666757137148,-0.2655229803389276,-218.78454290960963
15,40,100,0,2,2.0,0.008,446.2543993088337,892.5087986176674,445,191,0.2670157068062827,0.3333333333333333,0.03515110587601001,-0.15073589700483842,-0.30646901771251406,-234.1595688,0.023387070465016913,-0.16316607740766043,-0.33176464564796937,-248.88340212336368,0.01202185829287418,-0.1754055204608317,-0.35665103473066256,-263.1080694132053
15,40,100,0,2,0.2,0.015,836.7269987040631,167.34539974081264,465,206,0.8349514563106796,0.8333333333333334,0.031015524252092135,0.0023716893238440104,0.00327221711580232,-42.99713999999996,0.010361017824286316,-0.017353379484881807,-0.023945115201474673,-58.50951334681493,-0.009627424791973212,-0.036805317327665864,-0.05078593274615949,-73.52164571456692
15,40,100,0,2,0.25,0.015,836.7269987040631,209.18174967601578,462,202,0.801980198019802,0.8,0.011653365124132103,0.003182838066732741,0.00481523933163143,-63.61483087500004,-0.0064517138361933615,-0.01444961805464052,-0.02186365665387338,-78.75916149438845,-0.023978648723478824,-0.03184417846775595,-0.048183293275360195,-93.41989273224738
15,40,100,0,2,0.3333333333333333,0.015,836.7269987040631,278.90899956802104,456,195,0.7538461538461538,0.75,-0.0012425530522293953,0.007372216017188742,0.012415958293442303,-45.46442550000005,-0.016766847454498034,-0.00792371394638756,-0.013346104195570807,-60.082251610576215,-0.031795538788555094,-0.023008439335112516,-0.038753674201461655,-74.23341306746434
15,40,100,0,2,0.5,0.015,836.7269987040631,418.36349935203157,441,188,0.7074468085106383,0.6666666666666666,0.013478044968725273,0.08812714144770173,0.17003538142669714,60.72169574999999,0.0007286212955513598,0.075237335149485,0.14517144826273193,46.510451317304835,-0.011606180168877532,0.06254216388622429,0.12067594487243694,32.76136876005969
15,40,100,0,2,0.75,0.015,836.7269987040631,627.5452490280474,429,168,0.5892857142857143,0.5714285714285714,0.06032459623571447,0.03519932751764733,0.07659485316204187,42.831832499999976,0.049843381636259086,0.02496673693140395,0.0543287410007391,29.884740284147718,0.03971729044387044,0.014907386317616511,0.03243914222643296,17.37632008055809
15,40,100,0,2,1.0,0.015,836.7269987040631,836.7269987040631,414,162,0.5061728395061729,0.5,0.06700570930514621,0.011456329456455947,0.027922188828680514,-18.44561999999999,0.058004668632985264,0.002646698714047754,0.006450928822141336,-30.936398270173633,0.0493089061308153,-0.006013458783956181,-0.014656898567368251,-43.00354086632183
15,40,100,0,2,1.3333333333333333,0.015,836.7269987040631,1115.6359982720842,402,158,0.4430379746835443,0.4285714285714286,0.06774079805484362,0.028304623738909525,0.07799798724228463,7.375233999999914,0.06001650245523088,0.020695905552889565,0.05703238736974245,-4.929321057628222,0.05255953340931329,0.013225425873416264,0.036445740903430945,-16.808033492341536
15,40,100,0,2,2.0,0.015,836.7269987040631,1673.4539974081263,377,143,0.3356643356643357,0.3333333333333333,0.05652023681898984,0.004325608795089881,0.0131904507577848,-22.295841000000035,0.050283534939919224,-0.001897778132113981,-0.005787143076751836,-33.4164237377564,0.04426206354146377,-0.008007842357660215,-0.024419361081071872,-44.15323177956334
15,40,100,0,2,0.2,0.025,1394.5449978401055,278.9089995680211,434,186,0.8279569892473119,0.8333333333333334,-0.011163454983211772,-0.015386139956903359,-0.03248877737668113,-66.38419299999995,-0.02306897037366404,-0.027010692879218777,-0.05703782246346749,-80.16818832440431,-0.034604272331671716,-0.03848731947187802,-0.08127273539216318,-93.52355707914846
15,40,100,0,2,0.25,0.025,1394.5449978401055,348.63624946002636,428,182,0.8131868131868132,0.8,0.00852492309379268,0.03264680584037088,0.07256732087151857,-6.871185624999988,-0.0022969655804317155,0.021838135628189405,0.048543636084133895,-20.353931644549647,-0.0127826179515153,0.011170131795739361,0.024829904078635917,-33.41776846864649
15,40,100,0,2,0.3333333333333333,0.025,1394.5449978401055,464.8483326133684,413,166,0.7650602409638554,0.75,0.006268148977831488,0.03449188240114661,0.0811581311508878,21.17787166666664,-0.003090283885283482,0.025160385587943097,0.059202803607872986,8.609334807276035,-0.012143296544812634,0.015968351497176382,0.03757379529516597,-3.5490174472219493
15,40,100,0,2,0.5,0.025,1394.5449978401055,697.2724989200527,398,154,0.6688311688311688,0.6666666666666666,0.024465749594455244,0.003851917924973532,0.010503147657390632,-1.724657499999985,0.01678258572405607,-0.0036255822486538462,-0.009886154082655987,-13.451880847104414,0.009353298066500029,-0.010984257328553435,-0.029951619625769622,-24.791599371879354
15,40,100,0,2,0.75,0.025,1394.5449978401055,1045.908748380079,374,143,0.5874125874125874,0.5714285714285714,0.03907561666121048,0.03175675035772553,0.09815102263661396,19.627240000000096,0.032819598173451626,0.02562879128268402,0.07921285692324806,8.735520872908184,0.02677038586849389,0.019600461477222518,0.06058063891892848,-1.7961489894280085
15,40,100,0,2,1.0,0.025,1394.5449978401055,1394.5449978401055,346,133,0.5263157894736842,0.5,0.01112428829656009,0.05199723462529859,0.1733026061626655,93.71378250000005,0.005738181998457497,0.04670539142115172,0.15566650329225148,83.49134133003326,0.000533561923021659,0.0415060060667542,0.13833723759592628,73.61334791725677
15,40,100,0,2,1.3333333333333333,0.025,1394.5449978401055,1859.3933304534737,328,117,0.47863247863247865,0.4285714285714286,0.008410930449813486,0.09934732170704365,0.34016796006096284,160.51273666666668,0.0037551260273649555,0.09481734512135088,0.32465900414932414,151.5805875391439,-0.000746007322071331,0.09036514456047799,0.30941446214578955,142.94517447793822
15,40,100,0,2,2.0,0.025,1394.5449978401055,2789.089995680211,291,100,0.28,0.3333333333333333,0.03565695809950058,-0.11856129189758347,-0.4012693644841034,-195.69278500000004,0.03189419211479546,-0.12248243401801165,-0.4145364636900364,-203.41308706668642,0.02825938171817338,-0.12633224661765471,-0.4275659867699802,-210.87085465869725
15,40,100,1,1,0.2,0.002,111.56359982720842,22.312719965441687,673,318,0.6635220125786163,0.8333333333333334,-0.403099311495638,-0.3709784403045012,-0.1339326388272672,-79.54080352000001,-0.5199923315233176,-0.4868046261613635,-0.17582595453431543,-102.8232155952989,-0.6333538438804894,-0.601521512923387,-0.21725983792853742,-125.40223223422039
15,40,100,1,1,0.25,0.002,111.56359982720842,27.890899956802105,672,318,0.6446540880503144,0.8,-0.34526435085295953,-0.3355695379684313,-0.1278326388272672,-75.976235,-0.45703443360821444,-0.44535688428712317,-0.16972595453431538,-99.2586470752989,-0.5654277800579997,-0.5540784128417665,-0.21115983792853737,-121.83766371422041
15,40,100,1,1,0.3333333333333333,0.002,111.56359982720842,37.187866609069474,672,317,0.6214511041009464,0.75,-0.2779426272596159,-0.27524246614615505,-0.11297892713575025,-69.97493973333334,-0.3816270509910589,-0.37682907146379513,-0.15474725656408173,-93.22055209858968,-0.48216708687068277,-0.4774085138482888,-0.19605084472750428,-115.76120591270687
15,40,100,1,1,0.5,0.002,111.56359982720842,55.78179991360421,671,316,0.5822784810126582,0.6666666666666666,-0.19217884078079747,-0.18003991061764713,-0.08429243558230848,-50.159555000000005,-0.2827342383322472,-0.2689315946726123,-0.12593522526051465,-73.3671727724349,-0.37053329380869165,-0.3568561551233306,-0.1671085181931378,-95.86839274798018
15,40,100,1,1,0.75,0.002,111.56359982720842,83.67269987040632,669,316,0.5284810126582279,0.5714285714285714,-0.10580290996007788,-0.0936953189774508,-0.05179243558230848,-40.0224345,-0.1826095134399367,-0.16896741440758167,-0.09343522526051468,-63.23005227243489,-0.25707826320224647,-0.2434248241272461,-0.1346085181931378,-85.7312722479802
15,40,100,1,1,1.0,0.002,111.56359982720842,111.56359982720842,669,312,0.4967948717948718,0.5,-0.054833484718494446,-0.013170682666017161,-0.008229371557344767,-16.726104400000004,-0.12206704698768633,-0.07896734466839772,-0.0493537667129132,-39.68118925268325,-0.18724529764177503,-0.14401180944491648,-0.09000587872233862,-61.93454343795811
15,40,100,1,1,1.3333333333333333,0.002,111.56359982720842,148.7514664362779,667,311,0.4180064308681672,0.4285714285714286,-0.025586893863765916,-0.027277374447667445,-0.019553704614075375,-25.033234000000014,-0.0839263736081661,-0.08443796802030497,-0.060541735409346244,-47.89751506072451,-0.140485644935587,-0.14095402006512392,-0.10106355218797214,-70.06410073967982
15,40,100,1,1,2.0,0.002,111.56359982720842,223.12719965441684,666,311,0.33762057877813506,0.3333333333333333,-0.016682757240313383,0.004276840411158218,0.0037796287192579797,-12.864867400000005,-0.06438257269255405,-0.04209806766599386,-0.037208402076012864,-35.729148460724495,-0.11062684528893667,-0.08794497560927629,-0.07773021885463881,-57.895734139679796
15,40,100,1,1,0.2,0.004,223.12719965441684,44.625439930883374,667,312,0.7884615384615384,0.8333333333333334,-0.12509799831505028,-0.11664421972529937,-0.07143208623259438,-55.49656392,-0.1931025385089328,-0.18373088731757808,-0.1125537667129132,-78.451132219446,-0.25902831036484003,-0.25009071541534694,-0.1532058787223386,-100.7040234006182
15,40,100,1,1,0.25,0.004,223.12719965441684,55.78179991360421,665,311,0.7652733118971061,0.8,-0.08672163108729196,-0.08819444641627547,-0.05820987379832619,-41.1919254,-0.15011917497979052,-0.15028969188975094,-0.09920840207601278,-64.11320806320879,-0.21157063237527274,-0.21167573612627139,-0.13973021885463868,-86.3308862025451
15,40,100,1,1,0.3333333333333333,0.004,223.12719965441684,74.37573321813895,663,309,0.7184466019417476,0.75,-0.05617911302751006,-0.07566945458548675,-0.05616631729225563,-43.99207613333334,-0.11272565746441184,-0.1305462059022538,-0.09691767280221207,-66.8449875319148,-0.1675221478913896,-0.18477728872433213,-0.13717889911923914,-88.99062619385444
15,40,100,1,1,0.5,0.004,223.12719965441684,111.56359982720842,659,304,0.6842105263157895,0.6666666666666666,-0.05852909458583874,0.0328948439049186,0.027934260392931176,10.709531599999996,-0.10521407683378652,-0.01435489307915902,-0.012190849617710265,-11.927301845958745,-0.15043115802305618,-0.06099591862806504,-0.051800599780740156,-33.852372532665164
15,40,100,1,1,0.75,0.004,223.12719965441684,167.34539974081264,657,301,0.5913621262458472,0.5714285714285714,-0.010570799419967105,0.03661595342799035,0.0379884547489699,21.723966199999996,-0.049343250951089726,-0.0016913498382610363,-0.0017547557070092187,-0.7568685375171338,-0.08688819816183978,-0.03949309045333546,-0.04097362017764068,-22.525978308565982
15,40,100,1,1,1.0,0.004,223.12719965441684,223.12719965441684,651,301,0.5149501661129569,0.5,-0.007305130326551242,0.026538702624266594,0.0319884547489699,4.022151199999996,-0.04091842535694736,-0.006432995337960612,-0.007754755707009189,-18.458683537517118,-0.07346755077096911,-0.03896719523179392,-0.04697362017764071,-40.227793308565964
15,40,100,1,1,1.3333333333333333,0.004,223.12719965441684,297.5029328725558,645,292,0.4417808219178082,0.4285714285714286,0.018216538658290742,0.023735814886897324,0.0321776270054344,12.03839813333332,-0.010846351118654314,-0.004755014750587834,-0.0064464739749059315,-10.113012458860304,-0.03895675146576278,-0.03281846122752088,-0.04449268136834241,-31.538446226073077
15,40,100,1,1,2.0,0.004,223.12719965441684,446.2543993088337,635,285,0.3508771929824561,0.3333333333333333,0.048491843893263886,0.03441632649270376,0.0562722246538631,27.5955316,0.02508833557237004,0.011358127908616018,0.01857107848339659,5.993168809873779,0.0024504554970344408,-0.011353225183147103,-0.01856306229444377,-14.902488861680602
15,40,100,1,1,0.2,0.008,446.2543993088337,89.25087986176675,644,295,0.8101694915254237,0.8333333333333334,-0.03793521966897028,-0.06252371009371728,-0.06955081480386616,-56.404920159999996,-0.07436422260755755,-0.097512079252393,-0.10848256788560702,-78.31262978178822,-0.1096548801853797,-0.13206215434989457,-0.14691966097144188,-99.53576015074887
15,40,100,1,1,0.25,0.008,446.2543993088337,111.56359982720842,641,293,0.7986348122866894,0.8,-0.05441337430810876,-0.006728666875747406,-0.007918947456305907,-20.803017200000014,-0.08677895280607005,-0.039585262570796295,-0.046591838611806276,-42.590897900271614,-0.11813007395403467,-0.07202070460188496,-0.0847683412360424,-63.695865557025876
15,40,100,1,1,0.3333333333333333,0.008,446.2543993088337,148.7514664362779,633,289,0.7370242214532872,0.75,-0.0014337340037389986,-0.03226422044790334,-0.043856972320736445,-57.92297813333335,-0.03055223812082191,-0.06032409644414005,-0.08201038006420491,-79.44920745183694,-0.05875455849274476,-0.08802209340684414,-0.11966570176524324,-100.29813613302409
15,40,100,1,1,0.5,0.008,446.2543993088337,223.12719965441684,622,286,0.6503496503496503,0.6666666666666666,0.012923348147248255,-0.036485512571804574,-0.05980782774725334,-80.47031159999999,-0.010968205147896712,-0.059516458112331236,-0.09757428615350372,-101.79082023601016,-0.03410660039986187,-0.08224629127041104,-0.13483872216214382,-122.43922051784487
15,40,100,1,1,0.75,0.008,446.2543993088337,334.6907994816253,603,272,0.5441176470588235,0.5714285714285714,0.03696766830613524,-0.05660026458891633,-0.10753691162282555,-97.21789339999997,0.017411947271679794,-0.07554416445363638,-0.14353918123689857,-117.92895345283294,-0.0014977209885732989,-0.09419627071643813,-0.17897948401434652,-137.9557923623887
15,40,100,1,1,1.0,0.008,446.2543993088337,446.2543993088337,595,263,0.5057034220532319,0.5,0.033958748776777244,0.009766737796619908,0.020585900902819185,-29.828607199999965,0.017119808634919152,-0.006751303687748782,-0.014230899504795315,-49.84232050170043,0.0008364519708853864,-0.023008272033890866,-0.048498545205048274,-69.19570195670126
15,40,100,1,1,1.3333333333333333,0.008,446.2543993088337,595.0058657451116,583,261,0.45977011494252873,0.4285714285714286,0.033825478219270136,0.061092331949833226,0.14861264843899347,3.186599466666614,0.019317237649592554,0.04688481295586642,0.11405982976900542,-16.65887936161719,0.005286852864428971,0.03290605788255848,0.0800527745303511,-35.85071057432685
15,40,100,1,1,2.0,0.008,446.2543993088337,892.5087986176674,559,253,0.3557312252964427,0.3333333333333333,0.04636424059526094,0.04557725555650455,0.13274654647718884,23.40665119999999,0.03464357146682567,0.03406629924014996,0.09922274686420818,4.020126556899079,0.023315330130845975,0.02274848004091597,0.06625805347194977,-14.717304507523771
15,40,100,1,1,0.2,0.015,836.7269987040631,167.34539974081264,597,273,0.7875457875457875,0.8333333333333334,-0.017100332181261745,-0.11354893966997547,-0.22864157496269255,-166.10386019999999,-0.0368589528770358,-0.13143952518071322,-0.26468454587379897,-186.36832857129218,-0.0560008167323143,-0.14910350513527867,-0.30025514388204627,-206.00025028462485
15,40,100,1,1,0.25,0.015,836.7269987040631,209.18174967601578,591,268,0.7649253731343284,0.8,-0.009007783142724905,-0.08424347990400456,-0.17983008612704812,-155.90841037500002,-0.0268213560515848,-0.10080860574947818,-0.2152077226892973,-175.76060638789244,-0.04408155976307794,-0.11716558376185753,-0.2501268445435473,-194.99610445760263
15,40,100,1,1,0.3333333333333333,0.015,836.7269987040631,278.90899956802104,571,251,0.7131474103585658,0.75,-0.006274264311729386,-0.0827731659982116,-0.18830343660936377,-152.02968050000007,-0.02175859500121848,-0.09735487227806783,-0.22148652386199114,-170.87056483837546,-0.036747117433891856,-0.11173003022567751,-0.2541906267926507,-189.108164074669
15,40,100,1,1,0.5,0.015,836.7269987040631,418.36349935203157,547,237,0.6582278481012658,0.6666666666666666,0.023756506152601345,-0.01896433771717156,-0.04806530248684528,-62.010461999999976,0.010945049583973103,-0.031347012678649776,-0.07945141894538589,-80.1226550708665,-0.0014398559173164176,-0.04353049303097576,-0.11033138864485344,-97.63181169190877
15,40,100,1,1,0.75,0.015,836.7269987040631,627.5452490280474,517,219,0.5662100456621004,0.5714285714285714,0.0014126755074309284,-0.011497806668179709,-0.032831515913664594,-128.31112050000002,-0.008950953593089245,-0.021653972780116014,-0.061834855481179396,-144.93133868112818,-0.018974637012210863,-0.0316465352217176,-0.09036951102625693,-161.00638380176025
15,40,100,1,1,1.0,0.015,836.7269987040631,836.7269987040631,493,203,0.5172413793103449,0.5,0.02970678241873581,0.033568585087269676,0.10240455456785963,-57.616577999999976,0.020723542140619108,0.024745360178532686,0.07549097870922641,-73.19431445983082,0.012041988218817338,0.016075276658970607,0.04904104685693983,-88.24889998450851
15,40,100,1,1,1.3333333333333333,0.015,836.7269987040631,1115.6359982720842,462,196,0.45408163265306123,0.4285714285714286,0.016833482914566607,0.05038053630957185,0.17251011974050776,-16.300938000000087,0.009071480627089597,0.04278556267690977,0.1465085311675286,-31.47087243128678,0.0015747903773228897,0.03532762200266014,0.12097066593083844,-46.12228521482929
15,40,100,1,1,2.0,0.015,836.7269987040631,1673.4539974081263,428,182,0.33516483516483514,0.3333333333333333,0.0011600520817557664,0.003278000089766479,0.012707848648534179,-50.89633649999996,-0.005191332868830821,-0.0029551550874219214,-0.01145636391586606,-65.07473520857035,-0.011322757285798925,-0.009072083311110432,-0.035170095921364164,-78.76210901941269
15,40,100,1,1,0.2,0.025,1394.5449978401055,278.9089995680211,548,237,0.810126582278481,0.8333333333333334,-0.0553669059704475,-0.06016883550480369,-0.16813128604165112,-159.03806399999993,-0.06683566207905876,-0.07137413087244028,-0.19945141894538596,-176.7126296068555,-0.07794255511259016,-0.08242459624551578,-0.23033138864485317,-193.82952595990295
15,40,100,1,1,0.25,0.025,1394.5449978401055,348.63624946002636,529,228,0.7850877192982456,0.8,-0.05178851625122674,-0.037240350379370145,-0.10922577633959446,-130.646864375,-0.06216151290414545,-0.047523927036998106,-0.13939313721328286,-147.86242066179545,-0.0721980005932377,-0.05765217427894068,-0.16910044983555503,-164.51948944477633
15,40,100,1,1,0.3333333333333333,0.025,1394.5449978401055,464.8483326133684,506,213,0.7511737089201878,0.75,-0.05600595770687397,0.0018114853183552977,0.005573284844505116,-100.42279749999999,-0.06504940341062661,-0.007354840114150466,-0.022629334326444206,-116.54668250203584,-0.07379783680010295,-0.016374903310038418,-0.05038221848672486,-132.1445794254787
15,40,100,1,1,0.5,0.025,1394.5449978401055,697.2724989200527,468,192,0.6614583333333334,0.6666666666666666,-0.04080213546048506,-0.011698986929537043,-0.039962720520783895,-151.347845,-0.0483130709312948,-0.01914787043583893,-0.06541001028486976,-165.91632983776083,-0.055577731582773245,-0.026471156701700277,-0.09042669459836214,-180.00713103873744
15,40,100,1,1,0.75,0.025,1394.5449978401055,1045.908748380079,425,173,0.5895953757225434,0.5714285714285714,-0.03291938634232884,0.03622859493926689,0.1352715601920401,-43.770602499999924,-0.03910821747562984,0.0300894565804914,0.11235191781623713,-56.8928714641998,-0.04509427590867094,0.024052633101945074,0.08981084288793442,-69.58519851302091
15,40,100,1,1,1.0,0.025,1394.5449978401055,1394.5449978401055,399,161,0.4968944099378882,0.5,-0.03799272361593131,-0.0066954581385096365,-0.027032701560758904,-60.34422250000002,-0.043384808489724584,-0.011988591583629941,-0.048403706540958685,-72.76619794508285,-0.04859376476565371,-0.017184290083917756,-0.06938123869966814,-84.76629224415171
15,40,100,1,1,1.3333333333333333,0.025,1394.5449978401055,1859.3933304534737,361,147,0.41496598639455784,0.4285714285714286,-0.03813242221270341,-0.02795959980919253,-0.11853433137094414,-108.2820016666667,-0.042823613596031776,-0.03255943703189981,-0.13803526829102025,-119.50954885698054,-0.04735880809773834,-0.03707729608378054,-0.15718866721853794,-130.36374475828592
15,40,100,1,1,2.0,0.025,1394.5449978401055,2789.089995680211,330,123,0.3089430894308943,0.3333333333333333,0.0061026855034031335,-0.052940558422565065,-0.22658464066987596,-33.02474249999999,0.002308005872464111,-0.05674875285693243,-0.2428798503387448,-42.31615266986444,-0.0013634526668823291,-0.060493292786505434,-0.2589061637270758,-51.30585154525485
15,40,100,1,2,0.2,0.002,111.56359982720842,22.312719965441687,329,150,0.6466666666666666,0.8333333333333334,-0.3761029631666038,-0.4017921715126927,-0.06930454736145297,-44.19370324000001,-0.4937637297214176,-0.5154960952205191,-0.08900469553505444,-54.81875027304988,-0.6081603701431194,-0.6286923973355814,-0.10854898015497047,-65.14903895374817
15,40,100,1,2,0.25,0.002,111.56359982720842,27.890899956802105,329,150,0.6266666666666667,0.8,-0.33407059771469416,-0.3690228052688463,-0.06710454736145295,-42.459066600000014,-0.4458806687607715,-0.4769718778013986,-0.08680469553505443,-53.08411363304988,-0.55458892273109,-0.5843632358147655,-0.10634898015497046,-63.414402313748184
15,40,100,1,2,0.3333333333333333,0.002,111.56359982720842,37.187866609069474,329,150,0.62,0.75,-0.2643964531539004,-0.2779702328768907,-0.054104547361452954,-37.31271913333334,-0.368107948299028,-0.37886445633651705,-0.07380469553505445,-47.93776616638323,-0.4689422957634153,-0.47919187742172037,-0.09334898015497047,-58.26805484708151
15,40,100,1,2,0.5,0.002,111.56359982720842,55.78179991360421,329,150,0.5866666666666667,0.6666666666666666,-0.20574618617907067,-0.17150302619458482,-0.03810454736145295,-29.3006551,-0.29579864247652654,-0.25998733193105555,-0.05780469553505441,-39.925702133049874,-0.383352877960382,-0.34789137442794443,-0.07734898015497048,-50.25599081374819
15,40,100,1,2,0.75,0.002,111.56359982720842,83.67269987040632,329,150,0.4866666666666667,0.5714285714285714,-0.10974878434013915,-0.17711003918560414,-0.046604547361452954,-34.51271850000001,-0.18627093200767017,-0.2518355014008919,-0.06630469553505443,-45.13776553304988,-0.26067021451566597,-0.32606772096030645,-0.08584898015497046,-55.46805421374819
15,40,100,1,2,1.0,0.002,111.56359982720842,111.56359982720842,329,150,0.44,0.5,-0.08790576124747296,-0.12756637962249145,-0.03810454736145295,-30.287145800000005,-0.1550367938196696,-0.19343676503222926,-0.05780469553505443,-40.91219283304988,-0.22030548804257802,-0.25883946556981907,-0.07734898015497049,-51.24248151374818
15,40,100,1,2,1.3333333333333333,0.002,111.56359982720842,148.7514664362779,328,150,0.38,0.4285714285714286,-0.045636164709329276,-0.1059323456456647,-0.03610454736145297,-27.652659933333336,-0.10396693018081764,-0.16369392591111465,-0.05580469553505445,-38.27770696638323,-0.1606794929028687,-0.22102388081694518,-0.07534898015497048,-48.607995647081516
15,40,100,1,2,2.0,0.002,111.56359982720842,223.12719965441684,328,150,0.32,0.3333333333333333,-0.006164527026220078,-0.03348736816976269,-0.014104547361452953,-11.582581000000001,-0.05350920468199222,-0.080251392796439,-0.03380469553505444,-22.207628033049886,-0.09954045387622218,-0.12664897269275383,-0.0533489801549705,-32.53791671374818
15,40,100,1,2,0.2,0.004,223.12719965441684,44.625439930883374,327,150,0.7866666666666666,0.8333333333333334,-0.13465308013720498,-0.1207125158486017,-0.03570454736145297,-32.31604616,-0.20192781938850216,-0.18721336401645508,-0.05540469553505444,-42.941093193049866,-0.2673362336028453,-0.25325381845184736,-0.07494898015497048,-53.271381873748176
15,40,100,1,2,0.25,0.004,223.12719965441684,55.78179991360421,326,150,0.7733333333333333,0.8,-0.11060503391286045,-0.07019457081330473,-0.022104547361452967,-25.025211700000003,-0.17279421696591293,-0.13268875280734752,-0.041804695535054406,-35.65025873304986,-0.23325815766721034,-0.19472261569133686,-0.06134898015497046,-45.98054741374818
15,40,100,1,2,0.3333333333333333,0.004,223.12719965441684,74.37573321813895,324,148,0.7162162162162162,0.75,-0.03967681089180455,-0.08047779898021978,-0.028727689053839964,-24.716380666666673,-0.09652538584774048,-0.1349348108952825,-0.04818063292792035,-35.27299093378383,-0.1517669355835128,-0.18894077691295022,-0.06746432708623751,-45.53118142605446
15,40,100,1,2,0.5,0.004,223.12719965441684,111.56359982720842,324,148,0.6216216216216216,0.6666666666666666,-0.029865153991772902,-0.09735423067778332,-0.042061022387173276,-32.77553459999999,-0.07678189343164524,-0.14235160306287908,-0.06151396626125369,-43.33214486711716,-0.12237236596709364,-0.1869766686090067,-0.08079766041957087,-53.590335359387794
15,40,100,1,2,0.75,0.004,223.12719965441684,167.34539974081264,323,147,0.5510204081632653,0.5714285714285714,0.018237200238943718,-0.04486131233104585,-0.02303840427255147,-14.610298700000008,-0.02055029576170514,-0.08249913094016054,-0.04236860162435334,-25.13434749389159,-0.05823055374828279,-0.11979417268074405,-0.06152200055187103,-35.357974036077614
15,40,100,1,2,1.0,0.004,223.12719965441684,223.12719965441684,323,147,0.5102040816326531,0.5,0.03740982515690995,0.01688790512766261,0.009961595727448525,6.274230399999997,0.0039036298417485862,-0.015882017334695003,-0.009368601624353337,-4.249818393891594,-0.02864608885117302,-0.048351603083161665,-0.02852200055187103,-14.473444936077613
15,40,100,1,2,1.3333333333333333,0.004,223.12719965441684,297.5029328725558,320,143,0.4195804195804196,0.4285714285714286,0.05310102482037552,-0.02110912883852673,-0.013951961793891424,-9.371026666666676,0.024262783301353213,-0.04960532294018136,-0.03278714307675187,-19.757034040127063,-0.0037212959162234234,-0.0777949455929555,-0.051419361081071806,-29.835417387514454
15,40,100,1,2,2.0,0.004,223.12719965441684,446.2543993088337,316,141,0.3475177304964539,0.3333333333333333,0.055100467722262784,0.027308158326792994,0.022078864678349394,-5.167976399999997,0.03183575286471085,0.0043330536715699645,0.003503586197048875,-15.415527493032705,0.009261261112864455,-0.018388022305883118,-0.014868041345672187,-25.35905179766002
15,40,100,1,2,0.2,0.008,446.2543993088337,89.25087986176675,320,143,0.7692307692307693,0.8333333333333334,-0.008678948017440217,-0.15505854564525764,-0.08998289168375298,-63.15252368,-0.04592022856080806,-0.187425716405167,-0.10878714307675186,-73.37705386586734,-0.08210200775401356,-0.2195265392497667,-0.12741936108107188,-83.31069975939447
15,40,100,1,2,0.25,0.008,446.2543993088337,111.56359982720842,317,143,0.7202797202797203,0.8,-0.015264857131394574,-0.1801051537419044,-0.11598289168375299,-86.9176584,-0.04842981348517263,-0.20925508175611715,-0.13478714307675183,-97.14218858586734,-0.08065123848014097,-0.23818132956279142,-0.15341936108107185,-107.07583447939446
15,40,100,1,2,0.3333333333333333,0.008,446.2543993088337,148.7514664362779,314,143,0.6923076923076923,0.75,-0.006091332643820949,-0.12739834783828072,-0.08998289168375301,-78.53735066666667,-0.03501970499258572,-0.15398593909751418,-0.10878714307675191,-88.761880852534,-0.06312507530934945,-0.1803594562772107,-0.1274193610810719,-98.69552674606118
15,40,100,1,2,0.5,0.008,446.2543993088337,223.12719965441684,313,141,0.6312056737588653,0.6666666666666666,0.007071779401909994,-0.07561518920108809,-0.0619404924015939,-54.54253119999999,-0.0166880214814756,-0.0982546409291055,-0.08049641380295114,-64.69640808541472,-0.03975913093282089,-0.12067921343132987,-0.09886804134567231,-74.55596903580542
15,40,100,1,2,0.75,0.008,446.2543993088337,334.6907994816253,305,136,0.5294117647058824,0.5714285714285714,-0.003471569539806148,-0.0858003836896317,-0.08183096412070222,-84.6888762,-0.02283080356760305,-0.10459510238319307,-0.09976959061844928,-94.6729313958531,-0.0416013503335324,-0.12317231651487584,-0.11748974200717324,-104.35338542096042
15,40,100,1,2,1.0,0.008,446.2543993088337,446.2543993088337,303,134,0.4626865671641791,0.5,0.028296085702681904,-0.07624643266505961,-0.08180332078138022,-92.5476048,0.011518426891248103,-0.09270905436513263,-0.09947886134464858,-102.38716132902692,-0.00474875624646872,-0.10898044470178189,-0.11693842227177367,-111.92734031648601
15,40,100,1,2,1.3333333333333333,0.008,446.2543993088337,595.0058657451116,297,134,0.40298507462686567,0.4285714285714286,-0.016751681342483674,-0.0534401009483223,-0.06580332078138024,-103.50615066666667,-0.03130914115314586,-0.06778620056147652,-0.0834788613446486,-113.34570719569359,-0.04542367688316161,-0.08196364955464358,-0.10093842227177371,-122.8858861831527
15,40,100,1,2,2.0,0.008,446.2543993088337,892.5087986176674,286,132,0.3181818181818182,0.3333333333333333,0.047632029216389,-0.033595473256970446,-0.04975680240954118,-100.9189712,0.03595548784022112,-0.045361155381955474,-0.0671881320708479,-110.69552960654627,0.024641551598991583,-0.056972806839592834,-0.084387102536374,-120.16848524528376
15,40,100,1,2,0.2,0.015,836.7269987040631,167.34539974081264,306,141,0.7872340425531915,0.8333333333333334,0.025194110083972925,-0.11412413520084864,-0.11895405757189631,-94.873656,0.004744070609762863,-0.131901948352084,-0.13749641380295116,-104.93223459139094,-0.015127682173883557,-0.14952606959466805,-0.15586804134567225,-114.70637646407891
15,40,100,1,2,0.25,0.015,836.7269987040631,209.18174967601578,304,137,0.7737226277372263,0.8,0.03912015300103385,-0.06432477820752293,-0.06938690424212741,-57.04432499999998,0.020697392400341644,-0.08103261581486025,-0.0874149552553497,-66.85576301645452,0.002800999754721328,-0.0975797658856713,-0.10526540187487306,-76.3868724395471
15,40,100,1,2,0.3333333333333333,0.015,836.7269987040631,278.90899956802104,301,132,0.7272727272727273,0.75,0.0006216281600557659,-0.05237090245574141,-0.06180724741565121,-48.504462000000025,-0.014858929982997081,-0.06709527208570175,-0.07918813207084793,-57.96905446406568,-0.029895803536979217,-0.08166777901067873,-0.09638710253637409,-67.16238449822822
15,40,100,1,2,0.5,0.015,836.7269987040631,418.36349935203157,288,129,0.6744186046511628,0.6666666666666666,0.051435022665780365,0.015191439922533965,0.020740674640851192,-35.808525000000024,0.03855048902956919,0.0027449756765951265,0.0037479618398532505,-45.10735486008333,0.02604036394397443,-0.009565124010596856,-0.013060122933274645,-54.13597226943742
15,40,100,1,2,0.75,0.015,836.7269987040631,627.5452490280474,274,121,0.5702479338842975,0.5714285714285714,0.024487846966950142,-0.0034122133775012636,-0.005387250657533834,-69.45047774999999,0.014125674452536683,-0.013515089943097856,-0.021339121064943865,-78.27849989816772,0.004073884617338329,-0.02350027924514414,-0.03710484399167623,-86.84209244311204
15,40,100,1,2,1.0,0.015,836.7269987040631,836.7269987040631,266,114,0.49122807017543857,0.5,0.05941446151551887,-0.018356196063118016,-0.03152140116696724,-81.5592405,0.05045582133871813,-0.027119295105140984,-0.04657156860664126,-89.93445298064755,0.04177008869370346,-0.035768793091657265,-0.06142522491777768,-98.05453091842139
15,40,100,1,2,1.3333333333333333,0.015,836.7269987040631,1115.6359982720842,259,112,0.4732142857142857,0.4285714285714286,0.0381209449625454,0.0882619923901717,0.17351463490855976,29.06934199999991,0.030410624915816826,0.08073276955092429,0.1587191606671592,20.78713256004611,0.02293886004116492,0.07330998192200808,0.14412609481762195,12.761172391996558
15,40,100,1,2,2.0,0.015,836.7269987040631,1673.4539974081263,246,108,0.3148148148148148,0.3333333333333333,0.016602999100387223,-0.040312243897269354,-0.09141595417884973,-92.56525050000003,0.01031164378783723,-0.046610592333725435,-0.10569938078523919,-100.60730548771154,0.004218106806778151,-0.052815916213544256,-0.11977126571157874,-108.39649510375133
15,40,100,1,2,0.2,0.025,1394.5449978401055,278.9089995680211,295,129,0.813953488372093,0.8333333333333334,-0.06808511541020648,-0.05077869478990623,-0.07677021613470623,-49.481381999999975,-0.0793920104262737,-0.0620110839116269,-0.09375203816014678,-58.74419944298455,-0.0903736208174748,-0.07312857613595306,-0.11056012293327447,-67.74053770730318
15,40,100,1,2,0.25,0.025,1394.5449978401055,348.63624946002636,285,127,0.7874015748031497,0.8,-0.0676310238559005,-0.03173546993318234,-0.05173427498385695,-73.19092937500002,-0.07784869714496269,-0.041994914976416504,-0.06846130888634613,-82.36012025021735,-0.08776824961802701,-0.05214532880854208,-0.08500880319787496,-91.26178185644875
15,40,100,1,2,0.3333333333333333,0.025,1394.5449978401055,464.8483326133684,277,123,0.7479674796747967,0.75,-0.03143126097766393,-0.005603339589458521,-0.010015128723597548,-64.81299250000002,-0.040554861715873844,-0.014665390254692764,-0.02621318367207806,-73.70370237353923,-0.04941147508151471,-0.023631570903487272,-0.04223949706040912,-82.3342400477988
15,40,100,1,2,0.5,0.025,1394.5449978401055,697.2724989200527,264,114,0.6578947368421053,0.6666666666666666,-0.016561705017653704,-0.019154062678173222,-0.039017485718425345,-77.470505,-0.02411409162178138,-0.026543706199931606,-0.054071568606641446,-85.94057079898133,-0.03143021819811083,-0.03383535871302568,-0.06892522491777751,-94.14566896772686
15,40,100,1,2,0.75,0.025,1394.5449978401055,1045.908748380079,247,107,0.5887850467289719,0.5714285714285714,0.0065049340511728615,0.03449661646929888,0.07983185145869631,-38.13487124999995,0.00029795117382942646,0.028387372354460344,0.06569598385166113,-46.097081790994466,-0.005714169244578064,0.02236318221836286,0.051754394156121306,-53.80932613178454
15,40,100,1,2,1.0,0.025,1394.5449978401055,1394.5449978401055,235,102,0.4803921568627451,0.5,-0.05571686146464173,-0.039577901711938056,-0.10134166471188336,-123.88129500000005,-0.06109708049241874,-0.044843486429392294,-0.11482719296383721,-131.52308044745624,-0.06630576488278038,-0.05003367710515793,-0.12811730650537984,-138.92122694839972
15,40,100,1,2,1.3333333333333333,0.025,1394.5449978401055,1859.3933304534737,220,98,0.35714285714285715,0.4285714285714286,-0.039905898464923664,-0.14877443879457472,-0.40961464832777544,-257.49419583333344,-0.0445881688814426,-0.1534828019894058,-0.42257906774956905,-264.8436947524251,-0.04912081895752888,-0.15812054130554007,-0.43534800036791416,-271.9583429618259
15,40,100,1,2,2.0,0.025,1394.5449978401055,2789.089995680211,203,87,0.2988505747126437,0.3333333333333333,0.054322740315835685,-0.07525831159147092,-0.2260863618087547,-202.27251000000004,0.05058373967233883,-0.07910584522187619,-0.23764672341033166,-209.00469998450518,0.04697248718832841,-0.08287917285929788,-0.2489824084898829,-215.50687533092002
15,50,200,0,1,0.2,0.002,111.56359982720842,22.312719965441687,439,208,0.7019230769230769,0.8333333333333334,-0.48309491884412303,-0.2995224026105728,-0.06853090637514139,-37.54047056,-0.5967967412015874,-0.4186951834932922,-0.09583584447527549,-51.92714422500913,-0.7075523185658285,-0.5370979487659968,-0.12293725248155904,-65.94102997531441
15,50,200,0,1,0.25,0.002,111.56359982720842,27.890899956802105,439,208,0.6971153846153846,0.8,-0.4317004243130623,-0.23567297728599337,-0.05643090637514138,-30.773087550000007,-0.5404547291599929,-0.34959935706217976,-0.08373584447527548,-45.159761215009134,-0.6463909892341728,-0.4627484495905787,-0.11083725248155908,-59.173646965314404
15,50,200,0,1,0.3333333333333333,0.002,111.56359982720842,37.187866609069474,439,208,0.6682692307692307,0.75,-0.34685441933307115,-0.18440339474036033,-0.04826423970847471,-26.10956173333334,-0.44847587113240867,-0.2886672564429062,-0.07556917780860883,-40.49623539834248,-0.5474641048587184,-0.39219212361464434,-0.10267058581489241,-54.510121148647734
15,50,200,0,1,0.5,0.002,111.56359982720842,55.78179991360421,439,208,0.6346153846153846,0.6666666666666666,-0.2618780624488425,-0.07612941219907896,-0.022930906375141377,-11.081537,-0.35123505478392153,-0.16678315922171574,-0.050235844475275473,-25.468210665009128,-0.438276626083364,-0.25675991772667744,-0.07733725248155905,-39.4820964153144
15,50,200,0,1,0.75,0.002,111.56359982720842,83.67269987040632,439,208,0.5673076923076923,0.5714285714285714,-0.14249469161755093,-0.01640719769860914,-0.005930906375141376,-8.335397250000005,-0.2188443726258991,-0.09192421303984893,-0.03323584447527548,-22.72207091500913,-0.29321567843549434,-0.1668817067512776,-0.06033725248155909,-36.735956665314404
15,50,200,0,1,1.0,0.002,111.56359982720842,111.56359982720842,439,207,0.5265700483091788,0.5,-0.0719221820180202,0.04607452459758516,0.01909226083769234,5.308690600000002,-0.1388868038092815,-0.01952254530127581,-0.008090479838375098,-9.04633555740161,-0.2041026275649648,-0.08460456534261877,-0.0350615926138593,-23.026476575856407
15,50,200,0,1,1.3333333333333333,0.002,111.56359982720842,148.7514664362779,439,207,0.45410628019323673,0.4285714285714286,-0.01949956600297233,0.045132530852113724,0.021758927504358976,9.19985773333333,-0.07749325929782654,-0.01124975927458437,-0.005423813171708477,-5.155168424068297,-0.13397243262382164,-0.06719167992822084,-0.032394925947192635,-19.13530944252307
15,50,200,0,1,2.0,0.002,111.56359982720842,223.12719965441684,439,207,0.3526570048309179,0.3333333333333333,-0.005700022495540664,0.0354564561370894,0.021092260837692337,9.316444600000002,-0.05297472259329424,-0.010238465417196448,-0.00609047983837512,-5.038581557401619,-0.0990148319407079,-0.05557853922799361,-0.033061592613859284,-19.0187225758564
15,50,200,0,1,0.2,0.004,223.12719965441684,44.625439930883374,439,207,0.8309178743961353,0.8333333333333334,-0.07964257216584289,-0.014231619109030775,-0.005310782944727027,-14.814173039999995,-0.14978789711409726,-0.08702921771272835,-0.03249047983837511,-29.163504799407377,-0.21810351790873617,-0.15927422170678293,-0.059461592613859256,-43.13854173672701
15,50,200,0,1,0.25,0.004,223.12719965441684,55.78179991360421,439,207,0.8164251207729468,0.8,-0.05602945536697185,0.03508775879307221,0.014089217055272978,-2.4263025000000003,-0.12044751255793906,-0.032591087228742474,-0.01309047983837509,-16.775634259407365,-0.18318525838250946,-0.09974048892944941,-0.04006159261385923,-30.750671196726998
15,50,200,0,1,0.3333333333333333,0.004,223.12719965441684,74.37573321813895,439,207,0.7729468599033816,0.75,0.009522583541267908,0.048380207526099034,0.022422550388606292,-4.103063066666679,-0.04883763217366849,-0.010260943960490996,-0.004757146505041741,-18.452394826074034,-0.10567555215217081,-0.0684363809473528,-0.03172825928052589,-32.42743176339367
15,50,200,0,1,0.5,0.004,223.12719965441684,111.56359982720842,439,206,0.7087378640776699,0.6666666666666666,0.04668689667567051,0.08726689305893674,0.04911238426810669,5.5452876000000035,-0.0014885296670563983,0.03917822991179557,0.022054884798525284,-8.772396651799838,-0.04839749091772693,-0.008501716294793966,-0.004785932746159452,-22.713688857269002
15,50,200,0,1,0.75,0.004,223.12719965441684,167.34539974081264,439,206,0.587378640776699,0.5714285714285714,0.057709801907687666,0.028259557418911584,0.020112384268106687,13.386044800000004,0.018711243115639365,-0.009759388041680932,-0.006945115201474732,-0.9316394517998559,-0.01926209769495757,-0.04747653832291924,-0.033785932746159375,-14.872931657269001
15,50,200,0,1,1.0,0.004,223.12719965441684,223.12719965441684,439,206,0.5145631067961165,0.5,0.04038407998664214,0.025569072855908908,0.021112384268106694,13.779546399999997,0.006937616013408364,-0.007200467181655,-0.005945115201474736,-0.5381378517998501,-0.025629586844968202,-0.03970890802925209,-0.0327859327461594,-14.479430057268992
15,50,200,0,1,1.3333333333333333,0.004,223.12719965441684,297.5029328725558,439,205,0.44878048780487806,0.4285714285714286,0.07440567558294449,0.03752538869886155,0.03579964824297977,25.11660279999999,0.045696145280409266,0.009294816930388687,0.00886691610209232,10.835263296002164,0.017746506527973663,-0.01870470535719011,-0.017843606211792908,-3.068073882676062
15,50,200,0,1,2.0,0.004,223.12719965441684,446.2543993088337,437,205,0.36585365853658536,0.3333333333333333,0.0660147401096974,0.06493079140958637,0.07713298157631314,53.06221160000001,0.042889766326754605,0.04226301484641588,0.05020024943542566,38.780872096002184,0.020376870553753475,0.019775732137604737,0.02348972712154044,24.877534917323956
15,50,200,0,1,0.2,0.008,446.2543993088337,89.25087986176675,436,205,0.8292682926829268,0.8333333333333334,0.10291064223356487,-0.014643270087831879,-0.010867190785866607,-36.25505455999999,0.061602349878051084,-0.050921052460326514,-0.037799750564574394,-50.536073491364085,0.021387344903504312,-0.08690350969015734,-0.06451027287845963,-64.43912332996983
15,50,200,0,1,0.25,0.008,446.2543993088337,111.56359982720842,435,205,0.8195121951219512,0.8,0.0895789069773866,0.046991790706793005,0.03713280921413339,-7.735371399999995,0.05360831648164192,0.012906052943725413,0.010200249435425641,-22.01639033136407,0.018589742891763725,-0.02088992599972269,-0.01651027287845971,-35.91944016996985
15,50,200,0,1,0.3333333333333333,0.008,446.2543993088337,148.7514664362779,434,204,0.7696078431372549,0.75,0.10848796522841246,0.04335856215058966,0.03982213326750461,1.9075557333333322,0.0774407236983036,0.01416637980062879,0.013012280738992623,-12.340968563465255,0.04722144750512212,-0.01477132909137178,-0.01356794634409329,-26.209514361733522
15,50,200,0,1,0.5,0.008,446.2543993088337,223.12719965441684,432,202,0.6831683168316832,0.6666666666666666,0.03777179612617603,0.03289625083835688,0.03718970945789117,6.913674399999989,0.0137743365070507,0.009408143129478623,0.0106363433461267,-7.242055672405735,-0.009577039245641386,-0.013872311477224978,-0.015683293275360263,-21.016670870048834
15,50,200,0,1,0.75,0.008,446.2543993088337,334.6907994816253,431,200,0.625,0.5714285714285714,0.07292457784799215,0.10834082210689858,0.14723019570625578,67.2773578,0.05334999077754671,0.08898594281086819,0.12092707261992755,53.19582538130614,0.03430944693324244,0.06981001519557042,0.09486802646003935,39.498472050264425
15,50,200,0,1,1.0,0.008,446.2543993088337,446.2543993088337,423,200,0.565,0.5,0.05296238402008853,0.12903704909861938,0.20523019570625584,104.463404,0.03621369660751003,0.11250420789324463,0.17892707261992757,90.38187158130614,0.019921954877987556,0.09611902758629756,0.15286802646003933,76.68451825026443
15,50,200,0,1,1.3333333333333333,0.008,446.2543993088337,595.0058657451116,420,196,0.46938775510204084,0.4285714285714286,0.07030305481949642,0.08009559027182415,0.14662322300389943,61.16091119999997,0.05593011799811862,0.06601297901177816,0.12084186450086225,47.341796641731605,0.041950836857640846,0.052062262769202707,0.09530399926417159,33.90116930694988
15,50,200,0,1,2.0,0.008,446.2543993088337,892.5087986176674,417,187,0.41711229946524064,0.3333333333333333,0.029189667460906298,0.16829746167976165,0.3734400529875627,187.3951576,0.017473350164880403,0.15720316534860768,0.3488168128996322,174.06706994062148,0.0060875510398944776,0.14622236480975143,0.3244516047401369,161.1149686125566
15,50,200,0,1,0.2,0.015,836.7269987040631,167.34539974081264,428,195,0.8666666666666667,0.8333333333333334,0.07435291297282635,0.09555826098382693,0.11429865080779444,17.996856000000026,0.05294769274572883,0.07411034804800419,0.08865389580442926,4.30184511759164,0.032122343090442484,0.05287085440697541,0.06324632579853841,-9.022165900900838
15,50,200,0,1,0.25,0.015,836.7269987040631,209.18174967601578,426,194,0.845360824742268,0.8,0.029659333447130422,0.12311251627549787,0.16231291833438077,29.551297875000014,0.011390588579698368,0.10374751798479474,0.13679926044132956,15.911417968316378,-0.006381704607568192,0.08457742517234047,0.1115219856662382,2.6422007068262374
15,50,200,0,1,0.3333333333333333,0.015,836.7269987040631,278.90899956802104,421,191,0.8115183246073299,0.75,0.005560813969893999,0.15514558476818757,0.23237141090943603,68.52339499999997,-0.009956301073558127,0.13834926930729205,0.20723535435203067,55.004269622228804,-0.025043823067545757,0.12173524243888947,0.18234896526933753,41.85942272862606
15,50,200,0,1,0.5,0.015,836.7269987040631,418.36349935203157,409,183,0.7540983606557377,0.6666666666666666,0.0006660348974545081,0.20109057502744868,0.3575114265426152,135.73569450000002,-0.011968928227698999,0.18751895527628185,0.33339827144723366,122.66968073924319,-0.02424577849981953,0.17410794670229945,0.30955424421093597,109.97399710286318
15,50,200,0,1,0.75,0.015,836.7269987040631,627.5452490280474,394,173,0.6127167630057804,0.5714285714285714,-0.022017443142325805,0.0834635578458451,0.1851701168027497,61.78378387499998,-0.032304994389479466,0.07317773336430328,0.16235191781623728,49.32052403854166,-0.04229404950650049,0.06301767616858106,0.13981084288793394,37.218889115597285
15,50,200,0,1,1.0,0.015,836.7269987040631,836.7269987040631,386,168,0.5654761904761905,0.5,-0.021448003256182274,0.1307942591729073,0.3277313774734674,98.95268699999997,-0.030383465591892436,0.12195012352014446,0.3055787410007391,86.86333853562306,-0.03906041902492053,0.1132144396646809,0.28368914222643293,75.12374300939885
15,50,200,0,1,1.3333333333333333,0.015,836.7269987040631,1115.6359982720842,376,162,0.4506172839506173,0.4285714285714286,-0.012159686991140827,0.04340794189415522,0.12283862252602688,17.48007199999989,-0.019916891305333,0.035849820090091467,0.10145092882214099,5.676399981213127,-0.027442499473646395,0.02839092520177317,0.08034310143263176,-5.7748660887233925
15,50,200,0,1,2.0,0.015,836.7269987040631,1673.4539974081263,360,149,0.28187919463087246,0.3333333333333333,0.02283457030555937,-0.11463752658906552,-0.34697911523208014,-304.89775050000003,0.01656155673515006,-0.12113549470214174,-0.36665933089815406,-315.7755992271268,0.010476738125004496,-0.12754941359255176,-0.38607332028727065,-326.3271045969534
15,50,200,0,1,0.2,0.025,1394.5449978401055,278.9089995680211,408,183,0.8524590163934426,0.8333333333333334,-0.014000513535395586,0.052483356253873924,0.10246024793408051,-0.9059339999999594,-0.02582324843162951,0.04015606980033788,0.07839827144723363,-13.707001027634021,-0.03732932290816231,0.027943014533343212,0.05455424421093626,-26.16520396390775
15,50,200,0,1,0.25,0.025,1394.5449978401055,348.63624946002636,398,172,0.8372093023255814,0.8,0.009200101083930635,0.09932370518030782,0.19765619526979084,41.314631250000005,-0.001589038912911168,0.08793359986998957,0.17499728245313756,29.140064868209436,-0.012079461824965037,0.07667250765718625,0.15258650275563393,17.30257363598507
15,50,200,0,1,0.3333333333333333,0.025,1394.5449978401055,464.8483326133684,384,167,0.8083832335329342,0.75,0.017423908148758202,0.14687335667944298,0.3227462932949008,131.9355216666666,0.00804623236114286,0.13684956829111797,0.3007241056376393,120.01847926843313,-0.0010660423609158223,0.12694763079950788,0.2789648020941329,108.43870548796845
15,50,200,0,1,0.5,0.025,1394.5449978401055,697.2724989200527,357,154,0.7207792207792207,0.6666666666666666,0.011271033356738687,0.11942525063750944,0.3104047568142583,96.703715,0.0036716709034011192,0.11161609556775647,0.290113845917344,85.85899811036586,-0.0037202584419713997,0.10389626781327628,0.27004838037423035,75.31029991219822
15,50,200,0,1,0.75,0.025,1394.5449978401055,1045.908748380079,334,140,0.6285714285714286,0.5714285714285714,-0.011724637597526436,0.11720323195937501,0.34810200661034607,102.25463562500008,-0.017895201794449138,0.1109874861752392,0.3296489508339492,92.34506566929761,-0.02389492077588029,0.10484592372625959,0.3114076185220279,82.70986326905381
15,50,200,0,1,1.0,0.025,1394.5449978401055,1394.5449978401055,319,122,0.5245901639344263,0.5,0.021454187871675932,0.04849312242489289,0.14832916649061717,-28.150540000000017,0.01610756633053619,0.04323997226166963,0.1322655142981555,-36.65418248532373,0.01090267921000406,0.038043278415583415,0.11636949614062411,-44.93240059163767
15,50,200,0,1,1.3333333333333333,0.025,1394.5449978401055,1859.3933304534737,301,114,0.45614035087719296,0.4285714285714286,0.03297431281912112,0.0546459842810837,0.18179344978507656,27.215374166666646,0.028362685142909787,0.05012668306717308,0.16676176472669185,19.21330382716302,0.02387579986040316,0.045661843518867026,0.15190810841555558,11.42768578581271
15,50,200,0,1,2.0,0.025,1394.5449978401055,2789.089995680211,266,96,0.3333333333333333,0.3333333333333333,0.04928175080531658,-0.0003779647932155823,-0.0012895582792771393,-127.49463249999995,0.0455595120462478,-0.004090062527854956,-0.013955005142434945,-134.29760532041485,0.04194065728472305,-0.0077561236305719265,-0.026463347299181136,-140.9116277346679
15,50,200,0,2,0.2,0.002,111.56359982720842,22.312719965441687,217,115,0.7217391304347827,0.8333333333333334,-0.38565230943639917,-0.2612106298352523,-0.03245433881406241,-16.05067792,-0.5024942173694013,-0.38249576572173716,-0.04751693324354174,-23.936040383634722,-0.6163877900603907,-0.5031116730909072,-0.06250088478547736,-31.62242721892805
15,50,200,0,2,0.25,0.002,111.56359982720842,27.890899956802105,217,115,0.7043478260869566,0.8,-0.3326252104626204,-0.22123044569334668,-0.029154338814062406,-14.894600650000001,-0.4441150515754716,-0.3355599698923376,-0.044216933243541715,-22.779963113634725,-0.5527916090515315,-0.4492723863683166,-0.05920088478547737,-30.46634994892805
15,50,200,0,2,0.3333333333333333,0.002,111.56359982720842,37.187866609069474,217,115,0.6695652173913044,0.75,-0.2544674830804328,-0.18163395594689535,-0.026321005480729073,-12.927695200000002,-0.35812735700249626,-0.28564450841412936,-0.04138359991020841,-20.81305766363473,-0.4591715250971414,-0.38906913753252403,-0.056367551452144025,-28.499444498928046
15,50,200,0,2,0.5,0.002,111.56359982720842,55.78179991360421,217,115,0.6260869565217392,0.6666666666666666,-0.1908407787074114,-0.09332569735195399,-0.015654338814062405,-4.743844900000001,-0.2807935423304108,-0.1832144101112639,-0.030716933243541723,-12.629207363634723,-0.3684764790753847,-0.2725877802040839,-0.04570088478547736,-20.315594198928046
15,50,200,0,2,0.75,0.002,111.56359982720842,83.67269987040632,217,115,0.5652173913043478,0.5714285714285714,-0.11707316325234057,-0.02071899856231689,-0.00415433881406241,3.27076525,-0.19331844619583405,-0.09589100318687362,-0.019216933243541734,-4.614597213634724,-0.26763979055670517,-0.17065975670495054,-0.03420088478547738,-12.300984048928049
15,50,200,0,2,1.0,0.002,111.56359982720842,111.56359982720842,217,115,0.5043478260869565,0.5,-0.06572243323329434,0.001496000309159942,0.0003456611859375862,2.9871267999999986,-0.13252231414725024,-0.06371026469780795,-0.014716933243541716,-4.898235663634723,-0.19763659743151166,-0.12857646359660188,-0.02970088478547739,-12.584622498928049
15,50,200,0,2,1.3333333333333333,0.002,111.56359982720842,148.7514664362779,217,115,0.43478260869565216,0.4285714285714286,0.022736160632160423,0.006281277545409687,0.001678994519270914,6.240421799999996,-0.034801155888907365,-0.05008734245120534,-0.013383599910208408,-1.6449406636347341,-0.09088660209194539,-0.10616390758976306,-0.028367551452144053,-9.33132749892805
15,50,200,0,2,2.0,0.002,111.56359982720842,223.12719965441684,217,115,0.3565217391304348,0.3333333333333333,0.04077805903459312,0.043204809249875006,0.014345661185937587,16.227277999999995,-0.005676041429095028,-0.002159847984896501,-0.0007169332435417388,8.341915536365272,-0.05095794037745333,-0.04730081171501872,-0.015700884785477376,0.6555287010719548
15,50,200,0,2,0.2,0.004,223.12719965441684,44.625439930883374,217,115,0.8,0.8333333333333334,-0.051722223327598016,-0.0904227357532567,-0.02005433881406241,-10.675149919999999,-0.12337397621094275,-0.15835107588765734,-0.035116933243541724,-18.56051238363472,-0.1932177015473642,-0.22591747843365395,-0.05010088478547736,-26.24689921892804
15,50,200,0,2,0.25,0.004,223.12719965441684,55.78179991360421,217,115,0.782608695652174,0.8,-0.0458474936559314,-0.04891781843159116,-0.011654430106734184,-4.738700899999998,-0.11059762170127516,-0.11215763613402385,-0.026716933243541706,-12.623914423027749,-0.17371397056916724,-0.17506023687681332,-0.04170088478547734,-20.310167757827596
15,50,200,0,2,0.3333333333333333,0.004,223.12719965441684,74.37573321813895,217,115,0.7391304347826086,0.75,-0.03370169176373262,-0.03075048303373275,-0.00832109677340086,2.4710082666666633,-0.0905199450525462,-0.08644623019912051,-0.023383599910208386,-5.414205256361081,-0.14590455671122382,-0.141840015983197,-0.038367551452144016,-13.10045859116092
15,50,200,0,2,0.5,0.004,223.12719965441684,111.56359982720842,217,115,0.6434782608695652,0.6666666666666666,0.028732924295935474,-0.05317348651694318,-0.01765443010673418,-2.3418202000000017,-0.018995530255534316,-0.0985637128346427,-0.032716933243541704,-10.227033723027741,-0.06551969753264507,-0.14370467656476496,-0.047700884785477356,-17.913287057827596
15,50,200,0,2,0.75,0.004,223.12719965441684,167.34539974081264,217,115,0.5478260869565217,0.5714285714285714,0.04342457978782804,-0.05131470998843314,-0.020654430106734182,-3.121120999999998,0.004622965487163431,-0.08875803543187773,-0.03571693324354175,-11.006334523027755,-0.033199604116453646,-0.12599376596899306,-0.050700884785477324,-18.69258785782759
15,50,200,0,2,1.0,0.004,223.12719965441684,223.12719965441684,217,115,0.5130434782608696,0.5,0.029281463643544167,0.022396830287730825,0.010345569893265807,9.540079200000006,-0.004075796946722661,-0.010212997582490866,-0.004716933243541716,1.654865676972253,-0.03659138510460371,-0.04265591186021027,-0.01970088478547734,-6.0313876578275885
15,50,200,0,2,1.3333333333333333,0.004,223.12719965441684,297.5029328725558,217,115,0.43478260869565216,0.4285714285714286,0.06205737726476014,0.009378871844174151,0.005012236559932471,-4.464097600000004,0.0333922207056808,-0.018806268385902648,-0.01005026657687505,-12.349311123027746,0.005450345124081968,-0.046844550955181426,-0.025034218118810653,-20.035564457827583
15,50,200,0,2,2.0,0.004,223.12719965441684,446.2543993088337,217,115,0.3565217391304348,0.3333333333333333,0.11731393343978318,0.0457047731933128,0.030345569893265804,16.762244000000003,0.09454690494663738,0.023021042219988373,0.015283066756458292,8.877030476972267,0.07235433550411322,0.00045056035492733966,0.0002991152145227051,1.1907771421724287
15,50,200,0,2,0.2,0.008,446.2543993088337,89.25087986176675,216,114,0.7807017543859649,0.8333333333333334,0.009250248204817834,-0.13024117958163958,-0.059231262893900474,-43.63139792,-0.02846293184914371,-0.1630752372762109,-0.07417156860664136,-51.484963935420225,-0.06521062509331597,-0.19573281177357613,-0.08902522491777756,-59.137472538369586
15,50,200,0,2,0.25,0.008,446.2543993088337,111.56359982720842,216,114,0.7631578947368421,0.8,0.035058951200291386,-0.08963642465842747,-0.04363126289390047,-34.10129520000001,0.0007149122792685804,-0.12031842623688146,-0.05857156860664134,-41.95486121542022,-0.03274989247148049,-0.1508309870873825,-0.0734252249177776,-49.6073698183696
15,50,200,0,2,0.3333333333333333,0.008,446.2543993088337,148.7514664362779,216,113,0.6991150442477876,0.75,0.07573195861490788,-0.11336337893836648,-0.06294193884052926,-52.51517440000001,0.045408506490412566,-0.14003665537048282,-0.07775953730307435,-60.33624578085471,0.01587237449652401,-0.16655186254650067,-0.09248289838341116,-67.9542503434666
15,50,200,0,2,0.5,0.008,446.2543993088337,223.12719965441684,216,113,0.6548672566371682,0.6666666666666666,-0.0020451932474627767,-0.027194051134575528,-0.017608605507195917,-21.2343036,-0.025637527135440357,-0.05007679094884839,-0.032426203969740997,-29.055374980854708,-0.04861730809501964,-0.07281453341085403,-0.047149565050077794,-36.67337954346658
15,50,200,0,2,0.75,0.008,446.2543993088337,334.6907994816253,215,113,0.584070796460177,0.5714285714285714,0.04693776049081123,0.023482653342768084,0.018391394492804098,-14.154421599999996,0.027516070819179048,0.00456300158115576,0.0035737960302590476,-21.97549298085469,0.008598647191732494,-0.01423569854629228,-0.011149565050077767,-29.593497543466576
15,50,200,0,2,1.0,0.008,446.2543993088337,446.2543993088337,212,113,0.5221238938053098,0.5,0.045663152050881776,0.04231961286671277,0.0383913944928041,7.444742399999999,0.028962995595884337,0.025987017730105505,0.023573796030259095,-0.3763289808546926,0.012696443115372295,0.009756443538730585,0.008850434949922216,-7.994333543466569
15,50,200,0,2,1.3333333333333333,0.008,446.2543993088337,595.0058657451116,212,109,0.45871559633027525,0.4285714285714286,0.028523194903238097,0.05869474675045965,0.0597831565484961,5.102844266666638,0.014132430893362326,0.0446604715068085,0.04548858791119386,-2.4398195361880175,0.00011507903804607625,0.030716840997091294,0.03128640775405467,-9.786765978949063
15,50,200,0,2,2.0,0.008,446.2543993088337,892.5087986176674,212,106,0.3867924528301887,0.3333333333333333,0.04165246116822869,0.10805595010270207,0.13451127627323706,30.673161599999997,0.030010936681722014,0.09687194511062437,0.12059134848856153,23.240233323169107,0.018683398867598552,0.08577722748731216,0.10678005402382088,16.00778054406281
15,50,200,0,2,0.2,0.015,836.7269987040631,167.34539974081264,216,109,0.7981651376146789,0.8333333333333334,-0.0017215321825625857,-0.08919367372958256,-0.07055392189169801,-73.90358999999997,-0.02161946115263027,-0.10724575423179498,-0.08484474542213952,-81.46269675283058,-0.04099771394304103,-0.12519764406433567,-0.09904692557927856,-88.82438156668252
15,50,200,0,2,0.25,0.015,836.7269987040631,209.18174967601578,215,108,0.7870370370370371,0.8,-0.046397222719117184,-0.0333672718933437,-0.02778897954673608,-48.093058500000005,-0.06362468397658591,-0.05036524057672853,-0.04194938078523922,-55.59979504228985,-0.0803991920990641,-0.06726021867691809,-0.05602126571157873,-62.909160666162826
15,50,200,0,2,0.3333333333333333,0.015,836.7269987040631,278.90899956802104,214,107,0.7663551401869159,0.75,-0.04850409994552786,0.0367892913232046,0.03346729776742713,-23.619353000000018,-0.06351109074403616,0.02137391305185313,0.019445983851661172,-30.993146708026764,-0.0781334993733911,0.0060501151802616945,0.005504394156121013,-38.177973179570365
15,50,200,0,2,0.5,0.015,836.7269987040631,418.36349935203157,211,104,0.7307692307692307,0.6666666666666666,-0.017694801837174336,0.1424296139149851,0.14853296467125426,21.020531250000005,-0.030214672835735108,0.12932660000013194,0.13488207776236233,13.748606021066784,-0.04239960815188411,0.11633401784683768,0.12133137375922046,6.671221713464177
15,50,200,0,2,0.75,0.015,836.7269987040631,627.5452490280474,205,98,0.6224489795918368,0.5714285714285714,-0.060858431548621056,0.10362551499524696,0.12988428949460862,-3.166461375000015,-0.07107713343758285,0.09334250182970605,0.11700426558376448,-10.09009304725291,-0.08101437414625301,0.0831558294862264,0.10423533296541926,-16.82302206827357
15,50,200,0,2,1.0,0.015,836.7269987040631,836.7269987040631,204,95,0.5789473684210527,0.5,-0.04970529049684656,0.15814181671186922,0.22369592320446663,50.12123999999998,-0.0586370008081327,0.14929443463174902,0.2111903594944656,43.306970106752956,-0.06731246280090995,0.1405441606037201,0.1988123125685186,36.6881997473191
15,50,200,0,2,1.3333333333333333,0.015,836.7269987040631,1115.6359982720842,201,92,0.42391304347826086,0.4285714285714286,-0.07322966306630516,-0.010162725816886093,-0.01625944921443856,-80.72427700000004,-0.08105864318847718,-0.017733812988688386,-0.028373546594833484,-87.33976299669013,-0.08866155653557227,-0.025225935091595052,-0.04036070782838197,-93.76422263215562
15,50,200,0,2,2.0,0.015,836.7269987040631,1673.4539974081263,195,89,0.3258426966292135,0.3333333333333333,-0.03348981925827341,-0.016545898844537853,-0.03123278389707893,-110.9268795,-0.039871094835956605,-0.022745499086952073,-0.0429374526841323,-117.26406390211717,-0.04607281992909505,-0.028888459561893107,-0.05453372822528248,-123.42293841678352
15,50,200,0,2,0.2,0.025,1394.5449978401055,278.9089995680211,212,101,0.8514851485148515,0.8333333333333334,-0.11221873148615154,0.04943606200673476,0.05352661634233111,-26.12874749999996,-0.12306805404309956,0.03723265729880191,0.04031817167306332,-32.889780883181785,-0.13366429755974457,0.025079948360222825,0.027158353362320038,-39.49310157683021
15,50,200,0,2,0.25,0.025,1394.5449978401055,348.63624946002636,207,98,0.826530612244898,0.8,-0.08705165140149779,0.06850830617343442,0.07984228324615819,-37.70255499999999,-0.09708284406492278,0.057485496784057684,0.06700426558376443,-44.361719904088304,-0.10686806638457065,0.04653054595260519,0.054235332965419374,-50.857598433795715
15,50,200,0,2,0.3333333333333333,0.025,1394.5449978401055,464.8483326133684,200,95,0.8,0.75,-0.11991653101545985,0.123294083764625,0.15698881636204276,15.969936666666651,-0.12860859133931685,0.11349554960096826,0.1445236928277988,9.417640450842606,-0.13707733510083592,0.10377497568426937,0.13214564590185204,3.0336859413366097
15,50,200,0,2,0.5,0.025,1394.5449978401055,697.2724989200527,195,88,0.7386363636363636,0.6666666666666666,-0.07483637925909807,0.16202211484858195,0.23625317478822794,37.516654999999986,-0.08220471699473572,0.15409366702228233,0.22470791195276807,31.4699244764493,-0.08938591031907112,0.1462308599823655,0.21324193164241734,25.576771579865962
15,50,200,0,2,0.75,0.025,1394.5449978401055,1045.908748380079,187,82,0.6585365853658537,0.5714285714285714,-0.0738488096046238,0.18190472418021023,0.3113477003475962,90.78842750000004,-0.07996297871701205,0.17560701250766944,0.3005800997741703,85.10569139663414,-0.08591779148951427,0.16936500908883392,0.2898958908486164,79.57106700057057
15,50,200,0,2,1.0,0.025,1394.5449978401055,1394.5449978401055,177,78,0.5512820512820513,0.5,-0.006104433616877641,0.1018763616047401,0.19888432929854308,36.61760750000002,-0.011432054535285539,0.0966369521667982,0.18866155832177156,31.319516059339897,-0.01662920323405259,0.09143120670561389,0.17849853031941543,26.15117366815422
15,50,200,0,2,1.3333333333333333,0.025,1394.5449978401055,1859.3933304534737,174,72,0.4722222222222222,0.4285714285714286,0.004559098631387333,0.08634905489208405,0.18232197285743496,67.05047833333333,-5.8212039181864565e-05,0.0818704486191812,0.17286707947650717,62.06672319749136,-0.004555608484046765,0.07742745293592468,0.16348582285894733,57.21239906182513
15,50,200,0,2,2.0,0.025,1394.5449978401055,2789.089995680211,160,64,0.328125,0.3333333333333333,-0.018059778332041775,-0.011394036293506769,-0.025881649606667417,-84.31605249999998,-0.021861506135095885,-0.015101201970882137,-0.034303336761623254,-88.82948734609042,-0.025559040849249818,-0.018772195700394893,-0.04264223153278743,-93.21922351028515
15,50,200,1,1,0.2,0.002,111.56359982720842,22.312719965441687,304,152,0.6578947368421053,0.8333333333333334,-0.40310150969674297,-0.3808987453941994,-0.06612528036325896,-36.571762119999995,-0.5197630313900325,-0.4958311866223067,-0.08609542480885515,-47.55653725968835,-0.6330123168223426,-0.6098892185604232,-0.10590029989037009,-58.220018389952614
15,50,200,1,1,0.25,0.002,111.56359982720842,27.890899956802105,304,152,0.6381578947368421,0.8,-0.35165407908729224,-0.34732022555206554,-0.06362528036325897,-34.995469650000004,-0.46298060062231516,-0.45629106879850506,-0.08359542480885515,-45.98024478968834,-0.5710509294720651,-0.5643925305594611,-0.10340029989037008,-56.64372591995261
15,50,200,1,1,0.3333333333333333,0.002,111.56359982720842,37.187866609069474,304,152,0.5986842105263158,0.75,-0.28530330774747054,-0.3183565366765216,-0.06345861369659231,-34.79169926666667,-0.3885785745568842,-0.4185314642036589,-0.0834287581421885,-45.77647440635502,-0.4888331400660362,-0.5178852548007815,-0.10323363322370341,-56.43995553661928
15,50,200,1,1,0.5,0.002,111.56359982720842,55.78179991360421,304,152,0.5789473684210527,0.6666666666666666,-0.1913379095830941,-0.18647763539486992,-0.042125280363258966,-22.1491417,-0.28171194142917044,-0.2748993446001287,-0.06209542480885516,-33.133916839688354,-0.36944262057385796,-0.36257645119139364,-0.08190029989037008,-43.79739796995261
15,50,200,1,1,0.75,0.002,111.56359982720842,83.67269987040632,304,152,0.5394736842105263,0.5714285714285714,-0.10965601724685144,-0.07187743438176201,-0.019125280363258963,-8.384815399999997,-0.1862872437011994,-0.14694967355577632,-0.03909542480885516,-19.369590539688346,-0.26067708117111155,-0.22139111887247634,-0.05890029989037009,-30.033071669952616
15,50,200,1,1,1.0,0.002,111.56359982720842,111.56359982720842,304,151,0.48344370860927155,0.5,-0.01211193989719774,-0.0399596810232411,-0.012102113150425257,-6.133899200000001,-0.07913250705751079,-0.10550185932790011,-0.031950060171954786,-17.087026832080824,-0.1441742911137582,-0.17046902197405206,-0.0516246400226703,-27.71676323049461
15,50,200,1,1,1.3333333333333333,0.002,111.56359982720842,148.7514664362779,304,151,0.44370860927152317,0.4285714285714286,0.01317949573179351,0.024379241180822245,0.008564553516241398,8.919542599999996,-0.04471957886926929,-0.032122775672502275,-0.011283393505288146,-2.0335850320808353,-0.10090918255094132,-0.08813448125549633,-0.030957973356003636,-12.663321430494614
15,50,200,1,1,2.0,0.002,111.56359982720842,223.12719965441684,304,151,0.3576158940397351,0.3333333333333333,-0.013252852510739507,0.04566167558610693,0.01989788684957473,18.842783599999997,-0.06080125661280499,0.00011462258566783738,4.993982804520243e-05,7.889655967919168,-0.10694579347457393,-0.0450427458453192,-0.019624640022670305,-2.7400804304946025
15,50,200,1,1,0.2,0.004,223.12719965441684,44.625439930883374,304,150,0.78,0.8333333333333334,-0.13496220835803194,-0.1352919591023849,-0.040484775044482633,-23.298122399999997,-0.20234373659161645,-0.20118089270780634,-0.06020469553505442,-34.208762465452686,-0.26772206522251596,-0.2664903605528979,-0.07974898015497048,-44.79503782121241
15,50,200,1,1,0.25,0.004,223.12719965441684,55.78179991360421,304,150,0.76,0.8,-0.11330499282484437,-0.0998380022009649,-0.03208477504448262,-18.4509517,-0.17550283116314686,-0.16119180182260998,-0.0518046955350544,-29.361591765452673,-0.23585157690421366,-0.2220044061759439,-0.07134898015497043,-39.947867121212404
15,50,200,1,1,0.3333333333333333,0.004,223.12719965441684,74.37573321813895,304,150,0.7266666666666667,0.75,-0.09838087119469126,-0.05801261466590624,-0.0207514417111493,-13.121557066666671,-0.15362431030519796,-0.1131335517488731,-0.04047136220172108,-24.032197132119343,-0.2072254056135058,-0.167767599508895,-0.06001564682163711,-34.618472487879075
15,50,200,1,1,0.5,0.004,223.12719965441684,111.56359982720842,304,149,0.6644295302013423,0.6666666666666666,-0.015444834333702086,-0.009590944216054175,-0.0040616078316489165,-10.529025000000004,-0.06266753193955697,-0.05585812222170502,-0.02365933089815403,-21.40801755784514,-0.10847314858831905,-0.10169327270741772,-0.04307332028727068,-31.960548181754408
15,50,200,1,1,0.75,0.004,223.12719965441684,167.34539974081264,304,148,0.5945945945945946,0.5714285714285714,0.025384305035385194,0.04303074153518684,0.021958864170840482,4.1731111999999975,-0.013514488296728631,0.004871019034711371,0.00248603373874629,-6.669277424895556,-0.051236366791342816,-0.032912555596936545,-0.01679766041957083,-17.18362070561737
15,50,200,1,1,1.0,0.004,223.12719965441684,223.12719965441684,304,148,0.4797297297297297,0.5,0.01696113037377441,-0.04387923233934192,-0.026041135829159533,-19.279954,-0.016580214559332583,-0.07668456687769461,-0.045513966261253695,-30.12234262489556,-0.049106738642229045,-0.1091748518562498,-0.06479766041957083,-40.636685905617355
15,50,200,1,1,1.3333333333333333,0.004,223.12719965441684,297.5029328725558,303,148,0.42567567567567566,0.4285714285714286,0.025114388818177884,-0.008816014425853605,-0.006041135829159546,-11.302259200000016,-0.0038232835130809577,-0.03722967734425018,-0.02551396626125367,-22.144647824895543,-0.03188542287758218,-0.06536821543621334,-0.04479766041957081,-32.65899110561736
15,50,200,1,1,2.0,0.004,223.12719965441684,446.2543993088337,303,148,0.3581081081081081,0.3333333333333333,0.05301587157403278,0.04911352313148326,0.04195886417084048,11.177658000000003,0.029724194360354277,0.02631841217355878,0.022486033738746337,0.3352693751044633,0.007137225908949923,0.0037481262358959803,0.0032023395804292136,-10.17907390561734
15,50,200,1,1,0.2,0.008,446.2543993088337,89.25087986176675,299,147,0.8163265306122449,0.8333333333333334,0.022813443932942795,-0.047510688528199986,-0.026046477994893943,-25.737894400000005,-0.015541043532033396,-0.08274264806617412,-0.04536860162435333,-36.38441601128338,-0.052767509855958336,-0.11767436052785889,-0.06452200055187104,-46.717819073735875
15,50,200,1,1,0.25,0.008,446.2543993088337,111.56359982720842,299,147,0.7959183673469388,0.8,0.07516497339842441,-0.013538142065743431,-0.008046477994893945,-24.309139400000007,0.03953416403867002,-0.04603803834964829,-0.02736860162435331,-34.95566101128338,0.004951271334489845,-0.07825688995390932,-0.046522000551871105,-45.289064073735894
15,50,200,1,1,0.3333333333333333,0.008,446.2543993088337,148.7514664362779,298,144,0.7430555555555556,0.75,0.11856684820860827,-0.01878225615502871,-0.012647427593372302,-28.318153866666673,0.08720867840460107,-0.046918166679073225,-0.031599174380318944,-38.86296352749754,0.05679828426854026,-0.07477657565800949,-0.05036168761543837,-49.08906472791357
15,50,200,1,1,0.5,0.008,446.2543993088337,223.12719965441684,296,142,0.6549295774647887,0.6666666666666666,0.046614345673123524,-0.026992792738548918,-0.021941137129701756,-32.2957504,0.022451669782307164,-0.04999393575069946,-0.0406417784398515,-42.764504138283215,-0.0009687750542770887,-0.07275337133427602,-0.05914370121337209,-52.91167784301492
15,50,200,1,1,0.75,0.008,446.2543993088337,334.6907994816253,292,141,0.574468085106383,0.5714285714285714,0.10523446518924358,0.004164691861747907,0.004078735677706571,-29.446538200000006,0.08544798430535683,-0.014800243775288427,-0.014496413802951108,-39.877403432573765,0.0662742648997717,-0.03355692179766409,-0.03286804134567227,-49.985238388193
15,50,200,1,1,1.0,0.008,446.2543993088337,446.2543993088337,291,141,0.5106382978723404,0.5,0.07086478388391118,0.01951006647079403,0.02207873567770658,-31.58622640000001,0.054042419370142404,0.0030956830693365843,0.003503586197048908,-42.01709163257377,0.03774102152085914,-0.013137037674929332,-0.014868041345672243,-52.124926588193
15,50,200,1,1,1.3333333333333333,0.008,446.2543993088337,595.0058657451116,289,138,0.4492753623188406,0.4285714285714286,0.0897570148019751,0.04002189688437815,0.05146563689800072,-12.14023626666669,0.07535028197659645,0.025872801863435886,0.033273013441083306,-22.405387708703174,0.06139544282797824,0.011891135547736879,0.015292271590760374,-32.34855379265249
15,50,200,1,1,2.0,0.008,446.2543993088337,892.5087986176674,286,137,0.40875912408759124,0.3333333333333333,0.09729441852316252,0.15173532806135767,0.24615268659579398,82.23123279999999,0.08577096448860878,0.14059122531250368,0.22808504474465024,72.00287125589304,0.07461202706409377,0.12958824102905875,0.21023459812512696,62.098059201820035
15,50,200,1,1,0.2,0.015,836.7269987040631,167.34539974081264,292,137,0.8613138686131386,0.8333333333333334,0.02335975259809932,0.07847531108760677,0.06712562348054739,25.37379840000001,0.0028953755700322176,0.05738099207374906,0.04908504474465031,15.273299837630534,-0.016940321412673355,0.0365136109535682,0.031234598125126984,5.483095690070533
15,50,200,1,1,0.25,0.015,836.7269987040631,209.18174967601578,290,134,0.8432835820895522,0.8,0.007189422945385507,0.11662248359357255,0.10690978838603103,32.82738600000001,-0.0108132370965345,0.09737205918182908,0.08927113865535136,23.00044140862579,-0.02826984187200632,0.07832812823738095,0.07181157772822636,13.471566926597555
15,50,200,1,1,0.3333333333333333,0.015,836.7269987040631,278.90899956802104,287,133,0.7894736842105263,0.75,0.04621528266457966,0.09479032106089981,0.10316589370274427,-1.7185605000000308,0.030285273369469883,0.0786988750821775,0.08566650329225173,-11.408647994460395,0.014830793821002091,0.06277907371420989,0.06833723759592614,-20.809474838420464
15,50,200,1,1,0.5,0.015,836.7269987040631,418.36349935203157,280,129,0.7054263565891473,0.6666666666666666,0.03213649743813194,0.08338341141927083,0.11074416584023172,5.964578999999993,0.019326854290107054,0.07057923579363187,0.09374796183985326,-3.566677488826514,0.006912748793347553,0.057925075050719164,0.07693987706672534,-12.803626731023783
15,50,200,1,1,0.75,0.015,836.7269987040631,627.5452490280474,272,120,0.5916666666666667,0.5714285714285714,0.025769834238831477,0.03997766074677959,0.06215406054188172,-10.101286874999992,0.015378680289509481,0.029782824845718342,0.046306243571956535,-19.165160008592004,0.005324873720759422,0.019726573927151585,0.030670815876023605,-27.93477575033259
15,50,200,1,1,1.0,0.015,836.7269987040631,836.7269987040631,269,119,0.5546218487394958,0.5,0.0475838545371636,0.10855939660116781,0.1934246741925634,47.27972850000001,0.03860939317024666,0.099730437421517,0.17770160820885691,38.252165779082716,0.02992906267867272,0.09102858233639653,0.16219647574372342,29.520474288399548
15,50,200,1,1,1.3333333333333333,0.015,836.7269987040631,1115.6359982720842,257,116,0.5,0.4285714285714286,0.11483733910151073,0.14150147330938803,0.2884887092029294,117.80768449999992,0.10714400500323885,0.1339693773987186,0.2731377021195577,108.88515896014066,0.09971030471268377,0.12655609752457078,0.25802345534682275,100.26374984792817
15,50,200,1,1,2.0,0.015,836.7269987040631,1673.4539974081263,242,108,0.32407407407407407,0.3333333333333333,0.14512588746465935,-0.020314455224060942,-0.04642129237051225,-111.38557200000002,0.1390421246603067,-0.0265617268209425,-0.06069938078523916,-119.5433369043456,0.13315588519596272,-0.032719508966885975,-0.07477126571157873,-127.43624122442267
15,50,200,1,1,0.2,0.025,1394.5449978401055,278.9089995680211,279,131,0.8473282442748091,0.8333333333333334,-0.005770285146674512,0.03748469549391069,0.05318141499308475,-51.20418349999997,-0.017702835136234416,0.025341046477151366,0.0359572325660525,-60.67196593480615,-0.029286309530304665,0.013311808920227382,0.01888855733132591,-69.86277724489162
15,50,200,1,1,0.25,0.025,1394.5449978401055,348.63624946002636,273,125,0.824,0.8,0.01388913481519659,0.061615652031292184,0.09201528281984447,-43.68083187500001,0.0030513511110662446,0.05060336748609778,0.07557942038745458,-52.70171369830991,-0.007470568954291957,0.03969865061338745,0.05929251653752468,-61.45968489012623
15,50,200,1,1,0.3333333333333333,0.025,1394.5449978401055,464.8483326133684,269,117,0.7777777777777778,0.75,-0.023997394477196,0.0655658603398883,0.10675856152391296,2.0944841666666125,-0.033177546020447375,0.05608449571260452,0.09132567081599077,-6.606278764965039,-0.0420699206929005,0.046722588562089114,0.07608112881245643,-15.034292568412365
15,50,200,1,1,0.5,0.025,1394.5449978401055,697.2724989200527,257,106,0.6792452830188679,0.6666666666666666,-0.01969309745286003,0.026074914030749404,0.04860731862513515,-26.45232874999997,-0.02724936049031524,0.018555481783381792,0.034591348488561435,-34.50274802277805,-0.03455737006572243,0.011146830948906243,0.02078005402382088,-42.28867882480029
15,50,200,1,1,0.75,0.025,1394.5449978401055,1045.908748380079,237,101,0.6138613861386139,0.5714285714285714,-0.004135434024154596,0.08611388075513113,0.18617490993738636,18.48859625000005,-0.010340939959885996,0.07993233754807938,0.17281817167306332,10.828617456899552,-0.016343184241247928,0.0738456220765392,0.15965835336232012,3.419541648671835
15,50,200,1,1,1.0,0.025,1394.5449978401055,1394.5449978401055,226,96,0.5208333333333334,0.5,0.07038543812221754,0.040962627748511796,0.0987394105130889,20.978992499999947,0.065001051881474,0.035695862228838644,0.086044994857565,13.79840151415111,0.059787704562040266,0.030506762513306217,0.073536652700819,6.845907191816465
15,50,200,1,1,1.3333333333333333,0.025,1394.5449978401055,1859.3933304534737,215,88,0.4659090909090909,0.4285714285714286,0.08197890239799442,0.07397295755107684,0.19050374183446706,40.0907258333333,0.07736942952533653,0.06945591909755312,0.17887457861943465,33.54768498496984,0.07290439594331458,0.06500374815768913,0.1674085983090838,27.20967239143035
15,50,200,1,1,2.0,0.025,1394.5449978401055,2789.089995680211,197,75,0.3333333333333333,0.3333333333333333,0.06629851146840345,-0.0003571918928398321,-0.0009534958253426332,-121.81807500000008,0.06257498502115351,-0.0040840306194437105,-0.01090234776752727,-127.57554317845893,0.05897660397807183,-0.007744685119046183,-0.020674490077485223,-133.1395064382912
15,50,200,1,2,0.2,0.002,111.56359982720842,22.312719965441687,152,81,0.6419753086419753,0.8333333333333334,-0.31709429635502706,-0.4083998325867175,-0.038293076036034,-23.3155736,-0.4380293908858847,-0.5222288953006786,-0.04897453558892939,-29.383384829482527,-0.5551097287192437,-0.6347681695098722,-0.05952844928368405,-35.25778705666723
15,50,200,1,2,0.25,0.002,111.56359982720842,27.890899956802105,152,81,0.6419753086419753,0.8,-0.27014847023088195,-0.33882146408723307,-0.033093076036034,-20.509695800000003,-0.38495074871206447,-0.4481086753449768,-0.0437745355889294,-26.577507029482526,-0.49609375150011475,-0.5561463785858024,-0.05432844928368405,-32.451909256667236
15,50,200,1,2,0.3333333333333333,0.002,111.56359982720842,37.187866609069474,152,81,0.6049382716049383,0.75,-0.17605541840733618,-0.30518602983662385,-0.03242640936936734,-19.570502933333334,-0.2831218549191852,-0.4057114609236256,-0.04310786892226273,-25.638314162815863,-0.3867755925381081,-0.5050400487339461,-0.05366178261701739,-31.51271639000057
15,50,200,1,2,0.5,0.002,111.56359982720842,55.78179991360421,152,81,0.5432098765432098,0.6666666666666666,-0.11947790631210368,-0.25529222210340313,-0.031093076036034,-19.0186655,-0.21123051773754442,-0.34297752302918894,-0.04177453558892939,-25.086476729482527,-0.30005855218409233,-0.42962732358975,-0.05232844928368406,-30.960878956667237
15,50,200,1,2,0.75,0.002,111.56359982720842,83.67269987040632,152,81,0.5061728395061729,0.5714285714285714,-0.09620106826902902,-0.13739714751680582,-0.019593076036034003,-13.149894,-0.17295981629677457,-0.21227067722493495,-0.030274535588929397,-19.217705229482526,-0.24727191061163914,-0.28626971185185435,-0.040828449283684065,-25.092107456667243
15,50,200,1,2,1.0,0.002,111.56359982720842,111.56359982720842,152,81,0.41975308641975306,0.5,-0.057910449188886125,-0.16844350672225403,-0.027093076036034,-19.769574000000002,-0.12507435371316344,-0.23477575127045106,-0.03777453558892939,-25.83738522948253,-0.19009743623866998,-0.3003702841455475,-0.04832844928368406,-31.71178745666724
15,50,200,1,2,1.3333333333333333,0.002,111.56359982720842,148.7514664362779,152,81,0.4074074074074074,0.4285714285714286,0.03304913379488864,-0.04866556213248667,-0.009093076036034,-9.367942866666667,-0.024761307995364013,-0.10580943789151342,-0.019774535588929408,-15.435754096149202,-0.0807290655876111,-0.16228124076018421,-0.030328449283684066,-21.310156323333906
15,50,200,1,2,2.0,0.002,111.56359982720842,223.12719965441684,152,81,0.2839506172839506,0.3333333333333333,0.10845454859719152,-0.11382965986544433,-0.025093076036034,-22.888729400000003,0.06257824288447106,-0.16223603490787156,-0.0357745355889294,-28.956540629482532,0.018164225661197114,-0.21009759571948794,-0.046328449283684056,-34.83094285666724
15,50,200,1,2,0.2,0.004,223.12719965441684,44.625439930883374,152,80,0.8125,0.8333333333333334,0.017873905271423754,-0.06013014693210965,-0.009072979364344279,-2.6379701600000005,-0.05880143317636387,-0.13014484312960045,-0.019629170952029033,-8.668381774119924,-0.1329985353799886,-0.1992552601283393,-0.030052789415984254,-14.503883461112368
15,50,200,1,2,0.25,0.004,223.12719965441684,55.78179991360421,152,80,0.8,0.8,0.03508530389909816,-0.006661920498452387,-0.0010729793643442813,1.5851745000000008,-0.034153201118987696,-0.07222662544105468,-0.011629170952029021,-4.445237114119921,-0.1011538370112097,-0.13696578781489516,-0.022052789415984243,-10.280738801112369
15,50,200,1,2,0.3333333333333333,0.004,223.12719965441684,74.37573321813895,152,80,0.7625,0.75,0.026136142629985187,0.023309611098813802,0.004260353968989059,6.363481999999997,-0.03305116322323321,-0.03445733018171707,-0.0062958376186956835,0.333070385880077,-0.09032546641445909,-0.09150614319973094,-0.016719456082650908,-5.5024313011123684
15,50,200,1,2,0.5,0.004,223.12719965441684,111.56359982720842,152,80,0.6375,0.6666666666666666,0.033788081757776374,-0.06490754711049411,-0.015072979364344279,-7.610130200000002,-0.01433118555995888,-0.11037425181941239,-0.025629170952029018,-13.640541814119917,-0.06089518211236769,-0.155264470522292,-0.03605278941598425,-19.476043501112365
15,50,200,1,2,0.75,0.004,223.12719965441684,167.34539974081264,152,80,0.575,0.5714285714285714,0.13523186969998902,0.003327303648595787,0.0009270206356557266,2.8440326999999943,0.09533468118333026,-0.03456535605056276,-0.009629170952029028,-3.1863789141199206,0.05672701626870322,-0.07198250082208764,-0.02005278941598424,-9.021880601112366
15,50,200,1,2,1.0,0.004,223.12719965441684,223.12719965441684,152,80,0.475,0.5,0.12960166928272837,-0.05308500313085868,-0.017072979364344276,-11.357237200000004,0.09575652543053198,-0.0859072813071294,-0.02762917095202902,-17.387648814119927,0.06300529604785603,-0.11831740049514025,-0.03805278941598423,-23.223150501112364
15,50,200,1,2,1.3333333333333333,0.004,223.12719965441684,297.5029328725558,152,80,0.425,0.4285714285714286,0.10083237814871938,-0.010068524198656947,-0.003739646031010955,-4.322828400000005,0.07205204662075886,-0.03848779296210763,-0.014295837618695677,-10.353240014119919,0.044201928928896086,-0.06655065154075125,-0.02471945608265088,-16.18874170111236
15,50,200,1,2,2.0,0.004,223.12719965441684,446.2543993088337,152,80,0.4,0.3333333333333333,0.08394397223998888,0.13296840374860042,0.06292702063565574,29.845132,0.06084316968442772,0.1106575746385196,0.052370829047970996,23.81472038588009,0.03848901197349834,0.08863286433420063,0.04194721058401579,17.979218698887646
15,50,200,1,2,0.2,0.008,446.2543993088337,89.25087986176675,150,80,0.8375,0.8333333333333334,0.1641722817732741,0.007459927158937224,0.002127020635655728,5.322269600000005,0.12007472514460592,-0.029564674607284257,-0.008429170952029028,-0.7081420141199208,0.0774024529076149,-0.06612472183744923,-0.01885278941598424,-6.543643701112367
15,50,200,1,2,0.25,0.008,446.2543993088337,111.56359982720842,150,79,0.7721518987341772,0.8,0.1260884697264776,-0.06916844922169547,-0.023067257235498725,-11.866352599999997,0.08887639989597769,-0.10040778965418821,-0.03348380631512865,-17.75034055415997,0.05283501215406853,-0.1312743471868158,-0.04377712954828448,-23.44921976970918
15,50,200,1,2,0.3333333333333333,0.008,446.2543993088337,148.7514664362779,150,79,0.759493670886076,0.75,0.15940016824902833,0.01912584598163436,0.006932742764501275,7.514637599999995,0.12714034740869293,-0.009611841674032123,-0.0034838063151286756,1.6306496458400144,0.09589541218506613,-0.0380111797161861,-0.013777129548284486,-4.068229569709186
15,50,200,1,2,0.5,0.008,446.2543993088337,223.12719965441684,150,79,0.6835443037974683,0.6666666666666666,0.10086314493040685,0.0336557889369109,0.014932742764501272,-3.3556859999999964,0.07615488035691939,0.010177900117466014,0.004516193684871342,-9.239673954159972,0.0522239313938803,-0.013019602703283084,-0.005777129548284473,-14.938553169709174
15,50,200,1,2,0.75,0.008,446.2543993088337,334.6907994816253,148,79,0.6075949367088608,0.5714285714285714,0.10155357905599105,0.0716385717782175,0.038932742764501274,7.9971748,0.08180733937353935,0.052468157100357606,0.028516193684871384,2.1131868458400387,0.06268231128234174,0.033529034072570615,0.018222870451715542,-3.585692369709168
15,50,200,1,2,1.0,0.008,446.2543993088337,446.2543993088337,146,79,0.5822784810126582,0.5,0.06706567618356539,0.16408782550275244,0.10293274276450125,27.24473519999999,0.05026798740027502,0.14746727119206252,0.09251619368487134,21.360747245840038,0.03399874955986125,0.13106010798924297,0.08222287045171553,15.661868030290826
15,50,200,1,2,1.3333333333333333,0.008,446.2543993088337,595.0058657451116,146,76,0.5,0.4285714285714286,0.07313020327273148,0.14049566099577873,0.10031157897507714,27.8587016,0.05872544241758401,0.126442203557613,0.09028562092890578,22.16239512927973,0.044780381411514976,0.11257414782113027,0.08038318338814822,16.647875170062655
15,50,200,1,2,2.0,0.008,446.2543993088337,892.5087986176674,145,74,0.4594594594594595,0.3333333333333333,0.09351868522954117,0.25027907594723237,0.2230208628726034,107.10339440000001,0.08198885659399184,0.23929834355826848,0.21324301686937316,101.47710358775255,0.07083872673218405,0.2284783970542376,0.20360116979021461,96.03609703164209
15,50,200,1,2,0.2,0.015,836.7269987040631,167.34539974081264,148,79,0.8734177215189873,0.8333333333333334,0.04879104320878034,0.11755526779884251,0.05593274276450127,19.083384300000006,0.02785323347249662,0.09565389124693326,0.04551619368487135,13.199396345840025,0.007574121813052999,0.0740221083274165,0.03522287045171555,7.50051713029082
15,50,200,1,2,0.25,0.015,836.7269987040631,209.18174967601578,147,78,0.7948717948717948,0.8,0.07786141217790135,-0.014400966622456513,-0.008558742974110892,-26.395369874999997,0.05883434178905399,-0.03169464764948765,-0.01883844167822832,-32.182919369536286,0.040400645703793196,-0.048793386339685565,-0.02900146968058464,-37.789979535941136
15,50,200,1,2,0.3333333333333333,0.015,836.7269987040631,278.90899956802104,145,78,0.7564102564102564,0.75,0.08668650269715687,0.013268165675762365,0.008941257025889071,-20.647004500000026,0.07034131168391777,-0.0019859335423918437,-0.001338441678228306,-26.43455399453629,0.054505858435676506,-0.017065483537325832,-0.01150146968058468,-32.041614160941144
15,50,200,1,2,0.5,0.015,836.7269987040631,418.36349935203157,141,77,0.6883116883116883,0.6666666666666666,0.06035736268463652,0.04514049436025678,0.03645615180174507,-31.55841225,0.04741676176392101,0.032569074134772925,0.02630692295867211,-37.29340511838517,0.034883263363723556,0.02014813011465563,0.016274190187115144,-42.84797900420705
15,50,200,1,2,0.75,0.015,836.7269987040631,627.5452490280474,139,71,0.5492957746478874,0.5714285714285714,0.036660241520422264,-0.04517812507033168,-0.042190266511011244,-63.249103875,0.026258349544930847,-0.055218914516082004,-0.051570889219925725,-68.67593089121073,0.016202892825392657,-0.0651242710793294,-0.06082185060668608,-73.92201730649953
15,50,200,1,2,1.0,0.015,836.7269987040631,836.7269987040631,138,71,0.5492957746478874,0.5,0.07168639102456986,0.09749962813037515,0.10405969592766508,13.782644999999999,0.06270980236486096,0.08870446250281314,0.09467911078007427,8.355896655130778,0.054032170044446444,0.08003727550997167,0.08542814939331392,3.1098807556208854
15,50,200,1,2,1.3333333333333333,0.015,836.7269987040631,1115.6359982720842,135,69,0.43478260869565216,0.4285714285714286,0.13435730406842394,0.011695188849102608,0.014103414399293608,-27.11272700000006,0.12667488415541325,0.004121082869203367,0.004969840053874875,-32.47133003503357,0.11925686584685762,-0.00333389821787999,-0.0040205308712864905,-37.64550898805348
15,50,200,1,2,2.0,0.015,836.7269987040631,1673.4539974081263,128,67,0.2835820895522388,0.3333333333333333,0.1781154258709248,-0.1101912071173453,-0.1508673431864368,-149.9781495,0.17206830325938943,-0.11666397392261119,-0.15973943067232432,-155.16951626604208,0.16622834004857165,-0.12303967512590604,-0.16846921113588684,-160.18303970109113
15,50,200,1,2,0.2,0.025,1394.5449978401055,278.9089995680211,143,76,0.8289473684210527,0.8333333333333334,0.014811557735498608,-0.012778621270889131,-0.011043171929671771,-34.00506699999998,0.0026636494422668526,-0.02435373246748335,-0.02104771240442757,-39.57172561475218,-0.009116882866230342,-0.03581157216092381,-0.03095014994518496,-44.97003782443522
15,50,200,1,2,0.25,0.025,1394.5449978401055,348.63624946002636,140,75,0.8,0.8,-0.018437343512979355,-0.0010988126871932442,-0.0010369666015702878,-60.07765562499999,-0.028999559707384326,-0.011551382982328502,-0.010902347767527201,-65.50975957332226,-0.03925110718696232,-0.02190527746332833,-0.02067449007748516,-70.78208789109775
15,50,200,1,2,0.3333333333333333,0.025,1394.5449978401055,464.8483326133684,136,73,0.726027397260274,0.75,-0.017509635203291726,-0.05429927705582355,-0.059332368496967866,-84.75416333333335,-0.026695767455791,-0.06309219148423703,-0.06894495182705988,-90.1018497962194,-0.035603997088952316,-0.07179630447040909,-0.07845650367541894,-95.2877558672512
15,50,200,1,2,0.5,0.025,1394.5449978401055,697.2724989200527,135,67,0.6417910447761194,0.6666666666666666,-0.0006171550140502363,-0.052247135503839526,-0.06341242292476142,-86.66583875000003,-0.00819255323160483,-0.059516552213217624,-0.07223943067232436,-91.60027177594505,-0.01553581523060327,-0.0667088352909495,-0.0809692111358868,-96.38349682701332
15,50,200,1,2,0.75,0.025,1394.5449978401055,1045.908748380079,127,63,0.5079365079365079,0.5714285714285714,0.03824146978659651,-0.12659161469087,-0.17583155281713,-145.48892375000005,0.03200454262978693,-0.13258127787536922,-0.18415797212472293,-150.26720815488304,0.02597193204645058,-0.13849091406473624,-0.1923665716650875,-154.88895991602323
15,50,200,1,2,1.0,0.025,1394.5449978401055,1394.5449978401055,121,61,0.45901639344262296,0.5,0.09048834980622834,-0.08208783174482884,-0.12579404080326922,-112.31676750000004,0.0850945054330763,-0.08735324371887145,-0.13386724285092222,-117.00883829399329,0.0798826962010988,-0.09253960865290087,-0.1418152519296879,-121.54255788051807
15,50,200,1,2,1.3333333333333333,0.025,1394.5449978401055,1859.3933304534737,116,58,0.3793103448275862,0.4285714285714286,0.1076055483121967,-0.10110846071985344,-0.16742769682450637,-140.65867666666674,0.1030050985784544,-0.10573646197262719,-0.1750978156068878,-145.04600501257795,0.09855448384151806,-0.11029998828959209,-0.1826549389932553,-149.29043964879924
15,50,200,1,2,2.0,0.025,1394.5449978401055,2789.089995680211,113,52,0.28846153846153844,0.3333333333333333,0.13169364087642893,-0.09846538901168642,-0.17567039857524397,-153.76551749999996,0.12803900957199693,-0.10232430815583994,-0.18255896111881895,-157.73736279163302,0.12450591895862229,-0.10612189334050692,-0.18933431312038976,-161.5771179266112
15,100,200,0,1,0.2,0.002,111.56359982720842,22.312719965441687,280,143,0.6503496503496503,0.8333333333333334,-0.44606401341218005,-0.394924655057262,-0.06484771396766946,-31.92708832,-0.5607607511041961,-0.5089532793919915,-0.0835871430767519,-41.81176940195028,-0.6724910185511757,-0.6224028854748035,-0.10221936108107185,-51.4407970721181
15,100,200,0,1,0.25,0.002,111.56359982720842,27.890899956802105,280,143,0.6293706293706294,0.8,-0.377064488145255,-0.3639812661407702,-0.06304771396766948,-32.70279845,-0.4871733563295905,-0.47202173110009715,-0.08178714307675189,-42.58747953195028,-0.5944344130786907,-0.5795546692341528,-0.10041936108107186,-52.2165072021181
15,100,200,0,1,0.3333333333333333,0.002,111.56359982720842,37.187866609069474,280,143,0.6153846153846154,0.75,-0.3213180098562626,-0.2868086581835972,-0.05338104730100281,-28.318029733333333,-0.42337051601293746,-0.3873854700309491,-0.07212047641008526,-38.202710815283616,-0.5227835772382482,-0.4874659310678545,-0.09075269441440519,-47.83173848545144
15,100,200,0,1,0.5,0.002,111.56359982720842,55.78179991360421,280,143,0.5734265734265734,0.6666666666666666,-0.23486435472927336,-0.1975092739874694,-0.04204771396766947,-22.304680600000005,-0.32439006054647385,-0.2854925551784336,-0.06078714307675188,-32.189361681950274,-0.4116003095528124,-0.37300052573692044,-0.07941936108107187,-41.8183893521181
15,100,200,0,1,0.75,0.002,111.56359982720842,83.67269987040632,280,143,0.5244755244755245,0.5714285714285714,-0.1635011243018192,-0.10189658257498727,-0.025547713967669472,-20.8165768,-0.2398035077595901,-0.1765634012456909,-0.044287143076751904,-30.70125788195028,-0.31413243709209504,-0.25084608364614713,-0.06291936108107185,-40.33028555211811
15,100,200,0,1,1.0,0.002,111.56359982720842,111.56359982720842,280,142,0.47183098591549294,0.5,-0.08446912479921594,-0.06336865359001422,-0.01802720761104068,-15.046419199999997,-0.15145162418493713,-0.12876976529563064,-0.03664177843985152,-24.894567723037405,-0.21668446871508662,-0.19379085200339077,-0.05514370121337206,-34.48547202497612
15,100,200,0,1,1.3333333333333333,0.002,111.56359982720842,148.7514664362779,280,142,0.4225352112676056,0.4285714285714286,-0.07806600579111299,-0.018351193835435087,-0.006027207611040693,-10.154570800000005,-0.13666323553163445,-0.07501499768533751,-0.024641778439851544,-20.002719323037418,-0.19372984266955395,-0.13133892322576604,-0.04314370121337207,-29.593623624976125
15,100,200,0,1,2.0,0.002,111.56359982720842,223.12719965441684,280,142,0.3028169014084507,0.3333333333333333,-0.06084711249198502,-0.0713574779413388,-0.028027207611040682,-25.883183600000002,-0.10909778023366297,-0.11872369656375079,-0.04664177843985154,-35.73133212303742,-0.15608808868936294,-0.16581917059337253,-0.06514370121337205,-45.32223642497612
15,100,200,0,1,0.2,0.004,223.12719965441684,44.625439930883374,280,143,0.7272727272727273,0.8333333333333334,-0.09748630858912788,-0.24401302377727616,-0.07484771396766945,-40.887068479999996,-0.16656733269501553,-0.30507184793354847,-0.0935871430767519,-50.77174956195029,-0.23386167300648666,-0.36580845117633554,-0.11221936108107186,-60.4007772321181
15,100,200,0,1,0.25,0.004,223.12719965441684,55.78179991360421,280,143,0.7132867132867133,0.8,-0.07343962500801927,-0.19740768933432679,-0.06404771396766946,-36.79946640000001,-0.13703170013749225,-0.25513910665385076,-0.08278714307675186,-46.68414748195026,-0.1989790554389415,-0.31256115650275956,-0.10141936108107183,-56.31317515211809
15,100,200,0,1,0.3333333333333333,0.004,223.12719965441684,74.37573321813895,280,143,0.6853146853146853,0.75,-0.03726747279494808,-0.14460165314855045,-0.05138104730100279,-37.08442000000001,-0.09404044954575178,-0.19728905332493155,-0.0701204764100852,-46.96910108195027,-0.14934507288352608,-0.24971215196331062,-0.08875269441440517,-56.598128752118086
15,100,200,0,1,0.5,0.004,223.12719965441684,111.56359982720842,280,142,0.6338028169014085,0.6666666666666666,0.02132182073435776,-0.0729119539804398,-0.030027207611040697,-25.317610000000002,-0.0263383247069045,-0.11808660925756685,-0.04864177843985151,-35.16575852303738,-0.07275353593918249,-0.16300333301124434,-0.06714370121337204,-44.7566628249761
15,100,200,0,1,0.75,0.004,223.12719965441684,167.34539974081264,280,142,0.5633802816901409,0.5714285714285714,-0.0033353469710584323,-0.020271770283961946,-0.010027207611040676,-19.810002499999996,-0.041888154889892844,-0.05789305753489411,-0.028641778439851537,-29.658151023037398,-0.07943392204151609,-0.09529062633052582,-0.04714370121337202,-39.2490553249761
15,100,200,0,1,1.0,0.004,223.12719965441684,223.12719965441684,280,142,0.4647887323943662,0.5,0.032782872067469576,-0.07393345645334178,-0.0420272076110407,-46.90972959999999,-0.000626152551957143,-0.10665189159904037,-0.06064177843985151,-56.75787812303739,-0.033162497550865574,-0.13919158803905396,-0.07914370121337204,-66.3487824249761
15,100,200,0,1,1.3333333333333333,0.004,223.12719965441684,297.5029328725558,280,142,0.4225352112676056,0.4285714285714286,0.07611258018608454,-0.015265881151454363,-0.010027207611040707,-32.5539008,0.04743522401692847,-0.04359593907992211,-0.028641778439851526,-42.402049323037396,0.019506951204268035,-0.07175790185013628,-0.04714370121337199,-51.992953624976096
15,100,200,0,1,2.0,0.004,223.12719965441684,446.2543993088337,279,142,0.352112676056338,0.3333333333333333,0.020566631975869477,0.036701727487833624,0.02997279238895931,-15.989803600000002,-0.00285977283949317,0.013906426933278397,0.011358221560148485,-25.837952123037383,-0.025674254789783878,-0.00874638326351076,-0.007143701213371989,-35.42885642497608
15,100,200,0,1,0.2,0.008,446.2543993088337,89.25087986176675,280,142,0.795774647887324,0.8333333333333334,0.08669530713959973,-0.09653153252991194,-0.05323254264935017,-35.00736495999999,0.04608078395173266,-0.13026657812447817,-0.07184177843985151,-44.84055678471854,0.006522365287859438,-0.16381505396639742,-0.09034370121337204,-54.418054893094606
15,100,200,0,1,0.25,0.008,446.2543993088337,111.56359982720842,279,141,0.7801418439716312,0.8,0.0913823240174372,-0.05121474359789576,-0.03001203629272139,-20.1041144,0.055386324586193074,-0.08275360017582353,-0.04849641380295113,-29.900773665805666,0.020335669214388043,-0.11410268768622782,-0.06686804134567229,-39.44014840595262
15,100,200,0,1,0.3333333333333333,0.008,446.2543993088337,148.7514664362779,278,140,0.7428571428571429,0.75,0.062104174237809506,-0.01932176520829755,-0.012656029278996273,-7.44459920000001,0.03201374828188579,-0.0473539871045572,-0.031017715832717487,-17.208791494130566,0.002722400314192583,-0.07520258239530217,-0.04925904814463917,-26.713686989122436
15,100,200,0,1,0.5,0.008,446.2543993088337,223.12719965441684,277,140,0.6214285714285714,0.6666666666666666,0.04725641183248106,-0.09537524726746982,-0.07798936261232958,-57.7834424,0.023192580919788045,-0.1178205438786596,-0.0963510491660508,-67.54763469413056,-0.00023221358900017838,-0.14012651472862986,-0.11459238147797249,-77.05253018912245
15,100,200,0,1,0.75,0.008,446.2543993088337,334.6907994816253,276,139,0.5539568345323741,0.5714285714285714,0.08209426091855379,-0.037048568261857914,-0.035966358911800986,-28.196397599999997,0.06250090402776019,-0.055835155924515885,-0.05420568452915038,-37.92867478476294,0.043433738772019545,-0.07449062699112215,-0.07231672161027267,-47.39958568741396
15,100,200,0,1,1.0,0.008,446.2543993088337,446.2543993088337,272,139,0.4892086330935252,0.5,0.07215787934695699,-0.023272505151109527,-0.025966358911800966,-21.336978400000007,0.05540695981363236,-0.0396192864679545,-0.04420568452915037,-31.06925558476295,0.03910589651408165,-0.05585127957000819,-0.06231672161027266,-40.54016648741397
15,100,200,0,1,1.3333333333333333,0.008,446.2543993088337,595.0058657451116,271,137,0.4233576642335766,0.4285714285714286,0.0715688247680536,-0.012032692194074218,-0.015259393058852273,-24.13287546666669,0.057206852616683866,-0.02621706986338948,-0.03324828858868299,-33.790567135793594,0.04323805577742571,-0.0402925734752068,-0.051098735208206486,-43.18386851810844
15,100,200,0,1,2.0,0.008,446.2543993088337,892.5087986176674,267,133,0.3458646616541353,0.3333333333333333,0.0688253499919752,0.025030329117703518,0.03814475445921255,-22.02485199999999,0.05725995261136277,0.013560583050017472,0.020666503292251726,-31.469345358958712,0.0460175965307239,0.002189769935302242,0.0033372375959261832,-40.65003788930217
15,100,200,0,1,0.2,0.015,836.7269987040631,167.34539974081264,277,138,0.8333333333333334,0.8333333333333334,0.05064319729382846,-0.0020957170075401642,-0.0019471929270134854,3.696798000000005,0.02972931481889183,-0.021591024554600713,-0.020060319892250038,-5.996404096595442,0.00938221525903574,-0.04094378866232761,-0.03804106174257285,-15.426912676223997
15,100,200,0,1,0.25,0.015,836.7269987040631,209.18174967601578,274,136,0.7941176470588235,0.8,0.09471319484694994,-0.01634960024060657,-0.016920567457043765,0.301562999999998,0.07547483849499283,-0.033597335936783414,-0.03476959061844937,-9.216608811867301,0.05675251028559894,-0.0507200534743811,-0.05248974200717324,-18.479475834135194
15,100,200,0,1,0.3333333333333333,0.015,836.7269987040631,278.90899956802104,271,135,0.762962962962963,0.75,0.1563716254768864,0.02871007770637867,0.03308894007950117,30.82455799999996,0.13927857886057918,0.013341323197136754,0.015375774018450996,21.392122656067883,0.12264182378973286,-0.0019211251005820495,-0.0022140821394734667,12.211482126550996
15,100,200,0,1,0.5,0.015,836.7269987040631,418.36349935203157,266,127,0.6692913385826772,0.6666666666666666,0.1396239068783357,0.004247461653636738,0.005732700535703877,2.0680867499999724,0.12624145081129018,-0.008121368227945841,-0.010961308886346019,-6.947664017570305,0.11323248885888174,-0.020381609769096774,-0.02750880319787504,-15.711792075986668
15,100,200,0,1,0.75,0.015,836.7269987040631,627.5452490280474,262,121,0.5867768595041323,0.5714285714285714,0.09546270572063013,0.02997651186830198,0.04707862212416226,20.98052849999999,0.08496390673620019,0.019841027207054152,0.031160878935056126,12.30518249563009,0.07476596318167517,0.009802538299853808,0.015395156008323788,3.8784387319153613
15,100,200,0,1,1.0,0.015,836.7269987040631,836.7269987040631,256,118,0.5169491525423728,0.5,0.08534115398522828,0.03286085604874719,0.058377206742681424,12.193486499999983,0.0763800251115183,0.024118398769723937,0.04284697284575729,3.6981033203608416,0.06767846736496386,0.01546396110916493,0.027472135611423122,-4.551199681363848
15,100,200,0,1,1.3333333333333333,0.015,836.7269987040631,1115.6359982720842,250,117,0.47863247863247865,0.4285714285714286,0.12598438081406224,0.09900668627837853,0.2034003840412899,97.5896344999999,0.11832840042091645,0.09150592937743882,0.18799233748265742,89.12588244537365,0.11089691317395424,0.08408559510931733,0.17274779547912297,80.91030949122707
15,100,200,0,1,2.0,0.015,836.7269987040631,1673.4539974081263,243,111,0.36936936936936937,0.3333333333333333,0.12550773469488014,0.07371127370097402,0.17849775267489618,1.1275304999999864,0.11941477707530518,0.06766535042249572,0.1638645253040597,-6.968007649662583,0.11350416384431945,0.06169317041476575,0.1494017546853219,-14.821270036654647
15,100,200,0,1,0.2,0.025,1394.5449978401055,278.9089995680211,269,132,0.8181818181818182,0.8333333333333334,0.04932906818469688,-0.04035846123404336,-0.06187792856353131,0.688266500000033,0.036813369024137614,-0.051649964533374726,-0.07918813207084788,-8.508100226291862,0.024628999407930396,-0.06286788559457884,-0.09638710253637386,-17.46101047779745
15,100,200,0,1,0.25,0.025,1394.5449978401055,348.63624946002636,265,125,0.792,0.8,0.047960146143569464,-0.020725189648747883,-0.0329916091337986,5.060380625000016,0.03684339606397932,-0.031046266253490322,-0.049420579612545416,-3.8217208526379682,0.026037695899239228,-0.04127778432418416,-0.06570748346247536,-12.455298536133917
15,100,200,0,1,0.3333333333333333,0.025,1394.5449978401055,464.8483326133684,258,118,0.7542372881355932,0.75,0.0404137697534592,0.008842127730610834,0.01503793837413396,47.70520083333331,0.030903418913116435,-0.0002859811872749069,-0.00048636048757622063,39.206548054135126,0.021668821464945226,-0.009326424066064853,-0.0158611977219101,30.95431439996126
15,100,200,0,1,0.5,0.025,1394.5449978401055,697.2724989200527,252,108,0.6851851851851852,0.6666666666666666,0.05076541709154025,0.038909340053461465,0.0735293260392231,60.23213875000001,0.04303192564769389,0.03137997933561435,0.059300619214760764,52.33925308597627,0.035531041505940664,0.023933590679831793,0.04522873428842128,44.68376896992974
15,100,200,0,1,0.75,0.025,1394.5449978401055,1045.908748380079,235,103,0.6213592233009708,0.5714285714285714,0.0930682314188938,0.101798739686739,0.2235907043851996,101.36750875000006,0.086770025297718,0.09562185610115924,0.2100274423992626,93.91545414435305,0.08065656542208861,0.08951177647638285,0.19660703362692053,86.68199179871007
15,100,200,0,1,1.0,0.025,1394.5449978401055,1394.5449978401055,224,97,0.5670103092783505,0.5,0.05308728400365067,0.13399976804848301,0.32369104981103425,195.20719000000003,0.0477186467819405,0.128704567818666,0.3108996302206646,188.12682938686987,0.04251100599758821,0.12347249223972001,0.29826099283311913,181.2587969283249
15,100,200,0,1,1.3333333333333333,0.025,1394.5449978401055,1859.3933304534737,214,93,0.4838709677419355,0.4285714285714286,0.03979216934665074,0.10959956233852725,0.29874326753505576,170.2028366666666,0.035173802946524585,0.10510048699660307,0.28648108876826617,163.42809737428365,0.03069324814264187,0.10065499085220216,0.2743636323039182,156.85551563180633
15,100,200,0,1,2.0,0.025,1394.5449978401055,2789.089995680211,198,81,0.3333333333333333,0.3333333333333333,0.11337330654343117,-0.00037390960706648173,-0.0010774631574260174,7.491164999999974,0.10970668448220144,-0.004086074167542292,-0.011774535588929453,1.5338897672396818,0.10615205026944115,-0.007748560368284964,-0.02232844928368406,-4.241435314968978
15,100,200,0,2,0.2,0.002,111.56359982720842,22.312719965441687,139,66,0.6818181818181818,0.8333333333333334,-0.3578235669183068,-0.33561287902780024,-0.024927375942514377,-15.1529048,-0.4760961726503227,-0.45187689525215124,-0.03359406603542395,-19.844791669006522,-0.5910553986233785,-0.5675493679933227,-0.042193551268187,-24.40523640999973
15,100,200,0,2,0.25,0.002,111.56359982720842,27.890899956802105,139,66,0.6818181818181818,0.8,-0.3004632792747496,-0.26401580149872655,-0.020427375942514377,-12.851037750000001,-0.41339942071838726,-0.37569309912726756,-0.029094066035423954,-17.542924619006527,-0.5231716822187501,-0.4867386729587923,-0.03769355126818701,-22.103369359999725
15,100,200,0,2,0.3333333333333333,0.002,111.56359982720842,37.187866609069474,139,66,0.6666666666666666,0.75,-0.23659211155666757,-0.18671627759092865,-0.015594042609181045,-11.668801466666668,-0.3409600389804542,-0.2901898463527742,-0.024260732702090622,-16.360688335673196,-0.442404122999673,-0.3930508493180069,-0.03286021793485368,-20.9211330766664
15,100,200,0,2,0.5,0.002,111.56359982720842,55.78179991360421,139,66,0.6060606060606061,0.6666666666666666,-0.17721920287178491,-0.13267922554113332,-0.012927375942514377,-10.012214,-0.26750886669211776,-0.22150381538387515,-0.021594066035423947,-14.704100869006526,-0.3552690864142674,-0.3097141036301718,-0.03019355126818701,-19.26454560999973
15,100,200,0,2,0.75,0.002,111.56359982720842,83.67269987040632,139,66,0.5454545454545454,0.5714285714285714,-0.17032882395385937,-0.05979799638193605,-0.006927375942514375,-7.851408499999999,-0.2466709274045539,-0.1345439449471436,-0.01559406603542395,-12.543295369006527,-0.32087432444251324,-0.20873938987487145,-0.02419355126818702,-17.103740109999734
15,100,200,0,2,1.0,0.002,111.56359982720842,111.56359982720842,139,65,0.46153846153846156,0.5,-0.12842360052895382,-0.08352494446909926,-0.010906901117676504,-10.1125296,-0.195751350118007,-0.14889128439675295,-0.019448701398523584,-14.767818408788262,-0.2611551909044915,-0.21372793088299238,-0.02791789140048721,-19.290081070521353
15,100,200,0,2,1.3333333333333333,0.002,111.56359982720842,148.7514664362779,139,65,0.36923076923076925,0.4285714285714286,-0.04235468159764056,-0.12815631442689676,-0.018906901117676508,-11.376954133333335,-0.10058044264316733,-0.18605904232387424,-0.027448701398523595,-16.032242942121602,-0.15714238669056926,-0.24346683579817818,-0.03591789140048721,-20.554505603854686
15,100,200,0,2,2.0,0.002,111.56359982720842,223.12719965441684,139,65,0.27692307692307694,0.3333333333333333,0.03610536671677356,-0.13027445091566747,-0.0229069011176765,-16.8633324,-0.01051715539528556,-0.17881320759494748,-0.031448701398523585,-21.518621208788268,-0.055807426225565185,-0.2269679155045489,-0.03991789140048722,-26.040883870521355
15,100,200,0,2,0.2,0.004,223.12719965441684,44.625439930883374,139,66,0.7727272727272727,0.8333333333333334,-0.10868904340971342,-0.15051899603872507,-0.020127375942514375,-15.768248799999999,-0.17717148220542425,-0.21523641605663005,-0.02879406603542395,-20.460135669006515,-0.24373540128014365,-0.27951779886497446,-0.03739355126818701,-25.020580409999724
15,100,200,0,2,0.25,0.004,223.12719965441684,55.78179991360421,139,66,0.7272727272727273,0.8,-0.10863783100342034,-0.16839074716129931,-0.024927375942514374,-19.6209885,-0.17078361690893387,-0.22684040110308024,-0.03359406603542393,-24.312875369006512,-0.23118840296203405,-0.28490752157081467,-0.042193551268186996,-28.87332010999972
15,100,200,0,2,0.3333333333333333,0.004,223.12719965441684,74.37573321813895,139,66,0.6818181818181818,0.75,-0.07251392849778025,-0.150949650651198,-0.02492737594251438,-20.542634933333336,-0.12825621324768677,-0.203344602863468,-0.03359406603542394,-25.234521802339852,-0.1824368907524886,-0.2553972155969952,-0.042193551268186996,-29.79496654333306
15,100,200,0,2,0.5,0.004,223.12719965441684,111.56359982720842,139,65,0.6461538461538462,0.6666666666666666,-0.029051505321201553,-0.04741697864833068,-0.0089069011176765,-16.325802,-0.07589763793489253,-0.09284459062722551,-0.017448701398523572,-20.981090808788252,-0.1214051295357489,-0.13790917513223855,-0.025917891400487208,-25.503353470521347
15,100,200,0,2,0.75,0.004,223.12719965441684,167.34539974081264,139,65,0.5846153846153846,0.5714285714285714,0.019600283377329802,0.022547022174812564,0.005093098882323495,-8.712478399999997,-0.01911761383054566,-0.015262201442722313,-0.003448701398523584,-13.367767208788258,-0.05672913656860977,-0.05274253648187502,-0.011917891400487192,-17.89002987052134
15,100,200,0,2,1.0,0.004,223.12719965441684,223.12719965441684,139,65,0.5230769230769231,0.5,0.07629173806440688,0.04239331836314102,0.011093098882323509,-6.941526399999999,0.04277546631317438,0.009747299424186317,0.0025512986014764195,-11.596815208788257,0.0102169311660175,-0.02260945049982975,-0.0059178914004871935,-16.119077870521348
15,100,200,0,2,1.3333333333333333,0.004,223.12719965441684,297.5029328725558,139,65,0.47692307692307695,0.4285714285714286,0.03260879827444243,0.09309776318432939,0.028426432215656824,7.2083748,0.003802442195018486,0.06511690991834448,0.019884631934809757,2.55308599121175,-0.02418076440489074,0.03738255284061643,0.011415441932846146,-1.9691766705213407
15,100,200,0,2,2.0,0.004,223.12719965441684,446.2543993088337,139,64,0.375,0.3333333333333333,0.05283703693950617,0.08303060322043694,0.03111352983930953,8.993426000000001,0.029617207415111438,0.06056551842583648,0.02269666323837679,4.3748267148595605,0.007074077633062817,0.038313371508483046,0.01435776846721262,-0.10917188585420234
15,100,200,0,2,0.2,0.008,446.2543993088337,89.25087986176675,136,66,0.7878787878787878,0.8333333333333334,-0.009646788280988331,-0.11392113086034963,-0.029727375942514372,-26.267363839999994,-0.0467601948508497,-0.14709973670040816,-0.03839406603542393,-30.95925070900652,-0.08283387789932978,-0.18004706799716036,-0.046993551268187,-35.51969544999973
15,100,200,0,2,0.25,0.008,446.2543993088337,111.56359982720842,136,65,0.7692307692307693,0.8,-0.01726301980026617,-0.07577198464551027,-0.0209069011176765,-26.195512599999997,-0.05031251347657151,-0.10670108249257626,-0.029448701398523576,-30.85080140878825,-0.08241760885956728,-0.13738738437107376,-0.03791789140048723,-35.37306407052135
15,100,200,0,2,0.3333333333333333,0.008,446.2543993088337,148.7514664362779,136,65,0.7230769230769231,0.75,0.014640877797422529,-0.06261647373469624,-0.01957356778434318,-26.058601066666668,-0.0145839121210581,-0.08992142422804299,-0.028115368065190258,-30.71388987545493,-0.0429735956989797,-0.11700844742719375,-0.03658455806715389,-35.236152537188026
15,100,200,0,2,0.5,0.008,446.2543993088337,223.12719965441684,135,65,0.6923076923076923,0.6666666666666666,0.04580826341980861,0.0526337741030343,0.019093098882323502,-2.474783999999996,0.02175404316578638,0.029082833813458088,0.010551298601476416,-7.130072808788257,-0.0016128211856830602,0.0057389730561439225,0.0020821085995127823,-11.65233547052136
15,100,200,0,2,0.75,0.008,446.2543993088337,334.6907994816253,134,64,0.578125,0.5714285714285714,0.035092718518463156,0.011471538349890105,0.005116096825157516,-2.182319999999992,0.015676574385859454,-0.007406659137910945,-0.003303336761623199,-6.805684207109868,-0.0031722302509348765,-0.026103920608331478,-0.011642231532787407,-11.293953768223526
15,100,200,0,2,1.0,0.008,446.2543993088337,446.2543993088337,133,63,0.5396825396825397,0.5,0.02109854127797889,0.07727916120592256,0.039136527782143535,17.816663200000008,0.00437040419480182,0.06089898512798403,0.030842027875277157,13.229988516537942,-0.011859284449757243,0.04469073243617696,0.022633428334912407,8.779983016443605
15,100,200,0,2,1.3333333333333333,0.008,446.2543993088337,595.0058657451116,133,62,0.4838709677419355,0.4285714285714286,0.07390119726871754,0.10832268784674985,0.06315641881904338,16.513407466666653,0.05952509739016108,0.09430393394927515,0.05498739251217754,11.96458106651899,0.045585522989572184,0.0804495604060545,0.04690908820261212,7.55387826284677
15,100,200,0,2,2.0,0.008,446.2543993088337,892.5087986176674,132,61,0.4262295081967213,0.3333333333333333,-0.0009603381452473666,0.18518195876000929,0.13517687878638932,56.105117600000014,-0.0127997788233608,0.17415511546202173,0.12713275714907787,51.59292019366529,-0.024272652635955995,0.16326739093023526,0.119184748070312,47.22042719607836
15,100,200,0,2,0.2,0.015,836.7269987040631,167.34539974081264,135,65,0.8307692307692308,0.8333333333333334,0.05018444159606683,-0.008837506983579558,-0.003906901117676493,-8.939260199999989,0.02928656185253919,-0.02815734038482105,-0.012448701398523577,-13.594549008788256,0.00898584472084688,-0.04731354455703263,-0.020917891400487214,-18.116811670521344
15,100,200,0,2,0.25,0.015,836.7269987040631,209.18174967601578,135,65,0.8,0.8,0.05634647950845825,-0.0018459583626257044,-0.0009069011176765073,0.02905762500000364,0.03770543400818945,-0.019232281767032715,-0.009448701398523588,-4.626231183788256,0.019597061465890506,-0.03647082509551086,-0.017917891400487218,-9.148493845521351
15,100,200,0,2,0.3333333333333333,0.015,836.7269987040631,278.90899956802104,134,65,0.7692307692307693,0.75,0.024844264713877035,0.04364640741018004,0.024093098882323465,21.74392299999998,0.009173416130173275,0.02817340521212272,0.0155512986014764,17.088634191211742,-0.00604963368232662,0.012830254272874026,0.007082108599512778,12.566371529478644
15,100,200,0,2,0.5,0.015,836.7269987040631,418.36349935203157,132,62,0.6612903225806451,0.6666666666666666,0.08162938049185225,-0.01255085278165184,-0.008354502964457129,23.86990799999999,0.06860081410042296,-0.02480850744372957,-0.01651260748782249,19.374475281121725,0.05595651277189262,-0.036945335182435285,-0.0245909117973878,15.011631036261125
15,100,200,0,2,0.75,0.015,836.7269987040631,627.5452490280474,132,60,0.5666666666666667,0.5714285714285714,0.1174014938217803,-0.010579934236861472,-0.008326852411513104,-2.9993861250000107,0.10685538240577455,-0.020610858274482637,-0.016221878214021726,-7.350568212732066,0.09662045565170141,-0.030543727331015316,-0.024039592061988233,-11.57335974269671
15,100,200,0,2,1.0,0.015,836.7269987040631,836.7269987040631,131,59,0.5084745762711864,0.5,0.16104298906361236,0.015903713208736736,0.014193607555832799,13.775007000000013,0.15200420082923297,0.007197437800445506,0.006423486422878622,9.46045390608096,0.14323769657531404,-0.0014162205309519306,-0.0012639321942884436,5.275872182201503
15,100,200,0,2,1.3333333333333333,0.015,836.7269987040631,1115.6359982720842,128,59,0.4915254237288136,0.4285714285714286,0.06404715127885903,0.1240791935828158,0.12919360755583273,82.52422949999995,0.05637705998834996,0.11661730986762982,0.12142348642287851,78.20967640608089,0.048938022123689834,0.10923417415500351,0.11373606780571152,74.02509468220151
15,100,200,0,2,2.0,0.015,836.7269987040631,1673.4539974081263,127,56,0.3392857142857143,0.3333333333333333,0.059325470314038085,0.011827696850676875,0.014239467259012026,-7.168907999999988,0.05313758113812732,0.005697636014741559,0.006859580333579682,-11.273680246288876,0.047137160260001754,-0.0003629371913768027,-0.0004369525911889771,-15.254094307753846
15,100,200,0,2,0.2,0.025,1394.5449978401055,278.9089995680211,134,63,0.8253968253968254,0.8333333333333334,-0.05184723597128295,-0.021950287625221703,-0.015876976202480936,21.85366400000003,-0.06328484472784336,-0.03340156199697821,-0.024157972124722836,17.322429979014768,-0.07439198434880624,-0.044751026473562584,-0.0323665716650875,12.92211781608363
15,100,200,0,2,0.25,0.025,1394.5449978401055,348.63624946002636,134,61,0.7704918032786885,0.8,-0.02281822133283383,-0.07063347817059853,-0.05709500900624761,10.567572500000008,-0.03334304184422736,-0.0805645049635143,-0.06511724285092219,6.159505045276898,-0.04356007421090939,-0.09039795903561368,-0.07306525192968799,1.8803472381989468
15,100,200,0,2,0.3333333333333333,0.025,1394.5449978401055,464.8483326133684,132,59,0.711864406779661,0.75,-0.03493796135475572,-0.08437617608209702,-0.07580468701236176,16.374335833333323,-0.04403668535143276,-0.09303457761466824,-0.08357651357712144,12.040806185572407,-0.052858389692904996,-0.10159195472199767,-0.0912639321942884,7.8392151359359055
15,100,200,0,2,0.5,0.025,1394.5449978401055,697.2724989200527,130,56,0.6607142857142857,0.6666666666666666,0.05470071477224463,-0.01322716323759924,-0.013271092426257299,36.77982000000001,0.04697498776672248,-0.020572966752805295,-0.020640419666420357,32.72858028728168,0.03947582926873964,-0.02784565460014729,-0.027936952591188967,28.796149242632787
15,100,200,0,2,0.75,0.025,1394.5449978401055,1045.908748380079,121,55,0.6181818181818182,0.5714285714285714,0.013777239409880966,0.094715601539794,0.11174936754108865,102.07996375000005,0.007585360122296748,0.0885778659347818,0.10450494497048003,98.06535303109469,0.0015791618837519607,0.08250379889525102,0.09733870727651096,94.1711317925311
15,100,200,0,2,1.0,0.025,1394.5449978401055,1394.5449978401055,119,53,0.6037735849056604,0.5,0.00793568865929458,0.2096082796289425,0.27428898446313377,199.69763749999998,0.0025779667362676984,0.20426832448404336,0.2672956742442807,195.75909620801713,-0.00261208119301692,0.1989910038030323,0.2603900270119105,191.94381456956472
15,100,200,0,2,1.3333333333333333,0.025,1394.5449978401055,1859.3933304534737,117,51,0.49019607843137253,0.4285714285714286,0.014334846076616897,0.12160204996227861,0.1826490684061228,133.67426166666667,0.00970678253442613,0.11712268194095496,0.17591973685141477,129.90596130164704,0.005221636426090558,0.11269857987843303,0.16927468008064328,126.25402835752708
15,100,200,0,2,2.0,0.025,1394.5449978401055,2789.089995680211,111,47,0.3404255319148936,0.3333333333333333,0.09216057834834693,0.014433484994819737,0.02437032580354823,127.66163250000005,0.08848199957308588,0.010760481599930205,0.01816786206568292,124.2014634233035,0.08491604425156578,0.007133425585312872,0.012043986218109263,120.84723096391299
15,100,200,1,1,0.2,0.002,111.56359982720842,22.312719965441687,253,135,0.6666666666666666,0.8333333333333334,-0.4113337783361914,-0.3651560836037972,-0.05594450629527084,-33.53641944,-0.5273599353762367,-0.4802501438915441,-0.073624225981549,-42.997900411833356,-0.6402614076586897,-0.5949886126258952,-0.0912140821394734,-52.20457551806579
15,100,200,1,1,0.25,0.002,111.56359982720842,27.890899956802105,253,135,0.6592592592592592,0.8,-0.37113697661646794,-0.3081748285708144,-0.049444506295270835,-31.4108774,-0.48152323130425784,-0.41807180351438256,-0.06712422598154899,-40.87235837183335,-0.5889366886826306,-0.5276272252711034,-0.08471408213947343,-50.07903347806577
15,100,200,1,1,0.3333333333333333,0.002,111.56359982720842,37.187866609069474,253,135,0.6444444444444445,0.75,-0.31283095905975117,-0.231047182563727,-0.03994450629527084,-25.518290800000003,-0.4151588775542411,-0.3331513999568757,-0.057624225981548996,-34.979771771833356,-0.5147310167024793,-0.43484621848561333,-0.07521408213947342,-44.18644687806578
15,100,200,1,1,0.5,0.002,111.56359982720842,55.78179991360421,253,135,0.6222222222222222,0.6666666666666666,-0.20419817372233126,-0.10124401905921485,-0.01994450629527084,-15.982409700000002,-0.29415406345191,-0.19090051647935394,-0.037624225981548985,-25.443890671833355,-0.3816873632701752,-0.28014919968129015,-0.05521408213947343,-34.650565778065776
15,100,200,1,1,0.75,0.002,111.56359982720842,83.67269987040632,253,135,0.5481481481481482,0.5714285714285714,-0.14516843564757786,-0.05486425884813748,-0.012944506295270842,-12.437789900000002,-0.221532700593482,-0.12974834115450545,-0.030624225981548986,-21.899270871833355,-0.2958404098385984,-0.2042728257573853,-0.04821408213947344,-31.105945978065783
15,100,200,1,1,1.0,0.002,111.56359982720842,111.56359982720842,253,134,0.4626865671641791,0.5,-0.08884794728707299,-0.08174422224489789,-0.021924034292781443,-14.917648,-0.15591631923845437,-0.1471688699770769,-0.03947886134464862,-24.342525038883764,-0.22116019934284892,-0.21225443132367366,-0.05693842227177365,-33.51101280192875
15,100,200,1,1,1.3333333333333333,0.002,111.56359982720842,148.7514664362779,253,134,0.417910447761194,0.4285714285714286,-0.056678476597168986,-0.027759105473869422,-0.008590700959448118,-12.424161600000007,-0.11507294285789439,-0.08445448974644601,-0.026145528011315304,-21.849038638883766,-0.1718788775276176,-0.14085183267481124,-0.04360508893844031,-31.01752640192875
15,100,200,1,1,2.0,0.002,111.56359982720842,223.12719965441684,251,134,0.34328358208955223,0.3333333333333333,-0.06160186864692684,0.01586089908963288,0.006075965707218557,-6.398286600000004,-0.10991243520968152,-0.02995716620932112,-0.011478861344648629,-15.823163638883763,-0.15690878715453904,-0.07552257142954272,-0.028938422271773637,-24.991651401928742
15,100,200,1,1,0.2,0.004,223.12719965441684,44.625439930883374,253,135,0.8148148148148148,0.8333333333333334,-0.11974332142130015,-0.0551976756596019,-0.013944506295270841,-8.85320784,-0.18769195030501173,-0.12516930343223126,-0.03162422598154899,-18.31468881183335,-0.25381066384559126,-0.19479029728817962,-0.04921408213947342,-27.521363918065767
15,100,200,1,1,0.25,0.004,223.12719965441684,55.78179991360421,253,135,0.8074074074074075,0.8,-0.07488830741517062,0.011436681011158516,0.0030554937047291616,1.262980700000003,-0.13847175120266286,-0.054737943508574916,-0.014624225981548958,-8.198500271833344,-0.20034283785701792,-0.120576132409048,-0.0322140821394734,-17.40517537806577
15,100,200,1,1,0.3333333333333333,0.004,223.12719965441684,74.37573321813895,253,135,0.7703703703703704,0.75,-0.09793488213404973,0.04185250790673727,0.01272216037139582,8.648328266666665,-0.15301619077798645,-0.01631012124470065,-0.0049575593148823045,-0.8131527051666803,-0.20661411214151407,-0.0741798648807186,-0.022547415472806732,-10.019827811399097
15,100,200,1,1,0.5,0.004,223.12719965441684,111.56359982720842,253,134,0.6716417910447762,0.6666666666666666,-0.0506630043255132,0.005478114665124024,0.0020759657072185493,-1.1981843999999973,-0.09720025542205447,-0.04084261945450656,-0.015478861344648605,-10.623061438883747,-0.14247153221899053,-0.08691152510019683,-0.03293842227177362,-19.79154920192874
15,100,200,1,1,0.75,0.004,223.12719965441684,167.34539974081264,253,134,0.5970149253731343,0.5714285714285714,-0.01579074597525111,0.047812407543606605,0.02207596570721855,1.2030107999999995,-0.05431237392341715,0.009789969395728588,0.004521138655351375,-8.221866238883749,-0.09178608026443495,-0.028016561252716586,-0.01293842227177358,-17.39035400192873
15,100,200,1,1,1.0,0.004,223.12719965441684,223.12719965441684,251,134,0.5,0.5,0.017033221339353265,-0.0035769976419444518,-0.001924034292781443,-16.72570240000001,-0.016391349539731044,-0.036205303948713706,-0.019478861344648622,-26.150579438883753,-0.04890665640533744,-0.06865733997859735,-0.03693842227177359,-35.31906720192874
15,100,200,1,1,1.3333333333333333,0.004,223.12719965441684,297.5029328725558,250,134,0.44029850746268656,0.4285714285714286,0.06844945269893882,0.020451340799706758,0.012742632373885204,-11.393546133333349,0.03973120016127356,-0.007721882619638551,-0.00481219467798193,-20.818423172217084,0.011794183489191437,-0.03573834685092894,-0.02227175560510691,-29.986910935262074
15,100,200,1,1,2.0,0.004,223.12719965441684,446.2543993088337,249,133,0.37593984962406013,0.3333333333333333,0.048202845799429454,0.08519585929484648,0.06609648414662708,2.3628011999999963,0.024953068925830043,0.06271710364147158,0.04866650329225178,-7.025568326297808,0.002342171867087712,0.04038467210883498,0.03133723759592624,-16.155955170981915
15,100,200,1,1,0.2,0.008,446.2543993088337,89.25087986176675,253,132,0.8181818181818182,0.8333333333333334,0.09099255707871066,-0.04297270575971085,-0.021084506455564336,0.638494880000005,0.05014619655375464,-0.07824506053302441,-0.0383881320708479,-8.70566718343171,0.010431037927260411,-0.11330106384928745,-0.055587102536374,-17.791051384409087
15,100,200,1,1,0.25,0.008,446.2543993088337,111.56359982720842,253,131,0.7709923664122137,0.8,0.05481403557757941,-0.07214326568436946,-0.03986403445307494,-15.585331800000011,0.019829763398087737,-0.10323222816520948,-0.05704276743394752,-24.892889930482127,-0.014175890168318769,-0.13412198782403945,-0.07411144266867425,-33.94008678827207
15,100,200,1,1,0.3333333333333333,0.008,446.2543993088337,148.7514664362779,252,131,0.7480916030534351,0.75,0.08428479409349388,-0.007440183969075535,-0.0045307011197416175,9.14660826666666,0.05371945846092645,-0.03565215613437622,-0.021709434100614218,-0.16094986381547116,0.02400913007881033,-0.0636830606552002,-0.038778109335340934,-9.20814672160541
15,100,200,1,1,0.5,0.008,446.2543993088337,223.12719965441684,249,130,0.6153846153846154,0.6666666666666666,0.05000257717010109,-0.10742489567938958,-0.08184138217312296,-47.468510000000016,0.025874345609767806,-0.12980661467407364,-0.09889740279704716,-56.74356481764779,0.0024286457327806735,-0.15203888472554225,-0.11583578280097445,-65.75624985647495
15,100,200,1,1,0.75,0.008,446.2543993088337,334.6907994816253,245,128,0.5078125,0.5714285714285714,0.10770166578988571,-0.12875515683417377,-0.11579786003318579,-70.81338200000002,0.08795139923359598,-0.14743726558043477,-0.13260667352324637,-80.02001419569423,0.06877183171094642,-0.16598028171013068,-0.14928446306557483,-88.96061372381969
15,100,200,1,1,1.0,0.008,446.2543993088337,446.2543993088337,241,127,0.4566929133858268,0.5,0.0942764212732377,-0.08835409940327824,-0.08977803581453259,-70.4408696,0.07745818764744598,-0.10476511367797152,-0.10646130888634608,-79.60950572015354,0.061130583432887645,-0.12104896497350315,-0.12300880319787508,-88.5106700806957
15,100,200,1,1,1.3333333333333333,0.008,446.2543993088337,595.0058657451116,239,124,0.3870967741935484,0.4285714285714286,0.0955398651806858,-0.08633659826946163,-0.09772859145818151,-71.97076000000003,0.08117310376718896,-0.10072758595196891,-0.11402521497564495,-80.93874957928516,0.06722735798852131,-0.11500000967617253,-0.1301818235947757,-89.64393366488976
15,100,200,1,1,2.0,0.008,446.2543993088337,892.5087986176674,236,122,0.3524590163934426,0.3333333333333333,0.1566187431792928,0.03866996769418661,0.054312413999407144,5.768748799999989,0.14526866562504065,0.027243400153954503,0.038265514298155744,-3.1261587991615576,0.13425799064231758,0.015926119007649998,0.022369496140624015,-11.755081034061044
15,100,200,1,1,0.2,0.015,836.7269987040631,167.34539974081264,246,126,0.8492063492063492,0.8333333333333334,0.0556447992171155,0.04202448378050221,0.03424141718072585,6.983178600000002,0.03458630470405121,0.021702532482612894,0.017684055750554317,-2.1471479512368568,0.014147960334465623,0.0015547337339075137,0.00126685666982482,-11.008596149500978
15,100,200,1,1,0.25,0.015,836.7269987040631,209.18174967601578,243,124,0.8064516129032258,0.8,0.11823472671046177,0.014404616069651023,0.013284529386162782,-12.34325024999999,0.09855002558553562,-0.003280130042021942,-0.0030252149756450426,-21.404444407370725,0.07945723810974428,-0.020798150326679827,-0.019181823594775563,-30.193170902409747
15,100,200,1,1,0.3333333333333333,0.015,836.7269987040631,278.90899956802104,240,123,0.7073170731707317,0.75,0.22166179233616692,-0.09495433640203944,-0.10670596513178812,-91.71828150000005,0.2036784244684412,-0.10933700188785245,-0.12287985033874463,-100.69371936169907,0.18623394151520503,-0.12359702134885259,-0.13890616372707584,-109.40020159171759
15,100,200,1,1,0.5,0.015,836.7269987040631,418.36349935203157,233,119,0.6218487394957983,0.6666666666666666,0.16126438030745147,-0.09328666138593804,-0.12162514642525518,-111.18653175000001,0.14769790580421932,-0.10529999204198752,-0.13729839179114312,-120.00775323553653,0.1345535649240192,-0.11719153937833322,-0.1528035242562766,-128.55449411195298
15,100,200,1,1,0.75,0.015,836.7269987040631,627.5452490280474,227,110,0.5454545454545454,0.5714285714285714,0.14855860242335933,-0.052973925423745516,-0.07650815697265292,-81.716740875,0.137893090599072,-0.0629971876096569,-0.09099011005903987,-89.82246757584664,0.12755483125527048,-0.07292030607098082,-0.10532258544697838,-97.67948430264856
15,100,200,1,1,1.0,0.015,836.7269987040631,836.7269987040631,223,109,0.4954128440366973,0.5,0.16713850209378656,-0.01003875570397298,-0.016488050044193847,-21.711571499999998,0.1580685605238507,-0.01877934063188285,-0.030844745422139476,-29.77991852951226,0.14927989304598832,-0.02742611580334684,-0.045046925579278606,-37.59805259262755
15,100,200,1,1,1.3333333333333333,0.015,836.7269987040631,1115.6359982720842,220,105,0.45714285714285713,0.4285714285714286,0.24290053468814377,0.056304021954859534,0.10356825468420244,12.742100999999954,0.2351958494958268,0.048782728491178734,0.08973671312546175,4.972261567462269,0.22772992505132572,0.04134545507350539,0.07605571389152063,-2.5567980503242502
15,100,200,1,1,2.0,0.015,836.7269987040631,1673.4539974081263,212,98,0.35714285714285715,0.3333333333333333,0.26677091373043615,0.048822589131675365,0.10369208484896095,-30.13823550000002,0.2607883109909447,0.04272903308445187,0.09075426558376444,-37.51467619913959,0.2549984472276737,0.03671714878575934,0.07798533296541933,-44.653473235410075
15,100,200,1,1,0.2,0.025,1394.5449978401055,278.9089995680211,238,120,0.8166666666666667,0.8333333333333334,0.07982553687961975,-0.04408211500339666,-0.06166062510319927,-51.18567549999996,0.06689204755548969,-0.05536351240150165,-0.07744375642804356,-59.98667253250313,0.05435093643715976,-0.06654107189851352,-0.09307918412397623,-68.52066355152296
15,100,200,1,1,0.25,0.025,1394.5449978401055,348.63624946002636,234,114,0.7807017543859649,0.8,0.08832071192606038,-0.04748556864638218,-0.07030297836396537,-70.85689749999999,0.07679636043790897,-0.057627608613571205,-0.08532156860664139,-79.32662794276398,0.06563249025184767,-0.0676600154991617,-0.10017522491777744,-87.53142552041203
15,100,200,1,1,0.3333333333333333,0.025,1394.5449978401055,464.8483326133684,227,110,0.7454545454545455,0.75,0.05977945613277816,-0.01131986755912553,-0.018162782511309115,-24.44887000000004,0.05013175614731546,-0.02035286426342151,-0.03265677672570669,-32.63316146098538,0.04078683802750729,-0.02928537247081949,-0.04698925211364502,-40.560598434232695
15,100,200,1,1,0.5,0.025,1394.5449978401055,697.2724989200527,221,100,0.64,0.6666666666666666,0.06486028934635438,-0.0560259005972126,-0.10135182008235258,-75.48229875000001,0.05706796793941005,-0.06331241247900261,-0.11453646369003637,-82.99476755867248,0.049525612981998486,-0.0705147523545776,-0.1275659867699803,-90.2662471861678
15,100,200,1,1,0.75,0.025,1394.5449978401055,1045.908748380079,209,95,0.5789473684210527,0.5714285714285714,0.14449473592355647,0.014530483031087539,0.02997455694647003,-39.72089874999996,0.13809282401711595,0.008454115154228087,0.017440359494465502,-46.89740765165445,0.13189880917315838,0.0024539272492941702,0.005062312568518929,-53.84086506160746
15,100,200,1,1,1.0,0.025,1394.5449978401055,1394.5449978401055,199,91,0.5274725274725275,0.5,0.16730491635692346,0.05419815692540459,0.12379355216437773,-8.305565000000016,0.16185294245945506,0.04893369636298558,0.11177181804206682,-15.237743966508969,0.15658125556795513,0.04374276101847189,0.099914952039318,-21.940688198183693
15,100,200,1,1,1.3333333333333333,0.025,1394.5449978401055,1859.3933304534737,191,88,0.45454545454545453,0.4285714285714286,0.2211294002383007,0.05141251171006296,0.13216261525203782,-6.361677500000027,0.21650869082458532,0.04689068268113093,0.1205412452861013,-13.035690650611357,0.21203933161288407,0.04243040318854179,0.10907526497575046,-19.491098139591585
15,100,200,1,1,2.0,0.025,1394.5449978401055,2789.089995680211,176,77,0.3246753246753247,0.3333333333333333,0.22022782155236265,-0.018725364355818678,-0.050967897394254745,-87.47328750000003,0.21660968833528282,-0.022481784775846347,-0.06119307704132798,-93.60908371370151,0.21312244482141363,-0.026167720338972036,-0.07122580981288482,-99.52291116694335
15,100,200,1,2,0.2,0.002,111.56359982720842,22.312719965441687,118,61,0.7049180327868853,0.8333333333333334,-0.48128163203901303,-0.2931615872099361,-0.01972500079122328,-11.965445119999998,-0.594355754230005,-0.41095556681236295,-0.027667242850922136,-16.053352703853207,-0.7047822038092285,-0.5290113699725669,-0.03561525192968798,-20.045540411757024
15,100,200,1,2,0.25,0.002,111.56359982720842,27.890899956802105,118,61,0.7049180327868853,0.8,-0.4130759180787253,-0.22007783316636648,-0.015425000791223279,-9.895459200000001,-0.5216270753820774,-0.333202070010741,-0.02336724285092214,-13.983366783853207,-0.627636466978132,-0.44653564104453686,-0.03131525192968799,-17.97555449175703
15,100,200,1,2,0.3333333333333333,0.002,111.56359982720842,37.187866609069474,118,61,0.6885245901639344,0.75,-0.31076734713829346,-0.14388958429869023,-0.01092500079122328,-7.242601066666669,-0.4125340571101861,-0.2483985001868893,-0.018867242850922138,-11.330508650519876,-0.5119178617314872,-0.3530387780609151,-0.026815251929687995,-15.322696358423691
15,100,200,1,2,0.5,0.002,111.56359982720842,55.78179991360421,118,61,0.6229508196721312,0.6666666666666666,-0.2232844685320908,-0.09980790602249025,-0.008925000791223279,-5.9574293,-0.3124829941072148,-0.18861569773223205,-0.016867242850922136,-10.045336883853206,-0.39959290304221645,-0.2774932511784718,-0.024815251929687997,-14.037524591757027
15,100,200,1,2,0.75,0.002,111.56359982720842,83.67269987040632,118,61,0.5737704918032787,0.5714285714285714,-0.1829069353920069,-0.003993436425828826,-0.00042500079122327985,-4.899089900000001,-0.2588664498991032,-0.07859670531921051,-0.008367242850922137,-8.986997483853209,-0.3330473441324651,-0.1532553878228891,-0.016315251929688,-12.979185191757031
15,100,200,1,2,1.0,0.002,111.56359982720842,111.56359982720842,118,61,0.45901639344262296,0.5,-0.10776911245629445,-0.08913833603017107,-0.010925000791223282,-10.2955364,-0.1745416630042286,-0.15389452527373665,-0.01886724285092213,-14.38344398385321,-0.23975070945522134,-0.21872408694910575,-0.026815251929687995,-18.37563169175703
15,100,200,1,2,1.3333333333333333,0.002,111.56359982720842,148.7514664362779,118,61,0.3770491803278688,0.4285714285714286,-0.014916365209636098,-0.11210330220951326,-0.015591667457889952,-12.755293266666666,-0.07252748682969996,-0.16917737800732416,-0.02353390951758881,-16.84320085051988,-0.12878962261736399,-0.22631294807990687,-0.031481918596354665,-20.835388558423695
15,100,200,1,2,2.0,0.002,111.56359982720842,223.12719965441684,118,61,0.2786885245901639,0.3333333333333333,-0.010194172140888191,-0.12648746085773457,-0.02092500079122328,-15.021902,-0.057265393861186016,-0.17446726949505176,-0.028867242850922147,-19.10980958385321,-0.10323442542394469,-0.222503289043412,-0.03681525192968799,-23.10199729175703
15,100,200,1,2,0.2,0.004,223.12719965441684,44.625439930883374,118,61,0.7868852459016393,0.8333333333333334,-0.014102116504538756,-0.1201511013032864,-0.014525000791223278,-9.138824319999998,-0.08787271331157834,-0.18583476171822902,-0.02246724285092213,-13.226731903853205,-0.1599159441666642,-0.2515756442594151,-0.03041525192968799,-17.218919611757023
15,100,200,1,2,0.25,0.004,223.12719965441684,55.78179991360421,118,61,0.7540983606557377,0.8,0.006776041687586811,-0.11270660007643492,-0.014925000791223279,-9.004712899999998,-0.06029836580693729,-0.17267519773201892,-0.022867242850922127,-13.092620483853205,-0.12580220111188606,-0.23269222943973233,-0.03081525192968799,-17.08480819175702
15,100,200,1,2,0.3333333333333333,0.004,223.12719965441684,74.37573321813895,118,61,0.7377049180327869,0.75,0.004619921402231863,-0.034130030701997056,-0.004925000791223279,-3.021555733333334,-0.05323760201223269,-0.08917255888068559,-0.012867242850922127,-7.1094633171865365,-0.10974037000467016,-0.14425384675034603,-0.020815251929687983,-11.101651025090355
15,100,200,1,2,0.5,0.004,223.12719965441684,111.56359982720842,118,61,0.6229508196721312,0.6666666666666666,0.0017653773130999256,-0.0946481656935591,-0.016925000791223284,-11.2726414,-0.04530584440719782,-0.13903731636694594,-0.02486724285092213,-15.360548983853205,-0.09127487596995652,-0.18347609309006585,-0.032815251929688,-19.352736691757023
15,100,200,1,2,0.75,0.004,223.12719965441684,167.34539974081264,118,61,0.4918032786885246,0.5714285714285714,0.07561267120775954,-0.1622512409256948,-0.03492500079122327,-15.478849800000003,0.03669835837150711,-0.19915753609953338,-0.04286724285092214,-19.5667573838532,-0.0013047613614435645,-0.23608330504923095,-0.05081525192968797,-23.55894509175703
15,100,200,1,2,1.0,0.004,223.12719965441684,223.12719965441684,118,61,0.4262295081967213,0.5,0.0988016567350322,-0.15175296402287566,-0.03692500079122327,-16.888623199999998,0.06541538146106522,-0.18438662153772675,-0.04486724285092215,-20.976530783853203,0.03281085823556896,-0.21704979513308603,-0.05281525192968798,-24.968718491757024
15,100,200,1,2,1.3333333333333333,0.004,223.12719965441684,297.5029328725558,118,61,0.36065573770491804,0.4285714285714286,0.10600824255713062,-0.14363657362868806,-0.039591667457889945,-19.3011872,0.07752342461696962,-0.17243833558327595,-0.0475339095175888,-23.389094783853196,0.04970558927945898,-0.20127125655805947,-0.05548191859635464,-27.38128249175702
15,100,200,1,2,2.0,0.004,223.12719965441684,446.2543993088337,118,61,0.32786885245901637,0.3333333333333333,0.1133170577154228,-0.014216816693997656,-0.004925000791223276,-12.922403200000002,0.09061704189427566,-0.03713710394034638,-0.012867242850922125,-17.010310783853196,0.06844855538338776,-0.060076442437077285,-0.02081525192968796,-21.002498491757017
15,100,200,1,2,0.2,0.008,446.2543993088337,89.25087986176675,118,60,0.8166666666666667,0.8333333333333334,0.035697678149885545,-0.046729598323498316,-0.010502408005476317,-4.833207840000001,-0.0028189279573097212,-0.08151823295670291,-0.018321878214021772,-8.888510719184616,-0.04040742564313549,-0.11630103258036,-0.02613959206198818,-12.846095727202185
15,100,200,1,2,0.25,0.008,446.2543993088337,111.56359982720842,118,59,0.7796610169491526,0.8,0.03164899871306417,-0.05225430406293654,-0.012887073145813287,-8.555215600000002,-0.0024982995256457217,-0.08342749239641693,-0.020576513577121397,-12.559642326381946,-0.03581143393716063,-0.11459613794115436,-0.028263932194288396,-16.466247318802683
15,100,200,1,2,0.3333333333333333,0.008,446.2543993088337,148.7514664362779,118,59,0.6949152542372882,0.75,0.047597637442176696,-0.12164135431723637,-0.035553739812479966,-12.080748000000007,0.017917083457724185,-0.14796149553198498,-0.043243180243788086,-16.08517472638195,-0.011038422110544316,-0.1742648790704759,-0.050930598860955065,-19.991779718802682
15,100,200,1,2,0.5,0.008,446.2543993088337,223.12719965441684,118,59,0.6440677966101694,0.6666666666666666,0.05896255314404195,-0.04939133248018436,-0.01688707314581328,-3.208912799999998,0.03489322975863824,-0.07188289726284763,-0.0245765135771214,-7.213339526381948,0.011411881409291889,-0.09436753166553749,-0.03226393219428841,-11.119944518802686
15,100,200,1,2,0.75,0.008,446.2543993088337,334.6907994816253,118,58,0.5689655172413793,0.5714285714285714,0.11295122505215673,-0.007067136064340836,-0.00286657153985415,-3.382183399999998,0.0932944768243633,-0.025715831271960393,-0.010431148940221025,-7.350067711746676,0.07413020949998024,-0.04434634944583822,-0.01798827232658859,-11.218540501921654
15,100,200,1,2,1.0,0.008,446.2543993088337,446.2543993088337,117,58,0.5344827586206896,0.5,0.09256559871440317,0.06668238389083506,0.031133428460145857,-0.8545383999999991,0.07585769378620051,0.05047532585906809,0.023568851059778975,-4.8224227117466825,0.059568389331371194,0.03429090242168465,0.01601172767341142,-8.690895501921656
15,100,200,1,2,1.3333333333333333,0.008,446.2543993088337,595.0058657451116,117,56,0.375,0.4285714285714286,0.09855271058166028,-0.11128125146895063,-0.05682364384087448,-35.6256144,0.08426220743763128,-0.1256055086531809,-0.0641404196664203,-39.52378956914718,0.07034908068490327,-0.13989423227218253,-0.07143695259118903,-43.31902369673932
15,100,200,1,2,2.0,0.008,446.2543993088337,892.5087986176674,116,53,0.32075471698113206,0.3333333333333333,0.1277208949016127,-0.027961385011567988,-0.01676038988902006,-4.317411200000001,0.11634663598919097,-0.03954616654510671,-0.02370432575571924,-8.109309416710385,0.10529650931212561,-0.05106692770774735,-0.030609972988089575,-11.793149916897029
15,100,200,1,2,0.2,0.015,836.7269987040631,167.34539974081264,116,59,0.7796610169491526,0.8333333333333334,0.054784358118206124,-0.13039280937476633,-0.05788707314581328,-30.123799499999997,0.03389463316866223,-0.14771112887553375,-0.06557651357712141,-34.12822622638195,0.013515210755827069,-0.16502704306705449,-0.07326393219428838,-38.03483121880268
15,100,200,1,2,0.25,0.015,836.7269987040631,209.18174967601578,116,59,0.7627118644067796,0.8,0.09571654587103745,-0.08877699889839313,-0.042137073145813275,-25.144000499999997,0.07655267017614875,-0.10497283933497921,-0.049826513577121416,-29.14842722638195,0.05785693728370944,-0.1211684368485714,-0.05751393219428839,-33.05503221880268
15,100,200,1,2,0.3333333333333333,0.015,836.7269987040631,278.90899956802104,115,58,0.7068965517241379,0.75,0.09976187254732381,-0.09550963958270757,-0.05086657153985416,-38.853898500000014,0.08339020158964336,-0.10970374975451408,-0.05843114894022106,-42.821782811746694,0.0674287070868954,-0.12389215419082279,-0.06598827232658859,-46.69025560192166
15,100,200,1,2,0.5,0.015,836.7269987040631,418.36349935203157,113,58,0.6551724137931034,0.6666666666666666,0.1096591469008832,-0.025360298101347847,-0.01586657153985414,-27.670655249999992,0.09653424123325595,-0.037447920094913795,-0.023431148940221035,-31.63853956174668,0.08373816744186079,-0.04952579785678107,-0.030988272326588573,-35.507012351921645
15,100,200,1,2,0.75,0.015,836.7269987040631,627.5452490280474,113,53,0.5283018867924528,0.5714285714285714,0.17380976754156638,-0.08668155244436397,-0.06077500589540402,-36.17045025,0.16313344867960564,-0.09656101600712895,-0.0677043257557192,-39.85973856403392,0.15273905212554592,-0.10640996296142566,-0.07460997298808959,-43.451606344881036
15,100,200,1,2,1.0,0.015,836.7269987040631,836.7269987040631,112,51,0.49019607843137253,0.5,0.21762941393822358,-0.02036959070103741,-0.015734369134820667,-5.502328499999999,0.20852309934230925,-0.02901573191562487,-0.022413596481918492,-9.117752118022887,0.19966996670360077,-0.03761815259275088,-0.02905865325269001,-12.632656473494777
15,100,200,1,2,1.3333333333333333,0.015,836.7269987040631,1115.6359982720842,109,49,0.42857142857142855,0.4285714285714286,0.22450542573298538,-0.0008254537506692547,-0.0007078044343028344,-9.524887000000028,0.21686164723429982,-0.008306550680020824,-0.007122867208117856,-12.966811764280973,0.20942504429578412,-0.015751992439988823,-0.013507333517290413,-16.31544723567818
15,100,200,1,2,2.0,0.015,836.7269987040631,1673.4539974081263,107,46,0.32608695652173914,0.3333333333333333,0.24842930833893193,-0.01596041177835708,-0.015658380601860387,-14.571389999999992,0.24248276290987594,-0.02210463206591467,-0.021686773297416716,-17.810397947586402,0.23669848979972236,-0.0282136964469664,-0.02768035391419095,-20.961018219190386
15,100,200,1,2,0.2,0.025,1394.5449978401055,278.9089995680211,115,57,0.8421052631578947,0.8333333333333334,0.051750572506101634,0.02248058530775779,0.014142730566514841,22.08427950000003,0.03925903309938385,0.010673054978500334,0.0067142156966793366,18.20415758859656,0.02707555990552909,-0.001132783380171268,-0.0007126124588887001,14.419727202774748
15,100,200,1,2,0.25,0.025,1394.5449978401055,348.63624946002636,115,57,0.8245614035087719,0.8,0.0922403142079336,0.06275382324174575,0.04289273056651483,20.447081250000004,0.08077958432112335,0.05188573757104211,0.03546421569667932,16.566959338596533,0.06960149883368755,0.041019955004162646,0.028037387541111253,12.782528952774722
15,100,200,1,2,0.3333333333333333,0.025,1394.5449978401055,464.8483326133684,113,53,0.7169811320754716,0.75,0.09069030111018068,-0.07359237968904873,-0.05912897234718689,-12.632140833333334,0.08093476006538723,-0.08219383303326175,-0.0660376590890526,-16.24090977071141,0.07142001003386764,-0.09078895320308236,-0.07294330632142292,-19.76060531635118
15,100,200,1,2,0.5,0.025,1394.5449978401055,697.2724989200527,113,51,0.6666666666666666,0.6666666666666666,0.19655719866629112,-0.0008270158601993564,-0.0007530214781742879,7.440834999999993,0.18832967633601058,-0.00814204823894166,-0.007413596481918517,3.902081081490394,0.18031737994534255,-0.015440040908233213,-0.014058653252689958,0.4558983656581326
15,100,200,1,2,0.75,0.025,1394.5449978401055,1045.908748380079,107,47,0.574468085106383,0.5714285714285714,0.17267399124592345,0.005414577995379688,0.005564179982926992,-11.717298749999976,0.16626964827856733,-0.0005664752634773929,-0.0005821379343170854,-15.00868911875664,0.16003739059664007,-0.006525585604442619,-0.006706013781890653,-18.21163952513896
15,100,200,1,2,1.0,0.025,1394.5449978401055,1394.5449978401055,104,45,0.5333333333333333,0.5,0.23556802110444938,0.0655016240322512,0.07435735997725712,49.6334725,0.23008074207054294,0.060306311590415225,0.06845859133948357,46.41131117805653,0.22475017006096973,0.05514124598635301,0.06259530595350887,43.28116910819834
15,100,200,1,2,1.3333333333333333,0.025,1394.5449978401055,1859.3933304534737,103,43,0.46511627906976744,0.4285714285714286,0.20989110997808538,0.07192519149487155,0.09105079716946653,29.851457499999995,0.20530742189057782,0.06747359851381114,0.085415987279951,26.799474380179014,0.2008515934585383,0.06304779955086404,0.07981329235557505,23.832624782261075
15,100,200,1,2,2.0,0.025,1394.5449978401055,2789.089995680211,100,40,0.35,0.3333333333333333,0.17442136852462542,0.0341235453217138,0.04944987135827983,22.55170750000002,0.1708080470521463,0.030490832788267835,0.0441854145239855,19.60181500551066,0.16730580457222446,0.026894342735417538,0.03897360529200786,16.742606688705443
