rapida,lenta,modo,stop_pct,razao,alvo_pct,stop_pts,alvo_pts,n_tr,sharpe_tr,ret_tr,acerto_tr,n_ho,sharpe_ho,ret_ho,acerto_ho
10,50,0,0.002,0.75,0.0015,139.56444081115714,104.67333060836786,3093,-1.5015995672869207,-8.046799999999998,0.0,1092,-1.4946633902330986,-2.8251999999999997,0.0
10,50,0,0.002,1.0,0.002,139.56444081115714,139.56444081115714,2890,-1.2860598216422279,-7.433999999999999,0.0,1004,-1.2874981568665373,-2.5864000000000003,0.0
10,50,0,0.002,1.3333333333333333,0.0026666666666666666,139.56444081115714,186.08592108154284,2677,-1.0999178060537784,-6.821533333333333,0.43967127381397086,917,-1.092525867392287,-2.3235333333333337,0.44274809160305345
10,50,0,0.002,2.0,0.004,139.56444081115714,279.1288816223143,2400,-0.892513290145695,-6.102,0.34291666666666665,785,-0.8289872181153267,-1.883,0.3668789808917197
10,50,0,0.002,3.0,0.006,139.56444081115714,418.69332243347145,2083,-0.7483917847698895,-5.405799999999999,0.2506000960153625,636,-0.6295570667335199,-1.4535999999999998,0.2893081761006289
10,50,0,0.004,0.75,0.003,279.1288816223143,209.34666121673573,1871,-0.729448450301509,-4.711600000000001,0.5831106360235169,590,-0.7081705479945598,-1.4369999999999998,0.5949152542372881
10,50,0,0.004,1.0,0.004,279.1288816223143,279.1288816223143,1652,-0.6162693730602287,-4.071200000000001,0.5169491525423728,502,-0.5868643237395635,-1.1772,0.5318725099601593
10,50,0,0.004,1.3333333333333333,0.005333333333333333,279.1288816223143,372.17184216308567,1439,-0.5175050804609475,-3.458733333333334,0.4496177901320361,424,-0.4185129527488095,-0.8290666666666666,0.49764150943396224
10,50,0,0.004,2.0,0.008,279.1288816223143,558.2577632446286,1182,-0.40062889862640855,-2.7252,0.35786802030456855,313,-0.4381209788077745,-0.7817999999999999,0.34185303514376997
10,50,0,0.004,3.0,0.012,279.1288816223143,837.3866448669429,915,-0.3681974835340336,-2.343,0.25245901639344265,244,-0.37450787380372075,-0.6344000000000001,0.25
10,50,0,0.008,0.75,0.006,558.2577632446286,418.69332243347145,899,-0.3596009015002553,-2.2354,0.5795328142380423,263,-0.2897095534651575,-0.5197999999999999,0.6159695817490495
10,50,0,0.008,1.0,0.008,558.2577632446286,558.2577632446286,750,-0.314141579553098,-1.8859999999999997,0.5053333333333333,196,-0.3343652837420518,-0.5255999999999998,0.49489795918367346
10,50,0,0.008,1.3333333333333333,0.010666666666666666,558.2577632446286,744.3436843261713,619,-0.24186502258018533,-1.3907333333333334,0.44749596122778673,161,-0.2936504848453559,-0.4372666666666667,0.422360248447205
10,50,0,0.008,2.0,0.016,558.2577632446286,1116.5155264892571,453,-0.214481335760454,-1.1058,0.33995584988962474,105,-0.2960011881047539,-0.3449999999999999,0.3047619047619048
10,50,0,0.008,3.0,0.024,558.2577632446286,1674.7732897338858,324,-0.19527606723546828,-0.8743999999999997,0.24691358024691357,84,-0.10019581832056945,-0.12239999999999995,0.2857142857142857
10,50,0,0.015,0.75,0.01125,1046.7333060836786,785.0499795627588,374,-0.2193314567858236,-1.0698999999999996,0.5614973262032086,91,-0.3281651910723059,-0.39409999999999995,0.5054945054945055
10,50,0,0.015,1.0,0.015,1046.7333060836786,1046.7333060836786,305,-0.14365171893526213,-0.6579999999999997,0.5147540983606558,70,-0.22919851773508587,-0.24199999999999985,0.4714285714285714
10,50,0,0.015,1.3333333333333333,0.019999999999999997,1046.7333060836786,1395.6444081115712,228,-0.23012015525684507,-0.8978,0.39035087719298245,53,-0.09954949220890172,-0.09279999999999997,0.4528301886792453
10,50,0,0.015,2.0,0.03,1046.7333060836786,2093.466612167357,153,-0.10782756117889424,-0.3527999999999998,0.33986928104575165,39,-0.12098362301169946,-0.10139999999999993,0.3333333333333333
10,50,0,0.015,3.0,0.045,1046.7333060836786,3140.1999182510353,114,-0.3086079716714579,-0.8064000000000001,0.17543859649122806,28,-0.18917455692299895,-0.13279999999999997,0.21428571428571427
10,50,0,0.025,0.75,0.018750000000000003,1744.5555101394643,1308.4166326045984,164,-0.07989498915445961,-0.28264999999999957,0.5914634146341463,34,0.03340062036214657,0.024100000000000107,0.6470588235294118
10,50,0,0.025,1.0,0.025,1744.5555101394643,1744.5555101394643,116,-0.137966607892155,-0.40159999999999996,0.4827586206896552,27,0.007021659611780167,0.004800000000000054,0.5555555555555556
10,50,0,0.025,1.3333333333333333,0.03333333333333333,1744.5555101394643,2326.0740135192855,88,-0.1772067946637136,-0.4454666666666667,0.38636363636363635,21,0.005955098946550244,0.0037333333333333524,0.47619047619047616
10,50,0,0.025,2.0,0.05,1744.5555101394643,3489.1110202789287,62,-0.2919840074847573,-0.5861999999999998,0.24193548387096775,12,-0.2609078168412915,-0.10620000000000002,0.25
10,50,0,0.025,3.0,0.07500000000000001,1744.5555101394643,5233.666530418393,48,-0.16487413593937159,-0.3248,0.20833333333333334,9,-0.4946666666666665,-0.14839999999999998,0.1111111111111111
10,50,0,0.04,0.75,0.03,2791.288816223143,2093.466612167357,67,-0.11243663777350282,-0.2642,0.5522388059701493,8,0.031743015729748324,0.009200000000000007,0.625
10,50,0,0.04,1.0,0.04,2791.288816223143,2791.288816223143,55,-0.11863029864842708,-0.263,0.4727272727272727,7,0.07282868842113568,0.021800000000000014,0.5714285714285714
10,50,0,0.04,1.3333333333333333,0.05333333333333333,2791.288816223143,3721.718421630857,38,-0.2377857164139871,-0.4054666666666667,0.34210526315789475,3,-0.21320720655074038,-0.034466666666666666,0.3333333333333333
10,50,0,0.04,2.0,0.08,2791.288816223143,5582.577632446286,32,-0.09024713543678524,-0.1632,0.3125,3,-0.03752776749732568,-0.007800000000000001,0.3333333333333333
10,50,0,0.04,3.0,0.12,2791.288816223143,8373.866448669429,20,-0.5401348532748301,-0.532,0.1,1,0.0,-0.0426,0.0
10,50,1,0.002,0.75,0.0015,139.56444081115714,104.67333060836786,2123,-1.4833080465979636,-5.4363,0.0,763,-1.4474280146458463,-1.8893,0.0
10,50,1,0.002,1.0,0.002,139.56444081115714,139.56444081115714,1991,-1.2571886388402844,-5.0026,0.0,712,-1.1846612523601674,-1.6751999999999998,0.0
10,50,1,0.002,1.3333333333333333,0.0026666666666666666,139.56444081115714,186.08592108154284,1852,-1.059140907804396,-4.561866666666667,0.45788336933045354,648,-0.9893526035871559,-1.4968000000000001,0.49074074074074076
10,50,1,0.002,2.0,0.004,139.56444081115714,279.1288816223143,1652,-0.8387004835323097,-3.9992,0.36319612590799033,552,-0.7134055502479306,-1.1652,0.4148550724637681
10,50,1,0.002,3.0,0.006,139.56444081115714,418.69332243347145,1464,-0.6626839646618704,-3.4783999999999997,0.2780054644808743,456,-0.5286976522926498,-0.9055999999999998,0.3267543859649123
10,50,1,0.004,0.75,0.003,279.1288816223143,209.34666121673573,1427,-0.7146215315843804,-3.5101999999999998,0.5914505956552207,477,-0.670738467782211,-1.0902,0.6163522012578616
10,50,1,0.004,1.0,0.004,279.1288816223143,279.1288816223143,1281,-0.5877151756108207,-3.0066,0.531615925058548,408,-0.5539525844643236,-0.9008000000000003,0.5490196078431373
10,50,1,0.004,1.3333333333333333,0.005333333333333333,279.1288816223143,372.17184216308567,1130,-0.49344256467706726,-2.595333333333333,0.46106194690265484,354,-0.44208523475171163,-0.7310666666666665,0.4858757062146893
10,50,1,0.004,2.0,0.008,279.1288816223143,558.2577632446286,942,-0.3594906897555465,-1.9691999999999998,0.37579617834394907,277,-0.38444842287542796,-0.6161999999999999,0.36462093862815886
10,50,1,0.004,3.0,0.012,279.1288816223143,837.3866448669429,745,-0.28335224470081277,-1.5250000000000004,0.28456375838926173,220,-0.28981721435158275,-0.45999999999999996,0.2818181818181818
10,50,1,0.008,0.75,0.006,558.2577632446286,418.69332243347145,773,-0.3175993010697788,-1.6837999999999997,0.6015523932729625,237,-0.23275812432161158,-0.3702,0.6455696202531646
10,50,1,0.008,1.0,0.008,558.2577632446286,558.2577632446286,656,-0.2673184038918168,-1.4015999999999997,0.5289634146341463,187,-0.23443490767338568,-0.35019999999999996,0.5454545454545454
10,50,1,0.008,1.3333333333333333,0.010666666666666666,558.2577632446286,744.3436843261713,531,-0.25202428943682625,-1.2419333333333333,0.4425612052730697,147,-0.22426463253516504,-0.3075333333333333,0.4557823129251701
10,50,1,0.008,2.0,0.016,558.2577632446286,1116.5155264892571,409,-0.2313971737072977,-1.0713999999999997,0.33251833740831294,107,-0.20062634840085347,-0.24619999999999997,0.34579439252336447
10,50,1,0.008,3.0,0.024,558.2577632446286,1674.7732897338858,300,-0.1621650654300917,-0.6839999999999998,0.26,75,-0.11337931636020243,-0.12299999999999994,0.28
10,50,1,0.015,0.75,0.01125,1046.7333060836786,785.0499795627588,346,-0.1755557958748314,-0.7870999999999997,0.5838150289017341,86,-0.24755688438027507,-0.27985,0.5465116279069767
10,50,1,0.015,1.0,0.015,1046.7333060836786,1046.7333060836786,281,-0.16947332831727277,-0.7155999999999996,0.501779359430605,65,-0.06551515586913827,-0.06399999999999996,0.5538461538461539
10,50,1,0.015,1.3333333333333333,0.019999999999999997,1046.7333060836786,1395.6444081115712,221,-0.1564382669495798,-0.5995999999999999,0.4253393665158371,53,-0.1764240980766321,-0.16279999999999997,0.41509433962264153
10,50,1,0.015,2.0,0.03,1046.7333060836786,2093.466612167357,158,-0.0900007840659671,-0.3057999999999998,0.34810126582278483,38,-0.22114040335672533,-0.17379999999999995,0.2894736842105263
10,50,1,0.015,3.0,0.045,1046.7333060836786,3140.1999182510353,111,-0.0311841284826763,-0.09360000000000002,0.27927927927927926,30,-0.2294114853917075,-0.16799999999999998,0.2
10,50,1,0.025,0.75,0.018750000000000003,1744.5555101394643,1308.4166326045984,158,-0.06024356054384992,-0.20454999999999965,0.6012658227848101,34,-0.14292532861909726,-0.10714999999999991,0.5588235294117647
10,50,1,0.025,1.0,0.025,1744.5555101394643,1744.5555101394643,118,-0.17146161483578623,-0.5067999999999998,0.4661016949152542,25,-0.1412036172994924,-0.08999999999999996,0.48
10,50,1,0.025,1.3333333333333333,0.03333333333333333,1744.5555101394643,2326.0740135192855,94,-0.05268677668107086,-0.14439999999999997,0.44680851063829785,20,-0.36826185385254817,-0.202,0.3
10,50,1,0.025,2.0,0.05,1744.5555101394643,3489.1110202789287,64,-0.050656597883108015,-0.11639999999999989,0.34375,10,-0.1407733741058402,-0.05099999999999998,0.3
10,50,1,0.025,3.0,0.07500000000000001,1744.5555101394643,5233.666530418393,45,0.0749949989798774,0.15800000000000008,0.3111111111111111,7,-0.35226288884459966,-0.09319999999999999,0.14285714285714285
10,50,1,0.04,0.75,0.03,2791.288816223143,2093.466612167357,68,-0.041015806064373155,-0.09679999999999991,0.5882352941176471,11,-0.12085962970638447,-0.048599999999999983,0.5454545454545454
10,50,1,0.04,1.0,0.04,2791.288816223143,2791.288816223143,57,-0.012276461256186881,-0.028199999999999878,0.5263157894736842,8,0.46985370063456994,0.13920000000000002,0.75
10,50,1,0.04,1.3333333333333333,0.05333333333333333,2791.288816223143,3721.718421630857,40,-0.22032807501859455,-0.39733333333333337,0.35,4,0.07546792804407251,0.016266666666666665,0.5
10,50,1,0.04,2.0,0.08,2791.288816223143,5582.577632446286,30,-0.045189416164997456,-0.07800000000000001,0.3333333333333333,5,0.0821583836257749,0.026999999999999996,0.4
10,50,1,0.04,3.0,0.12,2791.288816223143,8373.866448669429,17,-0.07079881156811191,-0.08420000000000002,0.23529411764705882,0,0.0,0.0,
10,100,0,0.002,0.75,0.0015,139.56444081115714,104.67333060836786,2149,-1.5126923649931778,-5.643399999999999,0.0,759,-1.4540598282047916,-1.8919,0.0
10,100,0,0.002,1.0,0.002,139.56444081115714,139.56444081115714,2049,-1.3402522052900467,-5.4894,0.0,713,-1.235903718366985,-1.7597999999999998,0.0
10,100,0,0.002,1.3333333333333333,0.0026666666666666666,139.56444081115714,186.08592108154284,1949,-1.1416959919692082,-5.1294,0.42175474602360186,667,-1.0501789051112775,-1.630866666666667,0.4617691154422789
10,100,0,0.002,2.0,0.004,139.56444081115714,279.1288816223143,1802,-0.915352616580112,-4.671200000000001,0.3346281908990011,587,-0.8131270985587539,-1.3862,0.3730834752981261
10,100,0,0.002,3.0,0.006,139.56444081115714,418.69332243347145,1613,-0.7345840505006687,-4.1318,0.25480471171729696,497,-0.7188208883085193,-1.2542,0.2595573440643863
10,100,0,0.004,0.75,0.003,279.1288816223143,209.34666121673573,1367,-0.7583958232077511,-3.5972,0.5669348939283102,458,-0.6755681798670333,-1.0558,0.6135371179039302
10,100,0,0.004,1.0,0.004,279.1288816223143,279.1288816223143,1243,-0.6250032572517071,-3.1078,0.5124698310539019,404,-0.5671528898199175,-0.9144000000000001,0.5420792079207921
10,100,0,0.004,1.3333333333333333,0.005333333333333333,279.1288816223143,372.17184216308567,1119,-0.5347943990440964,-2.7747333333333333,0.44146559428060766,339,-0.494774475699468,-0.7814000000000001,0.46017699115044247
10,100,0,0.004,2.0,0.008,279.1288816223143,558.2577632446286,955,-0.4347292092083402,-2.367,0.34345549738219894,275,-0.4469178449545127,-0.699,0.3381818181818182
10,100,0,0.004,3.0,0.012,279.1288816223143,837.3866448669429,778,-0.3768431231814566,-2.0308,0.2493573264781491,206,-0.31537489718948286,-0.46359999999999996,0.27184466019417475
10,100,0,0.008,0.75,0.006,558.2577632446286,418.69332243347145,730,-0.3806291128573426,-1.9279999999999997,0.5684931506849316,208,-0.42832463066976223,-0.6228,0.5432692307692307
10,100,0,0.008,1.0,0.008,558.2577632446286,558.2577632446286,617,-0.31988200848425835,-1.5801999999999996,0.5024311183144247,179,-0.35208311717783264,-0.5053999999999998,0.4860335195530726
10,100,0,0.008,1.3333333333333333,0.010666666666666666,558.2577632446286,744.3436843261713,529,-0.276093127451103,-1.3514,0.43100189035916825,143,-0.37533058902264643,-0.4891333333333333,0.38461538461538464
10,100,0,0.008,2.0,0.016,558.2577632446286,1116.5155264892571,401,-0.20502635938284158,-0.9385999999999999,0.34413965087281795,99,-0.3001391311104158,-0.3293999999999999,0.30303030303030304
10,100,0,0.008,3.0,0.024,558.2577632446286,1674.7732897338858,304,-0.16249479398551872,-0.6943999999999998,0.2598684210526316,81,-0.2267571172373176,-0.25059999999999993,0.2345679012345679
10,100,0,0.015,0.75,0.01125,1046.7333060836786,785.0499795627588,326,-0.23158548355246217,-0.9863499999999998,0.5552147239263804,81,-0.18169651286031785,-0.19184999999999997,0.5802469135802469
10,100,0,0.015,1.0,0.015,1046.7333060836786,1046.7333060836786,263,-0.1464900644480369,-0.5787999999999998,0.5133079847908745,57,-0.22428485245345767,-0.1931999999999999,0.47368421052631576
10,100,0,0.015,1.3333333333333333,0.019999999999999997,1046.7333060836786,1395.6444081115712,215,-0.1898231058464137,-0.7039999999999998,0.40930232558139534,49,-0.23381063146402659,-0.19739999999999996,0.3877551020408163
10,100,0,0.015,2.0,0.03,1046.7333060836786,2093.466612167357,148,-0.142186857464989,-0.4447999999999998,0.32432432432432434,37,-0.025896781925976265,-0.021199999999999934,0.3783783783783784
10,100,0,0.015,3.0,0.045,1046.7333060836786,3140.1999182510353,115,-0.2323166255194698,-0.6439999999999998,0.2,21,-0.016459023995956435,-0.009599999999999977,0.2857142857142857
10,100,0,0.025,0.75,0.018750000000000003,1744.5555101394643,1308.4166326045984,148,-0.1673043538181477,-0.5410499999999997,0.5472972972972973,32,0.05262128091254308,0.0355500000000001,0.65625
10,100,0,0.025,1.0,0.025,1744.5555101394643,1744.5555101394643,119,-0.07848311134766682,-0.2343999999999997,0.5126050420168067,25,0.1796292478040998,0.11000000000000006,0.64
10,100,0,0.025,1.3333333333333333,0.03333333333333333,1744.5555101394643,2326.0740135192855,91,-0.08957040327506145,-0.23659999999999998,0.42857142857142855,17,0.10936709772516566,0.055800000000000016,0.5294117647058824
10,100,0,0.025,2.0,0.05,1744.5555101394643,3489.1110202789287,61,-0.326626687175017,-0.6335999999999998,0.22950819672131148,11,-0.46025377277490664,-0.15360000000000001,0.18181818181818182
10,100,0,0.025,3.0,0.07500000000000001,1744.5555101394643,5233.666530418393,50,-0.18809040379562164,-0.38,0.2,9,-0.4946666666666665,-0.14839999999999998,0.1111111111111111
10,100,0,0.04,0.75,0.03,2791.288816223143,2093.466612167357,56,-0.1799161555419508,-0.35559999999999997,0.5178571428571429,9,0.11619047619047619,0.03660000000000001,0.6666666666666666
10,100,0,0.04,1.0,0.04,2791.288816223143,2791.288816223143,47,-0.08537315099811833,-0.16219999999999996,0.48936170212765956,7,-0.1944325534912887,-0.05819999999999999,0.42857142857142855
10,100,0,0.04,1.3333333333333333,0.05333333333333333,2791.288816223143,3721.718421630857,36,-0.19566905190482833,-0.32026666666666664,0.3611111111111111,4,0.5871428571428571,0.1096,0.75
10,100,0,0.04,2.0,0.08,2791.288816223143,5582.577632446286,29,-0.17398350100135823,-0.27539999999999987,0.27586206896551724,3,-0.03752776749732568,-0.007800000000000001,0.3333333333333333
10,100,0,0.04,3.0,0.12,2791.288816223143,8373.866448669429,22,-0.5959011808425498,-0.6171999999999999,0.09090909090909091,1,0.0,-0.0426,0.0
10,100,1,0.002,0.75,0.0015,139.56444081115714,104.67333060836786,1302,-1.5066499318564228,-3.4027000000000003,0.0,445,-1.41101276960866,-1.0599999999999998,0.0
10,100,1,0.002,1.0,0.002,139.56444081115714,139.56444081115714,1252,-1.2883836369010733,-3.2272,0.0,419,-1.1535778388639926,-0.9553999999999999,0.0
10,100,1,0.002,1.3333333333333333,0.0026666666666666666,139.56444081115714,186.08592108154284,1195,-1.1004411725393173,-3.0469999999999997,0.4393305439330544,393,-0.9829778778713706,-0.9024666666666668,0.49363867684478374
10,100,1,0.002,2.0,0.004,139.56444081115714,279.1288816223143,1100,-0.8587160896300589,-2.714,0.35545454545454547,352,-0.6813273271233568,-0.7132000000000001,0.4289772727272727
10,100,1,0.002,3.0,0.006,139.56444081115714,418.69332243347145,1019,-0.6663385267368152,-2.4313999999999996,0.27674190382728164,316,-0.5385959512874412,-0.6376,0.3227848101265823
10,100,1,0.004,0.75,0.003,279.1288816223143,209.34666121673573,924,-0.756007021181926,-2.4234,0.5681818181818182,310,-0.715705546029512,-0.7649999999999999,0.5903225806451613
10,100,1,0.004,1.0,0.004,279.1288816223143,279.1288816223143,845,-0.6343148326759062,-2.1450000000000005,0.5076923076923077,283,-0.5763658805531281,-0.6517999999999999,0.5371024734982333
10,100,1,0.004,1.3333333333333333,0.005333333333333333,279.1288816223143,372.17184216308567,767,-0.5674387371374346,-2.0102,0.42633637548891784,253,-0.5062918636098532,-0.5964666666666667,0.45454545454545453
10,100,1,0.004,2.0,0.008,279.1288816223143,558.2577632446286,684,-0.45928330578278165,-1.7783999999999998,0.3333333333333333,215,-0.3672038436491339,-0.4589999999999999,0.37209302325581395
10,100,1,0.004,3.0,0.012,279.1288816223143,837.3866448669429,580,-0.33715122028924016,-1.3800000000000003,0.2637931034482759,164,-0.3406919632032624,-0.3944000000000001,0.2621951219512195
10,100,1,0.008,0.75,0.006,558.2577632446286,418.69332243347145,559,-0.37982342363967414,-1.4734,0.5688729874776386,174,-0.2913862034135094,-0.34639999999999993,0.6149425287356322
10,100,1,0.008,1.0,0.008,558.2577632446286,558.2577632446286,487,-0.35145801933683596,-1.3701999999999996,0.486652977412731,146,-0.20256572535993544,-0.23559999999999995,0.5616438356164384
10,100,1,0.008,1.3333333333333333,0.010666666666666666,558.2577632446286,744.3436843261713,415,-0.29054224398607054,-1.1136666666666666,0.42409638554216866,114,-0.22331227038976065,-0.23773333333333335,0.45614035087719296
10,100,1,0.008,2.0,0.016,558.2577632446286,1116.5155264892571,341,-0.26820506641314334,-1.0225999999999997,0.31671554252199413,82,-0.1047719103635106,-0.10119999999999997,0.3902439024390244
10,100,1,0.008,3.0,0.024,558.2577632446286,1674.7732897338858,279,-0.20349232830231884,-0.7813999999999999,0.24372759856630824,67,-0.10496344222350605,-0.10219999999999996,0.2835820895522388
10,100,1,0.015,0.75,0.01125,1046.7333060836786,785.0499795627588,293,-0.17589735364724626,-0.6680499999999998,0.5836177474402731,78,-0.21313797346713723,-0.2178,0.5641025641025641
10,100,1,0.015,1.0,0.015,1046.7333060836786,1046.7333060836786,244,-0.14033359555261732,-0.5143999999999997,0.5163934426229508,57,-0.15444062168398015,-0.13319999999999993,0.5087719298245614
10,100,1,0.015,1.3333333333333333,0.019999999999999997,1046.7333060836786,1395.6444081115712,195,-0.15576793861569238,-0.527,0.4256410256410256,48,-0.17299550318001142,-0.14479999999999998,0.4166666666666667
10,100,1,0.015,2.0,0.03,1046.7333060836786,2093.466612167357,153,-0.10782756117889424,-0.3527999999999998,0.33986928104575165,37,-0.1407284921702371,-0.11119999999999994,0.32432432432432434
10,100,1,0.015,3.0,0.045,1046.7333060836786,3140.1999182510353,111,-0.162307062854393,-0.45359999999999995,0.22522522522522523,25,0.13608276348795442,0.10000000000000006,0.36
10,100,1,0.025,0.75,0.018750000000000003,1744.5555101394643,1308.4166326045984,141,-0.07129478859552071,-0.21659999999999957,0.5957446808510638,29,-0.15635220295199667,-0.10039999999999992,0.5517241379310345
10,100,1,0.025,1.0,0.025,1744.5555101394643,1744.5555101394643,113,-0.05954555422077899,-0.1687999999999998,0.5221238938053098,24,-0.020302146590376914,-0.012399999999999953,0.5416666666666666
10,100,1,0.025,1.3333333333333333,0.03333333333333333,1744.5555101394643,2326.0740135192855,86,-0.2078367886363773,-0.5069333333333332,0.37209302325581395,19,-0.1026899529785178,-0.05773333333333332,0.42105263157894735
10,100,1,0.025,2.0,0.05,1744.5555101394643,3489.1110202789287,63,-0.4484840655469113,-0.8387999999999997,0.19047619047619047,13,0.03281275549351085,0.016200000000000027,0.38461538461538464
10,100,1,0.025,3.0,0.07500000000000001,1744.5555101394643,5233.666530418393,52,-0.26942881343657166,-0.5351999999999998,0.17307692307692307,7,0.019908361488150117,0.006800000000000014,0.2857142857142857
10,100,1,0.04,0.75,0.03,2791.288816223143,2093.466612167357,61,-0.06979282553719295,-0.14859999999999987,0.5737704918032787,11,0.25412429820129717,0.09140000000000001,0.7272727272727273
10,100,1,0.04,1.0,0.04,2791.288816223143,2791.288816223143,50,0.09527259740393332,0.19000000000000006,0.58,7,0.07282868842113568,0.021800000000000014,0.5714285714285714
10,100,1,0.04,1.3333333333333333,0.05333333333333333,2791.288816223143,3721.718421630857,34,-0.030262420840371194,-0.04840000000000002,0.4411764705882353,5,0.7682490694124278,0.16033333333333333,0.8
10,100,1,0.04,2.0,0.08,2791.288816223143,5582.577632446286,25,0.1677776822147411,0.255,0.44,3,0.5398225016923001,0.1122,0.6666666666666666
10,100,1,0.04,3.0,0.12,2791.288816223143,8373.866448669429,13,-0.08090860228107348,-0.07380000000000002,0.23076923076923078,0,0.0,0.0,
10,200,0,0.002,0.75,0.0015,139.56444081115714,104.67333060836786,1474,-1.499835244781049,-3.8299000000000003,0.0,559,-1.503826472203341,-1.4584,0.0
10,200,0,0.002,1.0,0.002,139.56444081115714,139.56444081115714,1415,-1.3145210720299891,-3.721,0.0,521,-1.281685160411552,-1.3365999999999998,0.0
10,200,0,0.002,1.3333333333333333,0.0026666666666666666,139.56444081115714,186.08592108154284,1354,-1.1381414952461462,-3.5544000000000002,0.42319054652880356,496,-1.136946047608526,-1.3016,0.42338709677419356
10,200,0,0.002,2.0,0.004,139.56444081115714,279.1288816223143,1287,-0.9365207314601154,-3.3942000000000005,0.3271173271173271,463,-0.8845238617342661,-1.1698,0.34557235421166305
10,200,0,0.002,3.0,0.006,139.56444081115714,418.69332243347145,1203,-0.7606269869724023,-3.1578,0.24688279301745636,409,-0.7516607264650151,-1.0654,0.24938875305623473
10,200,0,0.004,0.75,0.003,279.1288816223143,209.34666121673573,978,-0.7407297334801847,-2.5068,0.5766871165644172,354,-0.7766013935666768,-0.9573999999999999,0.556497175141243
10,200,0,0.004,1.0,0.004,279.1288816223143,279.1288816223143,916,-0.6065794407982895,-2.2216000000000005,0.5218340611353712,328,-0.6985460632566637,-0.9168000000000002,0.47560975609756095
10,200,0,0.004,1.3333333333333333,0.005333333333333333,279.1288816223143,372.17184216308567,848,-0.5056459759715958,-1.9941333333333333,0.455188679245283,287,-0.6083738771010831,-0.8022,0.4076655052264808
10,200,0,0.004,2.0,0.008,279.1288816223143,558.2577632446286,742,-0.43415796328835116,-1.8371999999999997,0.3436657681940701,234,-0.5941703335121042,-0.7524,0.28205128205128205
10,200,0,0.004,3.0,0.012,279.1288816223143,837.3866448669429,625,-0.3627209606057725,-1.5810000000000002,0.2544,183,-0.5413272258053592,-0.6318000000000001,0.19672131147540983
10,200,0,0.008,0.75,0.006,558.2577632446286,418.69332243347145,566,-0.35953554304029983,-1.4076,0.5795053003533569,173,-0.5418416174410314,-0.6577999999999999,0.48554913294797686
10,200,0,0.008,1.0,0.008,558.2577632446286,558.2577632446286,490,-0.3246681979737315,-1.2739999999999996,0.5,152,-0.45906582289512693,-0.5551999999999999,0.4342105263157895
10,200,0,0.008,1.3333333333333333,0.010666666666666666,558.2577632446286,744.3436843261713,435,-0.2880455193733853,-1.1576666666666666,0.42528735632183906,127,-0.42618634310223763,-0.4875333333333333,0.36220472440944884
10,200,0,0.008,2.0,0.016,558.2577632446286,1116.5155264892571,342,-0.2704067234596822,-1.0332,0.3157894736842105,102,-0.34711646053229633,-0.3851999999999999,0.28431372549019607
10,200,0,0.008,3.0,0.024,558.2577632446286,1674.7732897338858,256,-0.22824334713240615,-0.7935999999999998,0.234375,77,-0.16201862183201743,-0.1761999999999999,0.2597402597402597
10,200,0,0.015,0.75,0.01125,1046.7333060836786,785.0499795627588,276,-0.21194656231083944,-0.7626,0.5652173913043478,73,-0.3797432833783154,-0.36604999999999993,0.4794520547945205
10,200,0,0.015,1.0,0.015,1046.7333060836786,1046.7333060836786,223,-0.286606985595248,-0.9547999999999999,0.4439461883408072,58,-0.10371111320058515,-0.09079999999999992,0.5344827586206896
10,200,0,0.015,1.3333333333333333,0.019999999999999997,1046.7333060836786,1395.6444081115712,182,-0.2663998824258626,-0.8231999999999997,0.37362637362637363,51,-0.025077464864002773,-0.02259999999999998,0.49019607843137253
10,200,0,0.015,2.0,0.03,1046.7333060836786,2093.466612167357,143,-0.18010767140250455,-0.5367999999999999,0.3076923076923077,34,-0.07868933612289908,-0.05839999999999995,0.35294117647058826
10,200,0,0.015,3.0,0.045,1046.7333060836786,3140.1999182510353,107,-0.2160486894720463,-0.5631999999999998,0.205607476635514,18,-0.33030625519693413,-0.13679999999999998,0.16666666666666666
10,200,0,0.025,0.75,0.018750000000000003,1744.5555101394643,1308.4166326045984,127,-0.15956161701857532,-0.44269999999999987,0.5511811023622047,31,-0.10010157397701254,-0.06809999999999991,0.5806451612903226
10,200,0,0.025,1.0,0.025,1744.5555101394643,1744.5555101394643,100,-0.1634724554083594,-0.4099999999999999,0.47,27,0.007021659611780168,0.004800000000000054,0.5555555555555556
10,200,0,0.025,1.3333333333333333,0.03333333333333333,1744.5555101394643,2326.0740135192855,86,-0.0861631022703982,-0.21526666666666672,0.43023255813953487,16,-0.06956773377161683,-0.03326666666666665,0.4375
10,200,0,0.025,2.0,0.05,1744.5555101394643,3489.1110202789287,59,-0.21591458040332742,-0.42839999999999995,0.2711864406779661,12,-0.07040833284017825,-0.03119999999999997,0.3333333333333333
10,200,0,0.025,3.0,0.07500000000000001,1744.5555101394643,5233.666530418393,44,-0.11494582774293292,-0.21439999999999992,0.22727272727272727,9,-0.4946666666666665,-0.14839999999999998,0.1111111111111111
10,200,0,0.04,0.75,0.03,2791.288816223143,2093.466612167357,65,-0.10924067284429977,-0.24899999999999992,0.5538461538461539,8,0.031743015729748324,0.009200000000000007,0.625
10,200,0,0.04,1.0,0.04,2791.288816223143,2791.288816223143,49,-0.16619503460673057,-0.3273999999999999,0.4489795918367347,5,-0.24191079623144832,-0.05299999999999999,0.4
10,200,0,0.04,1.3333333333333333,0.05333333333333333,2791.288816223143,3721.718421630857,33,-0.0037241516212255413,-0.00580000000000002,0.45454545454545453,6,0.40712432079775585,0.11773333333333333,0.6666666666666666
10,200,0,0.04,2.0,0.08,2791.288816223143,5582.577632446286,26,0.059691716021056565,0.09239999999999998,0.38461538461538464,3,-0.03752776749732568,-0.007800000000000001,0.3333333333333333
10,200,0,0.04,3.0,0.12,2791.288816223143,8373.866448669429,15,-0.16000895157250844,-0.15900000000000003,0.2,1,0.0,-0.0426,0.0
10,200,1,0.002,0.75,0.0015,139.56444081115714,104.67333060836786,862,-1.4868034280866886,-2.2152,0.0,339,-1.4450480745807452,-0.8384,0.0
10,200,1,0.002,1.0,0.002,139.56444081115714,139.56444081115714,816,-1.27985341701393,-2.0896,0.0,318,-1.2204079849083382,-0.7747999999999999,0.0
10,200,1,0.002,1.3333333333333333,0.0026666666666666666,139.56444081115714,186.08592108154284,772,-1.0830750601373027,-1.9412000000000003,0.44689119170984454,301,-1.0348953712085966,-0.7266,0.4684385382059801
10,200,1,0.002,2.0,0.004,139.56444081115714,279.1288816223143,724,-0.9006800265004603,-1.8544,0.3397790055248619,279,-0.7953636829465306,-0.6474,0.37992831541218636
10,200,1,0.002,3.0,0.006,139.56444081115714,418.69332243347145,685,-0.7274027525997432,-1.7429999999999999,0.2569343065693431,256,-0.6520678506751103,-0.6015999999999999,0.28125
10,200,1,0.004,0.75,0.003,279.1288816223143,209.34666121673573,631,-0.7176749796983299,-1.5605999999999998,0.589540412044374,241,-0.7027525443471678,-0.5826,0.5975103734439834
10,200,1,0.004,1.0,0.004,279.1288816223143,279.1288816223143,581,-0.6204713359864361,-1.4426,0.5146299483648882,222,-0.612977735998279,-0.5452000000000001,0.5180180180180181
10,200,1,0.004,1.3333333333333333,0.005333333333333333,279.1288816223143,372.17184216308567,542,-0.5515099375913333,-1.3838666666666666,0.43357933579335795,205,-0.5079168603931719,-0.485,0.45365853658536587
10,200,1,0.004,2.0,0.008,279.1288816223143,558.2577632446286,487,-0.4358091375908889,-1.2102,0.34291581108829566,175,-0.5211860081045404,-0.507,0.30857142857142855
10,200,1,0.004,3.0,0.012,279.1288816223143,837.3866448669429,434,-0.34005724298983203,-1.0404,0.2626728110599078,146,-0.423520659500012,-0.4196000000000001,0.2328767123287671
10,200,1,0.008,0.75,0.006,558.2577632446286,418.69332243347145,412,-0.33979351916563794,-0.9651999999999998,0.5898058252427184,146,-0.43207352423753925,-0.4416,0.541095890410959
10,200,1,0.008,1.0,0.008,558.2577632446286,558.2577632446286,362,-0.26979060922137976,-0.7811999999999999,0.5276243093922652,126,-0.3237077483613981,-0.3275999999999999,0.5
10,200,1,0.008,1.3333333333333333,0.010666666666666666,558.2577632446286,744.3436843261713,323,-0.23240342611436765,-0.6984666666666667,0.4520123839009288,105,-0.22118564368518823,-0.21699999999999997,0.45714285714285713
10,200,1,0.008,2.0,0.016,558.2577632446286,1116.5155264892571,265,-0.24095360149199077,-0.7209999999999999,0.3283018867924528,85,-0.1589428016795038,-0.15699999999999997,0.36470588235294116
10,200,1,0.008,3.0,0.024,558.2577632446286,1674.7732897338858,208,-0.12796009833417443,-0.3807999999999998,0.27403846153846156,67,-0.14015313328778187,-0.13419999999999993,0.26865671641791045
10,200,1,0.015,0.75,0.01125,1046.7333060836786,785.0499795627588,230,-0.2288800201070107,-0.6879999999999998,0.5565217391304348,68,-0.10790809132241957,-0.09429999999999995,0.6176470588235294
10,200,1,0.015,1.0,0.015,1046.7333060836786,1046.7333060836786,188,-0.3138168609196374,-0.8787999999999999,0.4308510638297872,55,0.026967994498529754,0.022000000000000054,0.6
10,200,1,0.015,1.3333333333333333,0.019999999999999997,1046.7333060836786,1395.6444081115712,159,-0.23078968874859213,-0.6284,0.389937106918239,44,-0.0506363626605534,-0.03939999999999996,0.4772727272727273
10,200,1,0.015,2.0,0.03,1046.7333060836786,2093.466612167357,122,-0.13416617877719908,-0.34719999999999995,0.32786885245901637,31,-0.21843387602119987,-0.14059999999999997,0.2903225806451613
10,200,1,0.015,3.0,0.045,1046.7333060836786,3140.1999182510353,93,-0.21962921829764037,-0.49679999999999996,0.20430107526881722,21,-0.4196580450551871,-0.1896,0.14285714285714285
10,200,1,0.025,0.75,0.018750000000000003,1744.5555101394643,1308.4166326045984,126,-0.16657140134498388,-0.45884999999999976,0.5476190476190477,33,-0.04997310270303537,-0.03579999999999989,0.6060606060606061
10,200,1,0.025,1.0,0.025,1744.5555101394643,1744.5555101394643,102,-0.08399359883675972,-0.2151999999999999,0.5098039215686274,27,0.23869770127211662,0.15480000000000005,0.6666666666666666
10,200,1,0.025,1.3333333333333333,0.03333333333333333,1744.5555101394643,2326.0740135192855,82,-0.19491127685545126,-0.45486666666666675,0.3780487804878049,15,0.11655835594300418,0.05266666666666668,0.5333333333333333
10,200,1,0.025,2.0,0.05,1744.5555101394643,3489.1110202789287,59,-0.4622124014536221,-0.8033999999999999,0.1864406779661017,9,-0.330592925725404,-0.09839999999999999,0.2222222222222222
10,200,1,0.025,3.0,0.07500000000000001,1744.5555101394643,5233.666530418393,47,-0.152854394817261,-0.29719999999999996,0.2127659574468085,6,0.0,-0.16560000000000002,0.0
10,200,1,0.04,0.75,0.03,2791.288816223143,2093.466612167357,58,-0.14724497884236643,-0.30079999999999996,0.5344827586206896,13,0.013454965876968811,0.006200000000000046,0.6153846153846154
10,200,1,0.04,1.0,0.04,2791.288816223143,2791.288816223143,51,-0.08379035688243405,-0.17259999999999992,0.49019607843137253,7,-0.5057602128055773,-0.1382,0.2857142857142857
10,200,1,0.04,1.3333333333333333,0.05333333333333333,2791.288816223143,3721.718421630857,33,-0.06412983665814448,-0.09913333333333335,0.42424242424242425,7,-0.3498601761520492,-0.11153333333333335,0.2857142857142857
10,200,1,0.04,2.0,0.08,2791.288816223143,5582.577632446286,28,-0.15060680832646878,-0.23279999999999995,0.2857142857142857,4,0.0,-0.1704,0.0
10,200,1,0.04,3.0,0.12,2791.288816223143,8373.866448669429,16,-0.19535470697800333,-0.20160000000000003,0.1875,4,0.0,-0.1704,0.0
10,400,0,0.002,0.75,0.0015,139.56444081115714,104.67333060836786,1011,-1.5078036629513631,-2.6450999999999993,0.0,396,-1.4924202162916005,-1.0236,0.0
10,400,0,0.002,1.0,0.002,139.56444081115714,139.56444081115714,973,-1.3233276402534397,-2.5757999999999996,0.0,379,-1.2749279949501575,-0.9673999999999999,0.0
10,400,0,0.002,1.3333333333333333,0.0026666666666666666,139.56444081115714,186.08592108154284,939,-1.14912041306397,-2.4854000000000003,0.4185303514376997,361,-1.0719506931205787,-0.8999333333333334,0.4515235457063712
10,400,0,0.002,2.0,0.004,139.56444081115714,279.1288816223143,902,-0.9270732489714734,-2.3612,0.3303769401330377,339,-0.8235852452816844,-0.8094,0.3687315634218289
10,400,0,0.002,3.0,0.006,139.56444081115714,418.69332243347145,836,-0.758061431026381,-2.1895999999999995,0.24760765550239233,314,-0.7653109238396,-0.8284,0.24522292993630573
10,400,0,0.004,0.75,0.003,279.1288816223143,209.34666121673573,696,-0.7466934054199732,-1.8005999999999998,0.5732758620689655,254,-0.7859369030376975,-0.6963999999999999,0.5511811023622047
10,400,0,0.004,1.0,0.004,279.1288816223143,279.1288816223143,660,-0.6647237256359239,-1.7560000000000002,0.49242424242424243,235,-0.6528677135165485,-0.6150000000000001,0.4978723404255319
10,400,0,0.004,1.3333333333333333,0.005333333333333333,279.1288816223143,372.17184216308567,627,-0.5649568815855333,-1.6368666666666667,0.4274322169059011,209,-0.6887895552031504,-0.6514,0.37320574162679426
10,400,0,0.004,2.0,0.008,279.1288816223143,558.2577632446286,562,-0.48737205879837264,-1.5372,0.3220640569395018,187,-0.5600790146700704,-0.5742,0.29411764705882354
10,400,0,0.004,3.0,0.012,279.1288816223143,837.3866448669429,495,-0.41416774093194125,-1.395,0.23636363636363636,155,-0.48600735569379155,-0.495,0.2129032258064516
10,400,0,0.008,0.75,0.006,558.2577632446286,418.69332243347145,411,-0.49672083245502513,-1.4305999999999999,0.5085158150851582,137,-0.5491340701669555,-0.5282,0.48175182481751827
10,400,0,0.008,1.0,0.008,558.2577632446286,558.2577632446286,375,-0.4363698107051856,-1.303,0.44533333333333336,123,-0.4144032793900844,-0.4077999999999999,0.45528455284552843
10,400,0,0.008,1.3333333333333333,0.010666666666666666,558.2577632446286,744.3436843261713,344,-0.30828984278340826,-0.9770666666666667,0.41569767441860467,110,-0.3214436115917352,-0.326,0.4090909090909091
10,400,0,0.008,2.0,0.016,558.2577632446286,1116.5155264892571,278,-0.294462258629067,-0.9067999999999999,0.3057553956834532,90,-0.20345808331238135,-0.20999999999999994,0.34444444444444444
10,400,0,0.008,3.0,0.024,558.2577632446286,1674.7732897338858,230,-0.2388818656150459,-0.7419999999999998,0.23043478260869565,70,-0.06770424503617446,-0.06999999999999991,0.3
10,400,0,0.015,0.75,0.01125,1046.7333060836786,785.0499795627588,222,-0.2336888738220897,-0.6784499999999999,0.5540540540540541,65,-0.2928341247769913,-0.2515,0.5230769230769231
10,400,0,0.015,1.0,0.015,1046.7333060836786,1046.7333060836786,183,-0.16741206561922786,-0.4608,0.5027322404371585,59,-0.08815073294832892,-0.07839999999999993,0.5423728813559322
10,400,0,0.015,1.3333333333333333,0.019999999999999997,1046.7333060836786,1395.6444081115712,150,-0.20925523912686342,-0.5399999999999998,0.4,47,-0.06894084886799717,-0.057199999999999945,0.46808510638297873
10,400,0,0.015,2.0,0.03,1046.7333060836786,2093.466612167357,122,-0.09819776010004141,-0.2571999999999999,0.3442622950819672,35,-0.22994872521009882,-0.16599999999999995,0.2857142857142857
10,400,0,0.015,3.0,0.045,1046.7333060836786,3140.1999182510353,86,-0.2053560733294426,-0.43360000000000004,0.20930232558139536,24,-0.49827533239997623,-0.24239999999999995,0.125
10,400,0,0.025,0.75,0.018750000000000003,1744.5555101394643,1308.4166326045984,111,-0.14494183007239575,-0.3510999999999999,0.5585585585585585,31,-0.10010157397701254,-0.06809999999999991,0.5806451612903226
10,400,0,0.025,1.0,0.025,1744.5555101394643,1744.5555101394643,89,-0.09224724958598905,-0.20639999999999978,0.5056179775280899,27,0.007021659611780168,0.004800000000000054,0.5555555555555556
10,400,0,0.025,1.3333333333333333,0.03333333333333333,1744.5555101394643,2326.0740135192855,71,-0.13067910598327503,-0.26793333333333336,0.4084507042253521,18,-0.28822471706698694,-0.14679999999999999,0.3333333333333333
10,400,0,0.025,2.0,0.05,1744.5555101394643,3489.1110202789287,53,-0.23331670843097327,-0.41280000000000006,0.2641509433962264,11,-0.20396672337031893,-0.07859999999999998,0.2727272727272727
10,400,0,0.025,3.0,0.07500000000000001,1744.5555101394643,5233.666530418393,40,-0.0022113982300031834,-0.003999999999999906,0.275,12,-0.28088241905347733,-0.13119999999999998,0.16666666666666666
10,400,0,0.04,0.75,0.03,2791.288816223143,2093.466612167357,60,-0.14954965600519807,-0.31599999999999995,0.5333333333333333,10,0.4540127212098887,0.134,0.8
10,400,0,0.04,1.0,0.04,2791.288816223143,2791.288816223143,44,-0.15476807856899755,-0.2744,0.45454545454545453,7,-0.1944325534912887,-0.05819999999999999,0.42857142857142855
10,400,0,0.04,1.3333333333333333,0.05333333333333333,2791.288816223143,3721.718421630857,34,-0.2133447301658886,-0.32839999999999997,0.35294117647058826,5,-0.5733917170874462,-0.11966666666666667,0.2
10,400,0,0.04,2.0,0.08,2791.288816223143,5582.577632446286,25,0.010206207261596566,0.014999999999999986,0.36,4,-0.21000000000000002,-0.0504,0.25
10,400,0,0.04,3.0,0.12,2791.288816223143,8373.866448669429,16,-0.19535470697800333,-0.20160000000000003,0.1875,3,0.0,-0.1278,0.0
10,400,1,0.002,0.75,0.0015,139.56444081115714,104.67333060836786,568,-1.53611645519789,-1.5208,0.0,216,-1.5157265684983017,-0.5700999999999999,0.0
10,400,1,0.002,1.0,0.002,139.56444081115714,139.56444081115714,538,-1.3290912748039254,-1.4308,0.0,206,-1.316459311402533,-0.5435999999999999,0.0
10,400,1,0.002,1.3333333333333333,0.0026666666666666666,139.56444081115714,186.08592108154284,510,-1.1894511965301748,-1.3893333333333335,0.4019607843137255,198,-1.1331871359001966,-0.5188,0.42424242424242425
10,400,1,0.002,2.0,0.004,139.56444081115714,279.1288816223143,495,-0.9412958519764445,-1.3110000000000002,0.32525252525252524,190,-0.9217484002021996,-0.49599999999999994,0.33157894736842103
10,400,1,0.002,3.0,0.006,139.56444081115714,418.69332243347145,474,-0.7602989243291746,-1.2444,0.2468354430379747,181,-0.7716211494693793,-0.4805999999999999,0.2430939226519337
10,400,1,0.004,0.75,0.003,279.1288816223143,209.34666121673573,423,-0.8047818847441313,-1.1888,0.541371158392435,167,-0.7746571349153506,-0.45119999999999993,0.5568862275449101
10,400,1,0.004,1.0,0.004,279.1288816223143,279.1288816223143,404,-0.6491950461308161,-1.0504000000000002,0.5,155,-0.6936229035693762,-0.43100000000000005,0.4774193548387097
10,400,1,0.004,1.3333333333333333,0.005333333333333333,279.1288816223143,372.17184216308567,384,-0.5428407014556799,-0.9664,0.4375,145,-0.6899872954256693,-0.453,0.3724137931034483
10,400,1,0.004,2.0,0.008,279.1288816223143,558.2577632446286,346,-0.5125910005269655,-0.9875999999999999,0.31213872832369943,133,-0.582817888992199,-0.42179999999999995,0.2857142857142857
10,400,1,0.004,3.0,0.012,279.1288816223143,837.3866448669429,318,-0.4536851028668168,-0.9628000000000001,0.22327044025157233,116,-0.44974199098882367,-0.3496,0.22413793103448276
10,400,1,0.008,0.75,0.006,558.2577632446286,418.69332243347145,294,-0.3681515013079645,-0.7504,0.5748299319727891,107,-0.5212016509793539,-0.39219999999999994,0.4953271028037383
10,400,1,0.008,1.0,0.008,558.2577632446286,558.2577632446286,257,-0.3595388757039689,-0.7402,0.48249027237354086,94,-0.4315310930552273,-0.3243999999999999,0.44680851063829785
10,400,1,0.008,1.3333333333333333,0.010666666666666666,558.2577632446286,744.3436843261713,236,-0.2910514926243852,-0.6349333333333333,0.423728813559322,86,-0.32556874997639923,-0.2582666666666667,0.4069767441860465
10,400,1,0.008,2.0,0.016,558.2577632446286,1116.5155264892571,203,-0.2032354765226988,-0.4718,0.3448275862068966,77,-0.1060512294262575,-0.09619999999999997,0.38961038961038963
10,400,1,0.008,3.0,0.024,558.2577632446286,1674.7732897338858,179,-0.15564385121913255,-0.3933999999999998,0.26256983240223464,63,-0.029388076521278478,-0.027799999999999922,0.31746031746031744
10,400,1,0.015,0.75,0.01125,1046.7333060836786,785.0499795627588,171,-0.2878755186473877,-0.6470999999999999,0.5263157894736842,59,-0.2549432276523101,-0.19839999999999997,0.5423728813559322
10,400,1,0.015,1.0,0.015,1046.7333060836786,1046.7333060836786,152,-0.306573064434863,-0.6951999999999998,0.4342105263157895,53,-0.07859546834596474,-0.06279999999999994,0.5471698113207547
10,400,1,0.015,1.3333333333333333,0.019999999999999997,1046.7333060836786,1395.6444081115712,134,-0.23469391528865075,-0.5384,0.3880597014925373,42,0.08885552023415043,0.06580000000000003,0.5476190476190477
10,400,1,0.015,2.0,0.03,1046.7333060836786,2093.466612167357,109,-0.2582652715017583,-0.5683999999999999,0.27522935779816515,33,0.18469719025887402,0.13920000000000005,0.48484848484848486
10,400,1,0.015,3.0,0.045,1046.7333060836786,3140.1999182510353,84,-0.19149580396789276,-0.3984,0.21428571428571427,18,0.08246211251235326,0.04320000000000003,0.3333333333333333
10,400,1,0.025,0.75,0.018750000000000003,1744.5555101394643,1308.4166326045984,99,-0.17064696856020573,-0.3698999999999998,0.5454545454545454,30,0.14834607014468873,0.09075000000000011,0.7
10,400,1,0.025,1.0,0.025,1744.5555101394643,1744.5555101394643,81,-0.09109373884218441,-0.1855999999999998,0.5061728395061729,26,0.04946709014074928,0.032400000000000054,0.5769230769230769
10,400,1,0.025,1.3333333333333333,0.03333333333333333,1744.5555101394643,2326.0740135192855,68,-0.06390472626731085,-0.12679999999999997,0.4411764705882353,16,0.05200863350621392,0.02506666666666668,0.5
10,400,1,0.025,2.0,0.05,1744.5555101394643,3489.1110202789287,50,-0.016499158227686068,-0.029999999999999923,0.36,8,0.24694938752708015,0.07920000000000002,0.5
10,400,1,0.025,3.0,0.07500000000000001,1744.5555101394643,5233.666530418393,36,0.003913596723761873,0.006400000000000072,0.2777777777777778,7,-0.35226288884459966,-0.09319999999999999,0.14285714285714285
10,400,1,0.04,0.75,0.03,2791.288816223143,2093.466612167357,50,-0.25476233268253395,-0.44999999999999984,0.48,16,1.3157142857142858,0.3684,0.9375
10,400,1,0.04,1.0,0.04,2791.288816223143,2791.288816223143,46,-0.23995861977997876,-0.4395999999999999,0.41304347826086957,9,0.5562377161119129,0.17660000000000003,0.7777777777777778
10,400,1,0.04,1.3333333333333333,0.05333333333333333,2791.288816223143,3721.718421630857,33,-0.18995170523705932,-0.28580000000000005,0.36363636363636365,7,0.5284498895016305,0.16846666666666665,0.7142857142857143
10,400,1,0.04,2.0,0.08,2791.288816223143,5582.577632446286,24,-0.1364044077916326,-0.1824,0.2916666666666667,2,0.0,-0.0852,0.0
10,400,1,0.04,3.0,0.12,2791.288816223143,8373.866448669429,17,0.0593347515803179,0.07579999999999998,0.29411764705882354,2,0.0,-0.0852,0.0
20,50,0,0.002,0.75,0.0015,139.56444081115714,104.67333060836786,2735,-1.4978697429197751,-7.093,0.0,988,-1.4901690809827002,-2.5462999999999996,0.0
20,50,0,0.002,1.0,0.002,139.56444081115714,139.56444081115714,2558,-1.3179382694675372,-6.7428,0.0,902,-1.270998455962845,-2.2932,0.0
20,50,0,0.002,1.3333333333333333,0.0026666666666666666,139.56444081115714,186.08592108154284,2391,-1.1272830172308663,-6.224600000000001,0.42785445420326224,827,-1.071208001931031,-2.058866666666667,0.45223700120918986
20,50,0,0.002,2.0,0.004,139.56444081115714,279.1288816223143,2139,-0.8956834419231937,-5.4534,0.34174848059841045,714,-0.8323372245768846,-1.7184000000000001,0.36554621848739494
20,50,0,0.002,3.0,0.006,139.56444081115714,418.69332243347145,1882,-0.7407447140252991,-4.8492,0.25292242295430395,580,-0.7002039848948213,-1.4359999999999997,0.2655172413793103
20,50,0,0.004,0.75,0.003,279.1288816223143,209.34666121673573,1700,-0.759291195007051,-4.478999999999999,0.5664705882352942,564,-0.7129204041567656,-1.3843999999999999,0.5921985815602837
20,50,0,0.004,1.0,0.004,279.1288816223143,279.1288816223143,1511,-0.6464804428519253,-3.9086000000000007,0.5016545334215751,473,-0.6055591401840003,-1.1458000000000004,0.5221987315010571
20,50,0,0.004,1.3333333333333333,0.005333333333333333,279.1288816223143,372.17184216308567,1329,-0.5801951229714335,-3.5540666666666665,0.42061700526711815,414,-0.5228984055987066,-1.0057333333333336,0.4468599033816425
20,50,0,0.004,2.0,0.008,279.1288816223143,558.2577632446286,1109,-0.47886361290655305,-2.9874,0.3255184851217313,320,-0.5446916449655145,-0.96,0.3
20,50,0,0.004,3.0,0.012,279.1288816223143,837.3866448669429,898,-0.418499441421322,-2.5508000000000006,0.23496659242761692,246,-0.41549151372560267,-0.6956,0.23577235772357724
20,50,0,0.008,0.75,0.006,558.2577632446286,418.69332243347145,856,-0.3464059673596098,-2.0456,0.5864485981308412,241,-0.3564259074917246,-0.5946,0.5809128630705395
20,50,0,0.008,1.0,0.008,558.2577632446286,558.2577632446286,708,-0.3731896395048468,-2.1127999999999996,0.4759887005649718,188,-0.44389393480440315,-0.6647999999999998,0.44148936170212766
20,50,0,0.008,1.3333333333333333,0.010666666666666666,558.2577632446286,744.3436843261713,595,-0.31329381752352753,-1.7149999999999999,0.4134453781512605,155,-0.3556448859253977,-0.5043333333333334,0.3935483870967742
20,50,0,0.008,2.0,0.016,558.2577632446286,1116.5155264892571,442,-0.2522398454613519,-1.2531999999999996,0.3235294117647059,112,-0.4406547257225176,-0.5152,0.25
20,50,0,0.008,3.0,0.024,558.2577632446286,1674.7732897338858,331,-0.20098346711800016,-0.9165999999999996,0.24471299093655588,91,-0.2677040389128983,-0.32459999999999994,0.21978021978021978
20,50,0,0.015,0.75,0.01125,1046.7333060836786,785.0499795627588,359,-0.2935186983455535,-1.3833999999999997,0.5236768802228412,82,-0.36321614423407594,-0.39319999999999994,0.4878048780487805
20,50,0,0.015,1.0,0.015,1046.7333060836786,1046.7333060836786,283,-0.25499873508353554,-1.0807999999999995,0.45936395759717313,75,-0.21207606727207953,-0.2399999999999999,0.48
20,50,0,0.015,1.3333333333333333,0.019999999999999997,1046.7333060836786,1395.6444081115712,221,-0.2133292969784819,-0.8095999999999999,0.39819004524886875,56,-0.07664675645273758,-0.07559999999999996,0.4642857142857143
20,50,0,0.015,2.0,0.03,1046.7333060836786,2093.466612167357,164,-0.1867463437028268,-0.6363999999999999,0.3048780487804878,41,-0.10341299765013297,-0.09159999999999996,0.34146341463414637
20,50,0,0.015,3.0,0.045,1046.7333060836786,3140.1999182510353,117,-0.10485939822206403,-0.31920000000000015,0.24786324786324787,27,-0.0763007139009782,-0.05519999999999994,0.25925925925925924
20,50,0,0.025,0.75,0.018750000000000003,1744.5555101394643,1308.4166326045984,159,-0.11793187693535419,-0.40714999999999957,0.5723270440251572,32,-0.19646094502767825,-0.1394499999999999,0.53125
20,50,0,0.025,1.0,0.025,1744.5555101394643,1744.5555101394643,118,-0.24079971818548734,-0.7067999999999999,0.4322033898305085,26,-0.02663001143742723,-0.01759999999999995,0.5384615384615384
20,50,0,0.025,1.3333333333333333,0.03333333333333333,1744.5555101394643,2326.0740135192855,96,-0.27100698035758886,-0.7246000000000001,0.34375,19,-0.10268995297851775,-0.0577333333333333,0.42105263157894735
20,50,0,0.025,2.0,0.05,1744.5555101394643,3489.1110202789287,70,-0.3296616832402961,-0.7319999999999998,0.22857142857142856,12,-0.2609078168412915,-0.10620000000000002,0.25
20,50,0,0.025,3.0,0.07500000000000001,1744.5555101394643,5233.666530418393,54,-0.29064301636709405,-0.5903999999999999,0.16666666666666666,9,-0.4946666666666665,-0.14839999999999998,0.1111111111111111
20,50,0,0.04,0.75,0.03,2791.288816223143,2093.466612167357,60,-0.28206200942752535,-0.5959999999999999,0.4666666666666667,8,0.031743015729748324,0.009200000000000007,0.625
20,50,0,0.04,1.0,0.04,2791.288816223143,2791.288816223143,52,-0.17984291861982157,-0.3752,0.4423076923076923,7,0.07282868842113568,0.021800000000000014,0.5714285714285714
20,50,0,0.04,1.3333333333333333,0.05333333333333333,2791.288816223143,3721.718421630857,38,-0.2377857164139871,-0.40546666666666664,0.34210526315789475,3,-0.21320720655074038,-0.034466666666666666,0.3333333333333333
20,50,0,0.04,2.0,0.08,2791.288816223143,5582.577632446286,30,0.023803086393366705,0.04199999999999998,0.36666666666666664,3,-0.03752776749732568,-0.007800000000000001,0.3333333333333333
20,50,0,0.04,3.0,0.12,2791.288816223143,8373.866448669429,18,-0.10291850417677151,-0.12680000000000002,0.2222222222222222,2,0.330572420204711,0.07479999999999999,0.5
20,50,1,0.002,0.75,0.0015,139.56444081115714,104.67333060836786,1991,-1.4566567824072778,-4.9726,0.0,754,-1.4674555508961027,-1.9039000000000001,0.0
20,50,1,0.002,1.0,0.002,139.56444081115714,139.56444081115714,1880,-1.2423020850241013,-4.664,0.0,692,-1.254192700825374,-1.7352,0.0
20,50,1,0.002,1.3333333333333333,0.0026666666666666666,139.56444081115714,186.08592108154284,1756,-1.0419052749219053,-4.260266666666667,0.46583143507972663,628,-1.0500989187791985,-1.5354666666666668,0.46178343949044587
20,50,1,0.002,2.0,0.004,139.56444081115714,279.1288816223143,1586,-0.8021014295502725,-3.7016,0.3776796973518285,540,-0.8629248358954652,-1.338,0.3537037037037037
20,50,1,0.002,3.0,0.006,139.56444081115714,418.69332243347145,1407,-0.6608937548819109,-3.3362,0.27860696517412936,462,-0.7045563466516537,-1.1492,0.26406926406926406
20,50,1,0.004,0.75,0.003,279.1288816223143,209.34666121673573,1351,-0.7159779311726511,-3.3306,0.5906735751295337,461,-0.7089774264195364,-1.1246,0.5943600867678959
20,50,1,0.004,1.0,0.004,279.1288816223143,279.1288816223143,1217,-0.5813373815783935,-2.8242000000000003,0.5349219391947412,381,-0.6205716388573272,-0.9466000000000001,0.5144356955380578
20,50,1,0.004,1.3333333333333333,0.005333333333333333,279.1288816223143,372.17184216308567,1066,-0.5239879425109107,-2.5929333333333338,0.44652908067542213,340,-0.49759799386187714,-0.788,0.4588235294117647
20,50,1,0.004,2.0,0.008,279.1288816223143,558.2577632446286,904,-0.41489222589153324,-2.1504,0.35176991150442477,269,-0.5024219642643274,-0.7554,0.3159851301115242
20,50,1,0.004,3.0,0.012,279.1288816223143,837.3866448669429,747,-0.3854330918231724,-1.9862000000000004,0.2463186077643909,220,-0.4003423209227276,-0.6040000000000001,0.2409090909090909
20,50,1,0.008,0.75,0.006,558.2577632446286,418.69332243347145,745,-0.33334190231069727,-1.7089999999999996,0.5932885906040268,224,-0.3659298167175693,-0.5683999999999999,0.5758928571428571
20,50,1,0.008,1.0,0.008,558.2577632446286,558.2577632446286,639,-0.3044802511557901,-1.5573999999999997,0.5101721439749609,182,-0.3571763994009023,-0.5212,0.4835164835164835
20,50,1,0.008,1.3333333333333333,0.010666666666666666,558.2577632446286,744.3436843261713,530,-0.2620366382952004,-1.2873333333333332,0.4377358490566038,143,-0.2994128944654125,-0.3958,0.4195804195804196
20,50,1,0.008,2.0,0.016,558.2577632446286,1116.5155264892571,403,-0.18124683827501806,-0.8397999999999999,0.3548387096774194,109,-0.2357568141049694,-0.2913999999999999,0.3302752293577982
20,50,1,0.008,3.0,0.024,558.2577632446286,1674.7732897338858,306,-0.11918820144207423,-0.5235999999999998,0.2777777777777778,83,-0.14905979324616525,-0.17579999999999993,0.26506024096385544
20,50,1,0.015,0.75,0.01125,1046.7333060836786,785.0499795627588,337,-0.2147948516650359,-0.9436999999999998,0.5637982195845698,86,-0.3621824671976611,-0.4110999999999999,0.4883720930232558
20,50,1,0.015,1.0,0.015,1046.7333060836786,1046.7333060836786,270,-0.21758912054981264,-0.8819999999999997,0.4777777777777778,71,-0.27132502755001603,-0.2895999999999998,0.4507042253521127
20,50,1,0.015,1.3333333333333333,0.019999999999999997,1046.7333060836786,1395.6444081115712,212,-0.17769183245258413,-0.6512,0.41509433962264153,56,-0.38499313754475945,-0.35559999999999997,0.32142857142857145
20,50,1,0.015,2.0,0.03,1046.7333060836786,2093.466612167357,156,-0.1801605121463149,-0.5855999999999999,0.3076923076923077,45,-0.47243931102979775,-0.38699999999999996,0.2
20,50,1,0.015,3.0,0.045,1046.7333060836786,3140.1999182510353,122,-0.24203886780048167,-0.7071999999999997,0.19672131147540983,36,-0.44034362600198207,-0.33359999999999995,0.1388888888888889
20,50,1,0.025,0.75,0.018750000000000003,1744.5555101394643,1308.4166326045984,148,-0.16730435381814773,-0.5410499999999997,0.5472972972972973,33,-0.4774664742897569,-0.3420499999999999,0.3939393939393939
20,50,1,0.025,1.0,0.025,1744.5555101394643,1744.5555101394643,117,-0.14624022335321982,-0.4291999999999998,0.47863247863247865,26,-0.2558853181354804,-0.16759999999999997,0.4230769230769231
20,50,1,0.025,1.3333333333333333,0.03333333333333333,1744.5555101394643,2326.0740135192855,93,-0.27019449331461803,-0.7001333333333334,0.34408602150537637,20,-0.1455218149950576,-0.08533333333333332,0.4
20,50,1,0.025,2.0,0.05,1744.5555101394643,3489.1110202789287,67,-0.1858859426117105,-0.42419999999999997,0.2835820895522388,14,-0.17552142726337264,-0.08639999999999998,0.2857142857142857
20,50,1,0.025,3.0,0.07500000000000001,1744.5555101394643,5233.666530418393,50,-0.1880904037956216,-0.37999999999999995,0.2,8,-0.4270924958366746,-0.12079999999999999,0.125
20,50,1,0.04,0.75,0.03,2791.288816223143,2093.466612167357,60,-0.31607323231808554,-0.6660000000000001,0.45,10,0.1892751248481886,0.064,0.7
20,50,1,0.04,1.0,0.04,2791.288816223143,2791.288816223143,51,-0.24290366068742175,-0.4925999999999999,0.4117647058823529,8,0.46985370063456994,0.13920000000000002,0.75
20,50,1,0.04,1.3333333333333333,0.05333333333333333,2791.288816223143,3721.718421630857,41,-0.41940789637744075,-0.7199333333333333,0.2682926829268293,4,0.07546792804407251,0.016266666666666665,0.5
20,50,1,0.04,2.0,0.08,2791.288816223143,5582.577632446286,34,-0.1316382911841473,-0.24839999999999998,0.29411764705882354,5,0.0821583836257749,0.026999999999999996,0.4
20,50,1,0.04,3.0,0.12,2791.288816223143,8373.866448669429,16,-0.03633610463437161,-0.041600000000000026,0.25,1,0.0,0.11739999999999999,1.0
20,100,0,0.002,0.75,0.0015,139.56444081115714,104.67333060836786,1878,-1.4908255617337332,-4.8412999999999995,0.0,699,-1.4703196655023805,-1.7698999999999998,0.0
20,100,0,0.002,1.0,0.002,139.56444081115714,139.56444081115714,1781,-1.2990738653664256,-4.6286000000000005,0.0,648,-1.268760606749715,-1.6448,0.0
20,100,0,0.002,1.3333333333333333,0.0026666666666666666,139.56444081115714,186.08592108154284,1704,-1.1258964749424738,-4.431733333333334,0.4284037558685446,599,-1.0668672025015407,-1.4860666666666669,0.4540901502504174
20,100,0,0.002,2.0,0.004,139.56444081115714,279.1288816223143,1587,-0.8757397353063526,-3.9762,0.34908632640201637,542,-0.8186882395260815,-1.2872,0.37084870848708484
20,100,0,0.002,3.0,0.006,139.56444081115714,418.69332243347145,1433,-0.6972894250039029,-3.5357999999999996,0.2665736217725052,461,-0.7095531586852876,-1.1526,0.26247288503253796
20,100,0,0.004,0.75,0.003,279.1288816223143,209.34666121673573,1262,-0.7865774555574094,-3.4572,0.5515055467511886,432,-0.6998529742179728,-1.0382,0.5995370370370371
20,100,0,0.004,1.0,0.004,279.1288816223143,279.1288816223143,1160,-0.6618317323703111,-3.0720000000000005,0.4939655172413793,384,-0.5679036615171352,-0.8704000000000003,0.5416666666666666
20,100,0,0.004,1.3333333333333333,0.005333333333333333,279.1288816223143,372.17184216308567,1044,-0.5889110035873159,-2.8304,0.4166666666666667,330,-0.5065262037583003,-0.778,0.45454545454545453
20,100,0,0.004,2.0,0.008,279.1288816223143,558.2577632446286,881,-0.4753383337451274,-2.3586,0.32690124858115777,258,-0.43982476275606014,-0.6467999999999999,0.34108527131782945
20,100,0,0.004,3.0,0.012,279.1288816223143,837.3866448669429,744,-0.3864312768833007,-1.9824000000000006,0.24596774193548387,200,-0.3884810454040124,-0.536,0.245
20,100,0,0.008,0.75,0.006,558.2577632446286,418.69332243347145,692,-0.36515491566816816,-1.7491999999999996,0.5765895953757225,210,-0.4108081300411752,-0.6019999999999999,0.5523809523809524
20,100,0,0.008,1.0,0.008,558.2577632446286,558.2577632446286,580,-0.3316181969508002,-1.5399999999999998,0.496551724137931,169,-0.4514279356668571,-0.6073999999999999,0.4378698224852071
20,100,0,0.008,1.3333333333333333,0.010666666666666666,558.2577632446286,744.3436843261713,497,-0.28117495645384377,-1.2922,0.42857142857142855,143,-0.3598194204675578,-0.47046666666666664,0.3916083916083916
20,100,0,0.008,2.0,0.016,558.2577632446286,1116.5155264892571,394,-0.2913309159807225,-1.2723999999999998,0.30710659898477155,106,-0.3505211349766521,-0.40359999999999985,0.2830188679245283
20,100,0,0.008,3.0,0.024,558.2577632446286,1674.7732897338858,298,-0.16616456870585591,-0.6947999999999999,0.25838926174496646,84,-0.10019581832056947,-0.12239999999999993,0.2857142857142857
20,100,0,0.015,0.75,0.01125,1046.7333060836786,785.0499795627588,316,-0.2157662401142879,-0.8890999999999998,0.5632911392405063,79,-0.32623586226137913,-0.3404,0.5063291139240507
20,100,0,0.015,1.0,0.015,1046.7333060836786,1046.7333060836786,254,-0.20452726210745822,-0.7803999999999998,0.484251968503937,62,-0.20403284693508267,-0.19119999999999998,0.4838709677419355
20,100,0,0.015,1.3333333333333333,0.019999999999999997,1046.7333060836786,1395.6444081115712,207,-0.1271117761402733,-0.45819999999999994,0.4396135265700483,49,-0.10720950308167841,-0.0924,0.4489795918367347
20,100,0,0.015,2.0,0.03,1046.7333060836786,2093.466612167357,146,-0.07272794972810186,-0.2295999999999998,0.3561643835616438,37,0.0822728750489855,0.06880000000000006,0.43243243243243246
20,100,0,0.015,3.0,0.045,1046.7333060836786,3140.1999182510353,109,0.02040630269704439,0.061600000000000134,0.30275229357798167,19,0.04702197493572135,0.025600000000000032,0.3157894736842105
20,100,0,0.025,0.75,0.018750000000000003,1744.5555101394643,1308.4166326045984,154,-0.054946028622498234,-0.18164999999999953,0.6038961038961039,35,0.18201965356992178,0.1277500000000001,0.7142857142857143
20,100,0,0.025,1.0,0.025,1744.5555101394643,1744.5555101394643,107,-0.0384811734269218,-0.10319999999999982,0.5327102803738317,25,0.1796292478040998,0.11000000000000006,0.64
20,100,0,0.025,1.3333333333333333,0.03333333333333333,1744.5555101394643,2326.0740135192855,86,-0.06262478180492158,-0.1569333333333333,0.4418604651162791,15,-0.012541088930576365,-0.005666666666666653,0.4666666666666667
20,100,0,0.025,2.0,0.05,1744.5555101394643,3489.1110202789287,61,-0.08478425238344149,-0.18359999999999993,0.32786885245901637,9,0.14504313534638974,0.05160000000000002,0.4444444444444444
20,100,0,0.025,3.0,0.07500000000000001,1744.5555101394643,5233.666530418393,44,0.18009676331307062,0.3856000000000001,0.36363636363636365,5,0.0,-0.138,0.0
20,100,0,0.04,0.75,0.03,2791.288816223143,2093.466612167357,53,-0.15927271030662626,-0.29779999999999995,0.5283018867924528,14,0.2254962780814164,0.10360000000000003,0.7142857142857143
20,100,0,0.04,1.0,0.04,2791.288816223143,2791.288816223143,46,-0.06428959615608917,-0.11959999999999991,0.5,6,0.2598126328080809,0.06440000000000001,0.6666666666666666
20,100,0,0.04,1.3333333333333333,0.05333333333333333,2791.288816223143,3721.718421630857,34,-0.030262420840371198,-0.04840000000000002,0.4411764705882353,5,-0.10302400486406697,-0.02633333333333334,0.4
20,100,0,0.04,2.0,0.08,2791.288816223143,5582.577632446286,23,0.07275261788587238,0.10019999999999998,0.391304347826087,2,0.0,-0.0852,0.0
20,100,0,0.04,3.0,0.12,2791.288816223143,8373.866448669429,16,-0.19535470697800333,-0.20160000000000003,0.1875,2,0.0,-0.0852,0.0
20,100,1,0.002,0.75,0.0015,139.56444081115714,104.67333060836786,1153,-1.4801360657996052,-2.9448,0.0,410,-1.4562504383884158,-1.025,0.0
20,100,1,0.002,1.0,0.002,139.56444081115714,139.56444081115714,1106,-1.233643158944079,-2.7236,0.0,387,-1.2363858333927864,-0.9561999999999999,0.0
20,100,1,0.002,1.3333333333333333,0.0026666666666666666,139.56444081115714,186.08592108154284,1050,-1.056380896571048,-2.5806666666666667,0.45904761904761904,362,-0.9980529002267458,-0.8438666666666668,0.4861878453038674
20,100,1,0.002,2.0,0.004,139.56444081115714,279.1288816223143,969,-0.796764700784541,-2.2494000000000005,0.3797729618163055,327,-0.7823806050740563,-0.7482,0.3853211009174312
20,100,1,0.002,3.0,0.006,139.56444081115714,418.69332243347145,894,-0.5911857084197126,-1.9444,0.30313199105145416,300,-0.6176215048524026,-0.6759999999999999,0.29333333333333333
20,100,1,0.004,0.75,0.003,279.1288816223143,209.34666121673573,824,-0.7237794569727941,-2.0573999999999995,0.5861650485436893,295,-0.6986670116874982,-0.7079999999999999,0.6
20,100,1,0.004,1.0,0.004,279.1288816223143,279.1288816223143,758,-0.6104977083183071,-1.8508000000000002,0.5197889182058048,265,-0.5499399416831267,-0.5810000000000002,0.5509433962264151
20,100,1,0.004,1.3333333333333333,0.005333333333333333,279.1288816223143,372.17184216308567,689,-0.5665884066238557,-1.8034000000000001,0.42670537010159654,230,-0.5295761366393137,-0.5660000000000001,0.4434782608695652
20,100,1,0.004,2.0,0.008,279.1288816223143,558.2577632446286,612,-0.4197463627573801,-1.4712,0.34967320261437906,194,-0.41701245433969647,-0.4644,0.35051546391752575
20,100,1,0.004,3.0,0.012,279.1288816223143,837.3866448669429,529,-0.31982873378265564,-1.2034000000000002,0.27032136105860116,157,-0.41531685770280613,-0.44420000000000004,0.2356687898089172
20,100,1,0.008,0.75,0.006,558.2577632446286,418.69332243347145,503,-0.3689414444434684,-1.2857999999999998,0.5745526838966203,175,-0.330715550151806,-0.3989999999999999,0.5942857142857143
20,100,1,0.008,1.0,0.008,558.2577632446286,558.2577632446286,448,-0.34252889276479126,-1.2287999999999997,0.49107142857142855,143,-0.26166377451462913,-0.29980000000000007,0.5314685314685315
20,100,1,0.008,1.3333333333333333,0.010666666666666666,558.2577632446286,744.3436843261713,390,-0.26043929738867533,-0.942,0.43846153846153846,114,-0.2960318658926453,-0.3124,0.42105263157894735
20,100,1,0.008,2.0,0.016,558.2577632446286,1116.5155264892571,318,-0.25863390304275924,-0.9227999999999998,0.32075471698113206,86,-0.1430973418165922,-0.14359999999999998,0.37209302325581395
20,100,1,0.008,3.0,0.024,558.2577632446286,1674.7732897338858,258,-0.18233920976005902,-0.6547999999999998,0.25193798449612403,67,-0.006111652885678628,-0.006199999999999919,0.3283582089552239
20,100,1,0.015,0.75,0.01125,1046.7333060836786,785.0499795627588,273,-0.1203362086179876,-0.4210499999999999,0.6117216117216118,70,-0.36702469575678776,-0.3395,0.4857142857142857
20,100,1,0.015,1.0,0.015,1046.7333060836786,1046.7333060836786,230,-0.12969511447989526,-0.4479999999999997,0.5217391304347826,60,-0.2050511570596329,-0.18599999999999994,0.48333333333333334
20,100,1,0.015,1.3333333333333333,0.019999999999999997,1046.7333060836786,1395.6444081115712,183,-0.043877474334972695,-0.14079999999999995,0.4808743169398907,47,-0.11153124296036,-0.09219999999999998,0.44680851063829785
20,100,1,0.015,2.0,0.03,1046.7333060836786,2093.466612167357,136,-0.0028708227987620503,-0.008599999999999816,0.3897058823529412,39,-0.1784085044406654,-0.14639999999999995,0.3076923076923077
20,100,1,0.015,3.0,0.045,1046.7333060836786,3140.1999182510353,102,-0.08775122702236758,-0.23519999999999996,0.2549019607843137,21,-0.25562577689882143,-0.1296,0.19047619047619047
20,100,1,0.025,0.75,0.018750000000000003,1744.5555101394643,1308.4166326045984,135,-0.10706814380511648,-0.3134999999999996,0.5777777777777777,29,-0.2234122378215766,-0.14414999999999994,0.5172413793103449
20,100,1,0.025,1.0,0.025,1744.5555101394643,1744.5555101394643,106,-0.009657774535498743,-0.025599999999999776,0.5471698113207547,26,0.04946709014074928,0.032400000000000054,0.5769230769230769
20,100,1,0.025,1.3333333333333333,0.03333333333333333,1744.5555101394643,2326.0740135192855,84,-0.24064629030391693,-0.5684000000000001,0.35714285714285715,18,-0.16795994176725706,-0.08846666666666665,0.3888888888888889
20,100,1,0.025,2.0,0.05,1744.5555101394643,3489.1110202789287,61,-0.15856415077113906,-0.33359999999999995,0.29508196721311475,10,0.25045239068533565,0.09900000000000003,0.5
20,100,1,0.025,3.0,0.07500000000000001,1744.5555101394643,5233.666530418393,46,-0.2663904414142667,-0.4696,0.17391304347826086,4,-0.05199999999999996,-0.010399999999999993,0.25
20,100,1,0.04,0.75,0.03,2791.288816223143,2093.466612167357,56,-0.1096445871161498,-0.21559999999999993,0.5535714285714286,14,0.4160086579185625,0.17360000000000003,0.7857142857142857
20,100,1,0.04,1.0,0.04,2791.288816223143,2791.288816223143,46,0.02179912528873667,0.04040000000000006,0.5434782608695652,7,-0.1944325534912887,-0.05819999999999999,0.42857142857142855
20,100,1,0.04,1.3333333333333333,0.05333333333333333,2791.288816223143,3721.718421630857,34,-0.15017251709211007,-0.23506666666666673,0.38235294117647056,6,-0.7097688135636019,-0.16226666666666667,0.16666666666666666
20,100,1,0.04,2.0,0.08,2791.288816223143,5582.577632446286,25,0.1677776822147411,0.255,0.44,4,-0.21000000000000002,-0.0504,0.25
20,100,1,0.04,3.0,0.12,2791.288816223143,8373.866448669429,15,0.0009102738515679996,0.0009999999999999731,0.26666666666666666,2,0.0,-0.0852,0.0
20,200,0,0.002,0.75,0.0015,139.56444081115714,104.67333060836786,1254,-1.4742450114920334,-3.1853999999999996,0.0,485,-1.4715645727454498,-1.23,0.0
20,200,0,0.002,1.0,0.002,139.56444081115714,139.56444081115714,1209,-1.2839118451951947,-3.1054,0.0,464,-1.2943047083339716,-1.2024,0.0
20,200,0,0.002,1.3333333333333333,0.0026666666666666666,139.56444081115714,186.08592108154284,1168,-1.1145024639252479,-3.0114666666666667,0.4332191780821918,439,-1.1469684423773008,-1.1607333333333334,0.4191343963553531
20,200,0,0.002,2.0,0.004,139.56444081115714,279.1288816223143,1101,-0.92137667674696,-2.8686,0.33242506811989103,407,-0.90895924266879,-1.0502,0.3366093366093366
20,200,0,0.002,3.0,0.006,139.56444081115714,418.69332243347145,1037,-0.7446300464690122,-2.6822,0.25168756027000966,369,-0.7980758072294031,-1.0013999999999998,0.23577235772357724
20,200,0,0.004,0.75,0.003,279.1288816223143,209.34666121673573,893,-0.7326580440536518,-2.2607999999999997,0.5811870100783875,329,-0.7009149464258168,-0.7924,0.5987841945288754
20,200,0,0.004,1.0,0.004,279.1288816223143,279.1288816223143,836,-0.6258811265690406,-2.0936000000000003,0.5119617224880383,294,-0.5758054341993701,-0.6764,0.5374149659863946
20,200,0,0.004,1.3333333333333333,0.005333333333333333,279.1288816223143,372.17184216308567,780,-0.5717859980229445,-2.058666666666667,0.42435897435897435,261,-0.5195285674183376,-0.6306,0.4482758620689655
20,200,0,0.004,2.0,0.008,279.1288816223143,558.2577632446286,680,-0.5024951202994079,-1.908,0.3161764705882353,219,-0.5164267762111598,-0.6294,0.3105022831050228
20,200,0,0.004,3.0,0.012,279.1288816223143,837.3866448669429,597,-0.4147798660439652,-1.6842000000000001,0.23618090452261306,171,-0.3700937091623928,-0.4406000000000001,0.25146198830409355
20,200,0,0.008,0.75,0.006,558.2577632446286,418.69332243347145,532,-0.34624910181379753,-1.2711999999999999,0.5864661654135338,172,-0.48973285677763906,-0.5912,0.5116279069767442
20,200,0,0.008,1.0,0.008,558.2577632446286,558.2577632446286,454,-0.3824752079193817,-1.3883999999999996,0.4713656387665198,148,-0.44843917920112303,-0.5287999999999999,0.4391891891891892
20,200,0,0.008,1.3333333333333333,0.010666666666666666,558.2577632446286,744.3436843261713,401,-0.3227558974252926,-1.1892666666666667,0.4089775561097257,120,-0.43512886620048263,-0.4693333333333333,0.35833333333333334
20,200,0,0.008,2.0,0.016,558.2577632446286,1116.5155264892571,327,-0.30188729699205546,-1.0901999999999998,0.30275229357798167,96,-0.302408910955493,-0.32159999999999994,0.3020833333333333
20,200,0,0.008,3.0,0.024,558.2577632446286,1674.7732897338858,249,-0.15952658222364655,-0.5593999999999998,0.26104417670682734,73,-0.034593756128429486,-0.03779999999999992,0.3150684931506849
20,200,0,0.015,0.75,0.01125,1046.7333060836786,785.0499795627588,253,-0.22737882271537993,-0.7515499999999998,0.5573122529644269,75,-0.32545652202169645,-0.32249999999999995,0.5066666666666667
20,200,0,0.015,1.0,0.015,1046.7333060836786,1046.7333060836786,209,-0.28442996685842303,-0.8883999999999997,0.4449760765550239,59,-0.22256073222044326,-0.19839999999999994,0.4745762711864407
20,200,0,0.015,1.3333333333333333,0.019999999999999997,1046.7333060836786,1395.6444081115712,171,-0.18959477304494166,-0.5596,0.4093567251461988,50,-0.12535663410560177,-0.10999999999999999,0.44
20,200,0,0.015,2.0,0.03,1046.7333060836786,2093.466612167357,130,-0.11083726938579944,-0.30799999999999983,0.3384615384615385,36,-0.06158443099086178,-0.048599999999999935,0.3611111111111111
20,200,0,0.015,3.0,0.045,1046.7333060836786,3140.1999182510353,93,-0.16063352417584123,-0.37679999999999986,0.22580645161290322,21,-0.016459023995956407,-0.009599999999999963,0.2857142857142857
20,200,0,0.025,0.75,0.018750000000000003,1744.5555101394643,1308.4166326045984,126,-0.13528965389034484,-0.3713499999999998,0.5634920634920635,31,0.029409802809382116,0.019400000000000098,0.6451612903225806
20,200,0,0.025,1.0,0.025,1744.5555101394643,1744.5555101394643,101,0.004915760590641578,0.012400000000000175,0.5544554455445545,28,0.03855237624694126,0.027200000000000057,0.5714285714285714
20,200,0,0.025,1.3333333333333333,0.03333333333333333,1744.5555101394643,2326.0740135192855,82,0.05338575489104013,0.12846666666666673,0.5,16,0.05200863350621392,0.02506666666666668,0.5
20,200,0,0.025,2.0,0.05,1744.5555101394643,3489.1110202789287,55,-0.21196843675844335,-0.39300000000000007,0.2727272727272727,11,0.1657219284698244,0.07140000000000002,0.45454545454545453
20,200,0,0.025,3.0,0.07500000000000001,1744.5555101394643,5233.666530418393,41,0.08718252894352443,0.16840000000000005,0.3170731707317073,7,-0.35226288884459966,-0.09319999999999999,0.14285714285714285
20,200,0,0.04,0.75,0.03,2791.288816223143,2093.466612167357,58,-0.04501592309342846,-0.09079999999999988,0.5862068965517241,10,0.4540127212098887,0.134,0.8
20,200,0,0.04,1.0,0.04,2791.288816223143,2791.288816223143,46,-0.021306669959958693,-0.0395999999999999,0.5217391304347826,7,0.3725498528481026,0.10180000000000002,0.7142857142857143
20,200,0,0.04,1.3333333333333333,0.05333333333333333,2791.288816223143,3721.718421630857,31,-0.009519399481091316,-0.013933333333333346,0.45161290322580644,6,0.9232243482918502,0.21106666666666665,0.8333333333333334
20,200,0,0.04,2.0,0.08,2791.288816223143,5582.577632446286,24,0.20302146590376993,0.2976,0.4583333333333333,2,0.20506096654409875,0.0348,0.5
20,200,0,0.04,3.0,0.12,2791.288816223143,8373.866448669429,15,-0.16000895157250844,-0.15900000000000003,0.2,0,0.0,0.0,
20,200,1,0.002,0.75,0.0015,139.56444081115714,104.67333060836786,720,-1.4753282798734813,-1.8315000000000001,0.0,290,-1.4506086705434664,-0.7215,0.0
20,200,1,0.002,1.0,0.002,139.56444081115714,139.56444081115714,693,-1.2721426920945007,-1.7638,0.0,279,-1.2195297214065721,-0.6793999999999999,0.0
20,200,1,0.002,1.3333333333333333,0.0026666666666666666,139.56444081115714,186.08592108154284,669,-1.0728655288425644,-1.6680666666666668,0.4514200298953662,266,-1.0235520579852602,-0.6356,0.47368421052631576
20,200,1,0.002,2.0,0.004,139.56444081115714,279.1288816223143,631,-0.8893180761139414,-1.6006,0.3438985736925515,243,-0.7783038633553165,-0.5538000000000001,0.3868312757201646
20,200,1,0.002,3.0,0.006,139.56444081115714,418.69332243347145,599,-0.679981763879328,-1.4513999999999998,0.27212020033388984,225,-0.668716256997247,-0.539,0.27555555555555555
20,200,1,0.004,0.75,0.003,279.1288816223143,209.34666121673573,557,-0.7379221820717516,-1.4221999999999997,0.578096947935368,213,-0.6640754257083342,-0.4817999999999999,0.6197183098591549
20,200,1,0.004,1.0,0.004,279.1288816223143,279.1288816223143,519,-0.6397785584942907,-1.3294000000000001,0.5048169556840078,192,-0.5082860167236041,-0.3872000000000001,0.5729166666666666
20,200,1,0.004,1.3333333333333333,0.005333333333333333,279.1288816223143,372.17184216308567,484,-0.5242187725171708,-1.1784000000000003,0.4462809917355372,176,-0.482217095112238,-0.39626666666666666,0.4659090909090909
20,200,1,0.004,2.0,0.008,279.1288816223143,558.2577632446286,437,-0.3917738861457136,-0.9882,0.36155606407322655,158,-0.46858901704945777,-0.41879999999999995,0.3291139240506329
20,200,1,0.004,3.0,0.012,279.1288816223143,837.3866448669429,394,-0.2967964573358594,-0.8404,0.27918781725888325,137,-0.30072175450892785,-0.2962,0.2773722627737226
20,200,1,0.008,0.75,0.006,558.2577632446286,418.69332243347145,371,-0.3439462592686952,-0.8805999999999999,0.5876010781671159,130,-0.4818813781509801,-0.43999999999999995,0.5153846153846153
20,200,1,0.008,1.0,0.008,558.2577632446286,558.2577632446286,333,-0.3035892938436015,-0.8097999999999999,0.5105105105105106,117,-0.3838686099696469,-0.3601999999999999,0.4700854700854701
20,200,1,0.008,1.3333333333333333,0.010666666666666666,558.2577632446286,744.3436843261713,301,-0.21916430257227498,-0.6146,0.4584717607973422,104,-0.2714980648410037,-0.26239999999999997,0.4326923076923077
20,200,1,0.008,2.0,0.016,558.2577632446286,1116.5155264892571,251,-0.19933873377336483,-0.5725999999999998,0.3466135458167331,86,-0.21966523291635434,-0.21559999999999996,0.3372093023255814
20,200,1,0.008,3.0,0.024,558.2577632446286,1674.7732897338858,199,-0.031453083357924246,-0.09339999999999979,0.3165829145728643,67,-0.07101625616468034,-0.07019999999999994,0.29850746268656714
20,200,1,0.015,0.75,0.01125,1046.7333060836786,785.0499795627588,211,-0.18641037248960382,-0.5111,0.5781990521327014,69,-0.1825464627089155,-0.16440000000000002,0.5797101449275363
20,200,1,0.015,1.0,0.015,1046.7333060836786,1046.7333060836786,184,-0.20549092255785625,-0.5683999999999998,0.483695652173913,53,-0.1530284900500067,-0.12279999999999996,0.5094339622641509
20,200,1,0.015,1.3333333333333333,0.019999999999999997,1046.7333060836786,1395.6444081115712,155,-0.06368016996184395,-0.173,0.47096774193548385,46,-0.09200649202487994,-0.07459999999999997,0.45652173913043476
20,200,1,0.015,2.0,0.03,1046.7333060836786,2093.466612167357,111,0.010756290593860879,0.02640000000000018,0.3963963963963964,33,-0.18873364671212958,-0.13079999999999994,0.30303030303030304
20,200,1,0.015,3.0,0.045,1046.7333060836786,3140.1999182510353,80,0.041091668894378756,0.09200000000000007,0.3125,21,-0.4196580450551871,-0.1896,0.14285714285714285
20,200,1,0.025,0.75,0.018750000000000003,1744.5555101394643,1308.4166326045984,117,-0.08322652705425077,-0.2104499999999998,0.5897435897435898,31,0.097986316189782,0.06315000000000011,0.6774193548387096
20,200,1,0.025,1.0,0.025,1744.5555101394643,1744.5555101394643,97,0.1363128455576693,0.3228000000000002,0.6185567010309279,24,0.23812321740365158,0.13760000000000006,0.6666666666666666
20,200,1,0.025,1.3333333333333333,0.03333333333333333,1744.5555101394643,2326.0740135192855,72,0.025765705910126217,0.054466666666666746,0.4861111111111111,17,0.22687268869416954,0.11413333333333335,0.5882352941176471
20,200,1,0.025,2.0,0.05,1744.5555101394643,3489.1110202789287,50,-0.016499158227686078,-0.029999999999999943,0.36,8,0.24694938752708015,0.07920000000000002,0.5
20,200,1,0.025,3.0,0.07500000000000001,1744.5555101394643,5233.666530418393,35,0.08128459969259955,0.13400000000000006,0.3142857142857143,4,-0.051999999999999956,-0.010399999999999993,0.25
20,200,1,0.04,0.75,0.03,2791.288816223143,2093.466612167357,55,0.019600633733843343,0.037000000000000074,0.6181818181818182,13,1.1339656868547185,0.2862,0.9230769230769231
20,200,1,0.04,1.0,0.04,2791.288816223143,2791.288816223143,48,0.10202911582578024,0.19520000000000007,0.5833333333333334,6,0.7368881642872728,0.14440000000000003,0.8333333333333334
20,200,1,0.04,1.3333333333333333,0.05333333333333333,2791.288816223143,3721.718421630857,31,-0.00951939948109132,-0.013933333333333353,0.45161290322580644,6,0.9232243482918502,0.21106666666666665,0.8333333333333334
20,200,1,0.04,2.0,0.08,2791.288816223143,5582.577632446286,25,0.09,0.13499999999999998,0.4,1,0.0,-0.0426,0.0
20,200,1,0.04,3.0,0.12,2791.288816223143,8373.866448669429,17,-0.4474569209191332,-0.4042,0.11764705882352941,1,0.0,-0.0426,0.0
20,400,0,0.002,0.75,0.0015,139.56444081115714,104.67333060836786,855,-1.4813307682179633,-2.1864999999999997,0.0,338,-1.5591952873811115,-0.9213,0.0
20,400,0,0.002,1.0,0.002,139.56444081115714,139.56444081115714,822,-1.2635766733261953,-2.0772,0.0,326,-1.4386305724674278,-0.9315999999999999,0.0
20,400,0,0.002,1.3333333333333333,0.0026666666666666666,139.56444081115714,186.08592108154284,799,-1.0776858594763474,-2.0000666666666667,0.4493116395494368,317,-1.2246280963448675,-0.8842,0.38801261829652994
20,400,0,0.002,2.0,0.004,139.56444081115714,279.1288816223143,770,-0.8473465431178603,-1.8800000000000001,0.35974025974025975,308,-0.9709523668047665,-0.8348,0.31493506493506496
20,400,0,0.002,3.0,0.006,139.56444081115714,418.69332243347145,726,-0.707912275621828,-1.8115999999999999,0.2630853994490358,288,-0.887357333638081,-0.8368,0.21180555555555555
20,400,0,0.004,0.75,0.003,279.1288816223143,209.34666121673573,627,-0.7393271347480157,-1.6041999999999998,0.5773524720893142,236,-0.8021554224533234,-0.6616,0.5423728813559322
20,400,0,0.004,1.0,0.004,279.1288816223143,279.1288816223143,598,-0.6196619177265198,-1.4828000000000001,0.5150501672240803,223,-0.6530217683452333,-0.5838000000000001,0.4977578475336323
20,400,0,0.004,1.3333333333333333,0.005333333333333333,279.1288816223143,372.17184216308567,572,-0.5402547854239068,-1.4325333333333334,0.4388111888111888,204,-0.6667040074807353,-0.6184000000000001,0.38235294117647056
20,400,0,0.004,2.0,0.008,279.1288816223143,558.2577632446286,516,-0.5081207304284521,-1.4615999999999998,0.313953488372093,173,-0.4678097744322194,-0.4578,0.32947976878612717
20,400,0,0.004,3.0,0.012,279.1288816223143,837.3866448669429,469,-0.4195505816835633,-1.3354000000000001,0.2345415778251599,148,-0.35531259175159446,-0.3688,0.25675675675675674
20,400,0,0.008,0.75,0.006,558.2577632446286,418.69332243347145,393,-0.4019164265636134,-1.0997999999999999,0.5572519083969466,133,-0.4752322172859479,-0.4438,0.518796992481203
20,400,0,0.008,1.0,0.008,558.2577632446286,558.2577632446286,359,-0.35531183337071326,-1.0213999999999999,0.48467966573816157,117,-0.38386860996964683,-0.36019999999999985,0.4700854700854701
20,400,0,0.008,1.3333333333333333,0.010666666666666666,558.2577632446286,744.3436843261713,322,-0.2941089558268645,-0.8745333333333334,0.422360248447205,108,-0.24721076067726794,-0.24880000000000002,0.4444444444444444
20,400,0,0.008,2.0,0.016,558.2577632446286,1116.5155264892571,266,-0.24381388345422828,-0.7315999999999999,0.32706766917293234,78,-0.08980228357134679,-0.08279999999999998,0.3974358974358974
20,400,0,0.008,3.0,0.024,558.2577632446286,1674.7732897338858,214,-0.1931886861841386,-0.5723999999999999,0.24766355140186916,61,0.02716156583603215,0.02540000000000006,0.3442622950819672
20,400,0,0.015,0.75,0.01125,1046.7333060836786,785.0499795627588,206,-0.27295889968994436,-0.7381,0.5339805825242718,64,-0.30742345093926066,-0.26015,0.515625
20,400,0,0.015,1.0,0.015,1046.7333060836786,1046.7333060836786,175,-0.24759465525848798,-0.6499999999999997,0.46285714285714286,54,-0.02522930009933198,-0.020399999999999946,0.5740740740740741
20,400,0,0.015,1.3333333333333333,0.019999999999999997,1046.7333060836786,1395.6444081115712,145,-0.23876017606654734,-0.592,0.38620689655172413,43,0.017341047046589973,0.013200000000000024,0.5116279069767442
20,400,0,0.015,2.0,0.03,1046.7333060836786,2093.466612167357,123,-0.10427121151610433,-0.27479999999999977,0.34146341463414637,33,-0.1206938414626171,-0.08579999999999993,0.3333333333333333
20,400,0,0.015,3.0,0.045,1046.7333060836786,3140.1999182510353,82,-0.08478816520154961,-0.18319999999999992,0.25609756097560976,22,-0.2824805943693942,-0.1472,0.18181818181818182
20,400,0,0.025,0.75,0.018750000000000003,1744.5555101394643,1308.4166326045984,106,-0.16732956684049521,-0.38809999999999983,0.5471698113207547,30,0.005052083642673907,0.0032500000000001,0.6333333333333333
20,400,0,0.025,1.0,0.025,1744.5555101394643,1744.5555101394643,89,-0.0699358622140431,-0.15639999999999982,0.5168539325842697,26,0.12775577662688478,0.08240000000000006,0.6153846153846154
20,400,0,0.025,1.3333333333333333,0.03333333333333333,1744.5555101394643,2326.0740135192855,76,0.027227075394664013,0.060733333333333375,0.4868421052631579,17,-0.004965292369840226,-0.002533333333333318,0.47058823529411764
20,400,0,0.025,2.0,0.05,1744.5555101394643,3489.1110202789287,54,-0.11344886823819818,-0.21539999999999998,0.3148148148148148,13,-0.12554047258318823,-0.05879999999999997,0.3076923076923077
20,400,0,0.025,3.0,0.07500000000000001,1744.5555101394643,5233.666530418393,37,0.04596143601383235,0.07880000000000008,0.2972972972972973,10,-0.5565608681896347,-0.176,0.1
20,400,0,0.04,0.75,0.03,2791.288816223143,2093.466612167357,58,-0.045015923093428466,-0.09079999999999991,0.5862068965517241,14,0.2254962780814164,0.10360000000000003,0.7142857142857143
20,400,0,0.04,1.0,0.04,2791.288816223143,2791.288816223143,44,0.02571947661350692,0.04560000000000007,0.5454545454545454,7,0.07282868842113568,0.021800000000000014,0.5714285714285714
20,400,0,0.04,1.3333333333333333,0.05333333333333333,2791.288816223143,3721.718421630857,33,-0.1259360575276393,-0.1924666666666667,0.3939393939393939,5,-0.10302400486406697,-0.02633333333333334,0.4
20,400,0,0.04,2.0,0.08,2791.288816223143,5582.577632446286,24,-0.04499421259080624,-0.06240000000000001,0.3333333333333333,3,-0.03752776749732568,-0.007800000000000001,0.3333333333333333
20,400,0,0.04,3.0,0.12,2791.288816223143,8373.866448669429,16,-0.19535470697800333,-0.20160000000000003,0.1875,2,0.0,-0.0852,0.0
20,400,1,0.002,0.75,0.0015,139.56444081115714,104.67333060836786,479,-1.522235982280946,-1.2689,0.0,184,-1.5624262856945048,-0.5034000000000001,0.0
20,400,1,0.002,1.0,0.002,139.56444081115714,139.56444081115714,463,-1.2710490586782102,-1.1778,0.0,179,-1.3602150429641957,-0.4874,0.0
20,400,1,0.002,1.3333333333333333,0.0026666666666666666,139.56444081115714,186.08592108154284,442,-1.0903218637105312,-1.1185333333333334,0.4434389140271493,173,-1.1381817158421308,-0.45513333333333333,0.42196531791907516
20,400,1,0.002,2.0,0.004,139.56444081115714,279.1288816223143,424,-0.844021753345314,-1.0324,0.3608490566037736,166,-0.9052822770536528,-0.4276,0.3373493975903614
20,400,1,0.002,3.0,0.006,139.56444081115714,418.69332243347145,409,-0.6456405270276966,-0.9533999999999999,0.28361858190709044,163,-0.7233473155163462,-0.41379999999999995,0.25766871165644173
20,400,1,0.004,0.75,0.003,279.1288816223143,209.34666121673573,363,-0.7417507031373208,-0.9327999999999999,0.5757575757575758,146,-0.7656522590369232,-0.3896,0.5616438356164384
20,400,1,0.004,1.0,0.004,279.1288816223143,279.1288816223143,346,-0.6432987734660176,-0.8916000000000002,0.5028901734104047,133,-0.6701937287803831,-0.3578,0.48872180451127817
20,400,1,0.004,1.3333333333333333,0.005333333333333333,279.1288816223143,372.17184216308567,330,-0.5192951864302552,-0.7966666666666666,0.4484848484848485,129,-0.6352361894969856,-0.3754,0.3953488372093023
20,400,1,0.004,2.0,0.008,279.1288816223143,558.2577632446286,306,-0.4833032004012025,-0.8316,0.3235294117647059,121,-0.464504534757108,-0.3186,0.3305785123966942
20,400,1,0.004,3.0,0.012,279.1288816223143,837.3866448669429,286,-0.4097410849558132,-0.7996000000000001,0.23776223776223776,103,-0.4225134067045569,-0.2958,0.23300970873786409
20,400,1,0.008,0.75,0.006,558.2577632446286,418.69332243347145,256,-0.3246010828253691,-0.5715999999999999,0.59765625,104,-0.4738816678314241,-0.3464,0.5192307692307693
20,400,1,0.008,1.0,0.008,558.2577632446286,558.2577632446286,229,-0.311244524087125,-0.5713999999999998,0.5065502183406113,92,-0.4112693544188016,-0.3031999999999999,0.45652173913043476
20,400,1,0.008,1.3333333333333333,0.010666666666666666,558.2577632446286,744.3436843261713,209,-0.2865287129852926,-0.5540666666666667,0.4258373205741627,86,-0.32556874997639923,-0.2582666666666667,0.4069767441860465
20,400,1,0.008,2.0,0.016,558.2577632446286,1116.5155264892571,187,-0.23327936095924634,-0.49419999999999986,0.3315508021390374,72,-0.13674643862772531,-0.11519999999999997,0.375
20,400,1,0.008,3.0,0.024,558.2577632446286,1674.7732897338858,168,-0.18707955505782797,-0.43679999999999986,0.25,58,-0.04479596845154135,-0.03879999999999994,0.3103448275862069
20,400,1,0.015,0.75,0.01125,1046.7333060836786,785.0499795627588,155,-0.24453700932777078,-0.49675,0.5483870967741935,59,-0.2880084590629181,-0.22464999999999996,0.5254237288135594
20,400,1,0.015,1.0,0.015,1046.7333060836786,1046.7333060836786,141,-0.222460926689607,-0.4715999999999998,0.475177304964539,51,-0.036064291285244125,-0.02759999999999995,0.5686274509803921
20,400,1,0.015,1.3333333333333333,0.019999999999999997,1046.7333060836786,1395.6444081115712,130,-0.14501706292761768,-0.328,0.4307692307692308,41,0.0668078112547605,0.04840000000000002,0.5365853658536586
20,400,1,0.015,2.0,0.03,1046.7333060836786,2093.466612167357,102,-0.12196288588652307,-0.2651999999999999,0.3333333333333333,33,0.005699911621156365,0.004200000000000058,0.3939393939393939
20,400,1,0.015,3.0,0.045,1046.7333060836786,3140.1999182510353,80,-0.0696375308674705,-0.14799999999999996,0.2625,19,-0.06669873915233533,-0.034399999999999965,0.2631578947368421
20,400,1,0.025,0.75,0.018750000000000003,1744.5555101394643,1308.4166326045984,101,-0.07456143253691296,-0.16259999999999972,0.594059405940594,28,0.024592681838303196,0.014700000000000095,0.6428571428571429
20,400,1,0.025,1.0,0.025,1744.5555101394643,1744.5555101394643,81,-0.09109373884218445,-0.18559999999999988,0.5061728395061729,24,0.23812321740365158,0.13760000000000006,0.6666666666666666
20,400,1,0.025,1.3333333333333333,0.03333333333333333,1744.5555101394643,2326.0740135192855,67,-0.02081396838755777,-0.04086666666666662,0.4626865671641791,14,-0.0867903878812131,-0.03639999999999999,0.42857142857142855
20,400,1,0.025,2.0,0.05,1744.5555101394643,3489.1110202789287,52,0.03382261419182782,0.06480000000000007,0.38461538461538464,11,-0.008648999641877314,-0.0035999999999999782,0.36363636363636365
20,400,1,0.025,3.0,0.07500000000000001,1744.5555101394643,5233.666530418393,37,0.04596143601383234,0.07880000000000006,0.2972972972972973,8,0.0,-0.2208,0.0
20,400,1,0.04,0.75,0.03,2791.288816223143,2093.466612167357,54,-0.1421283449650902,-0.27039999999999986,0.5370370370370371,12,-0.04901280053345415,-0.021199999999999983,0.5833333333333334
20,400,1,0.04,1.0,0.04,2791.288816223143,2791.288816223143,43,-0.1803823829675928,-0.31179999999999997,0.4418604651162791,8,-0.0608019325350765,-0.020799999999999985,0.5
20,400,1,0.04,1.3333333333333333,0.05333333333333333,2791.288816223143,3721.718421630857,32,-0.10056008976382778,-0.14986666666666668,0.40625,6,-0.7097688135636018,-0.16226666666666667,0.16666666666666666
20,400,1,0.04,2.0,0.08,2791.288816223143,5582.577632446286,23,-0.10766246931097509,-0.1398,0.30434782608695654,5,0.0,-0.213,0.0
20,400,1,0.04,3.0,0.12,2791.288816223143,8373.866448669429,16,0.09661309905541228,0.11839999999999998,0.3125,5,0.0,-0.213,0.0
40,50,0,0.002,0.75,0.0015,139.56444081115714,104.67333060836786,2606,-1.4755104974256434,-6.6256,0.0,948,-1.4630456546174697,-2.3832999999999993,0.0
40,50,0,0.002,1.0,0.002,139.56444081115714,139.56444081115714,2396,-1.2606825930656533,-6.037599999999999,0.0,854,-1.247216649395119,-2.1283999999999996,0.0
40,50,0,0.002,1.3333333333333333,0.0026666666666666666,139.56444081115714,186.08592108154284,2172,-1.0749391561623152,-5.422533333333333,0.4507366482504604,769,-1.0505664657759937,-1.8807333333333336,0.4616384915474642
40,50,0,0.002,2.0,0.004,139.56444081115714,279.1288816223143,1870,-0.8444987505604625,-4.552,0.3609625668449198,633,-0.7787741903289148,-1.4418,0.38704581358609796
40,50,0,0.002,3.0,0.006,139.56444081115714,418.69332243347145,1613,-0.6525183710615239,-3.7878,0.2814631122132672,514,-0.6059614949329406,-1.1403999999999999,0.29766536964980544
40,50,0,0.004,0.75,0.003,279.1288816223143,209.34666121673573,1607,-0.6998541228106282,-3.8582,0.5998755444928439,529,-0.7406362039246601,-1.3563999999999998,0.5765595463137996
40,50,0,0.004,1.0,0.004,279.1288816223143,279.1288816223143,1422,-0.5836160868370605,-3.3132000000000006,0.5337552742616034,446,-0.5747958651280553,-1.0236,0.5381165919282511
40,50,0,0.004,1.3333333333333333,0.005333333333333333,279.1288816223143,372.17184216308567,1208,-0.5037694226955974,-2.8301333333333334,0.45612582781456956,384,-0.5041523023171883,-0.9010666666666667,0.4557291666666667
40,50,0,0.004,2.0,0.008,279.1288816223143,558.2577632446286,1010,-0.4085890137253101,-2.37,0.35445544554455444,293,-0.43941555079229394,-0.7338,0.3412969283276451
40,50,0,0.004,3.0,0.012,279.1288816223143,837.3866448669429,828,-0.3516632432303512,-2.0408,0.2584541062801932,220,-0.2783899823951228,-0.444,0.2863636363636364
40,50,0,0.008,0.75,0.006,558.2577632446286,418.69332243347145,807,-0.3328488073988943,-1.8481999999999998,0.5935563816604709,248,-0.3109047660364462,-0.5287999999999999,0.6048387096774194
40,50,0,0.008,1.0,0.008,558.2577632446286,558.2577632446286,671,-0.3054554398099034,-1.6405999999999996,0.5096870342771982,196,-0.3343652837420519,-0.5256,0.49489795918367346
40,50,0,0.008,1.3333333333333333,0.010666666666666666,558.2577632446286,744.3436843261713,553,-0.2585438620564728,-1.3258,0.4394213381555154,160,-0.3145964984781227,-0.46399999999999997,0.4125
40,50,0,0.008,2.0,0.016,558.2577632446286,1116.5155264892571,416,-0.22221399358338423,-1.0495999999999999,0.33653846153846156,112,-0.23559785484241824,-0.2991999999999999,0.33035714285714285
40,50,0,0.008,3.0,0.024,558.2577632446286,1674.7732897338858,313,-0.14167734902349358,-0.6297999999999997,0.268370607028754,86,-0.012026571700502909,-0.01559999999999993,0.32558139534883723
40,50,0,0.015,0.75,0.01125,1046.7333060836786,785.0499795627588,342,-0.2080378079625162,-0.9266999999999999,0.5672514619883041,89,-0.21780227923456597,-0.25389999999999996,0.5617977528089888
40,50,0,0.015,1.0,0.015,1046.7333060836786,1046.7333060836786,285,-0.14157608508702024,-0.6059999999999998,0.5157894736842106,69,-0.04295351365649978,-0.044399999999999926,0.5652173913043478
40,50,0,0.015,1.3333333333333333,0.019999999999999997,1046.7333060836786,1395.6444081115712,223,-0.06397536792338353,-0.2497999999999999,0.47085201793721976,58,-0.17927046024871976,-0.18080000000000002,0.41379310344827586
40,50,0,0.015,2.0,0.03,1046.7333060836786,2093.466612167357,155,-0.14612692402087277,-0.47799999999999987,0.3225806451612903,37,-0.26840090068390676,-0.20119999999999996,0.2702702702702703
40,50,0,0.015,3.0,0.045,1046.7333060836786,3140.1999182510353,107,-0.07167058274845171,-0.2031999999999999,0.2616822429906542,29,-0.11929900909137754,-0.09039999999999992,0.2413793103448276
40,50,0,0.025,0.75,0.018750000000000003,1744.5555101394643,1308.4166326045984,165,0.011412183674190047,0.03975000000000052,0.6363636363636364,27,-0.1487087196351996,-0.08894999999999995,0.5555555555555556
40,50,0,0.025,1.0,0.025,1744.5555101394643,1744.5555101394643,119,-0.095197486020051,-0.2843999999999999,0.5042016806722689,25,-0.0627571632442188,-0.03999999999999995,0.52
40,50,0,0.025,1.3333333333333333,0.03333333333333333,1744.5555101394643,2326.0740135192855,85,-0.2500447116625442,-0.5959999999999999,0.35294117647058826,18,0.27503915106273535,0.1448666666666667,0.6111111111111112
40,50,0,0.025,2.0,0.05,1744.5555101394643,3489.1110202789287,61,-0.08478425238344149,-0.18359999999999993,0.32786885245901637,9,-0.330592925725404,-0.09839999999999999,0.2222222222222222
40,50,0,0.025,3.0,0.07500000000000001,1744.5555101394643,5233.666530418393,44,0.04215306237652703,0.08560000000000004,0.29545454545454547,5,0.0,-0.138,0.0
40,50,0,0.04,0.75,0.03,2791.288816223143,2093.466612167357,54,-0.2893026666745032,-0.5503999999999999,0.46296296296296297,9,-0.10059054652345129,-0.03339999999999999,0.5555555555555556
40,50,0,0.04,1.0,0.04,2791.288816223143,2791.288816223143,51,-0.08379035688243407,-0.17259999999999992,0.49019607843137253,6,-0.8961049975681791,-0.17559999999999998,0.16666666666666666
40,50,0,0.04,1.3333333333333333,0.05333333333333333,2791.288816223143,3721.718421630857,35,-0.23582401455006513,-0.37100000000000005,0.34285714285714286,5,0.7682490694124278,0.16033333333333333,0.8
40,50,0,0.04,2.0,0.08,2791.288816223143,5582.577632446286,28,-0.15060680832646875,-0.23279999999999992,0.2857142857142857,2,0.0,-0.0852,0.0
40,50,0,0.04,3.0,0.12,2791.288816223143,8373.866448669429,18,-0.2596815624739056,-0.28680000000000005,0.16666666666666666,2,0.0,-0.0852,0.0
40,50,1,0.002,0.75,0.0015,139.56444081115714,104.67333060836786,2392,-1.4700133368692867,-6.050700000000001,0.0,871,-1.4373109709785932,-2.1341,0.0
40,50,1,0.002,1.0,0.002,139.56444081115714,139.56444081115714,2213,-1.2570924158438004,-5.5598,0.0,776,-1.234970847324349,-1.9135999999999997,0.0
40,50,1,0.002,1.3333333333333333,0.0026666666666666666,139.56444081115714,186.08592108154284,1990,-1.0593672141816013,-4.902666666666667,0.4577889447236181,692,-1.03021063703756,-1.6618666666666666,0.47109826589595377
40,50,1,0.002,2.0,0.004,139.56444081115714,279.1288816223143,1732,-0.8269743767579549,-4.1452,0.36778290993071594,572,-0.8148801756584813,-1.3532,0.3723776223776224
40,50,1,0.002,3.0,0.006,139.56444081115714,418.69332243347145,1493,-0.6431887974433416,-3.4677999999999995,0.28466175485599465,482,-0.6622139881810932,-1.1452,0.27800829875518673
40,50,1,0.004,0.75,0.003,279.1288816223143,209.34666121673573,1509,-0.7187281402249752,-3.7364,0.5891318754141815,503,-0.7335331924148426,-1.2757999999999998,0.5805168986083499
40,50,1,0.004,1.0,0.004,279.1288816223143,279.1288816223143,1328,-0.6037443945336003,-3.2048000000000005,0.5233433734939759,414,-0.6157911367696957,-1.0204000000000002,0.5169082125603864
40,50,1,0.004,1.3333333333333333,0.005333333333333333,279.1288816223143,372.17184216308567,1143,-0.5191488527928286,-2.7558,0.44881889763779526,361,-0.5246657406229138,-0.8799333333333333,0.44598337950138506
40,50,1,0.004,2.0,0.008,279.1288816223143,558.2577632446286,962,-0.43574248795295784,-2.3891999999999998,0.34303534303534305,287,-0.4819585724902544,-0.7782,0.3240418118466899
40,50,1,0.004,3.0,0.012,279.1288816223143,837.3866448669429,793,-0.3688687915736324,-2.0338000000000003,0.25220680958385877,216,-0.4008138021238406,-0.5936000000000001,0.24074074074074073
40,50,1,0.008,0.75,0.006,558.2577632446286,418.69332243347145,782,-0.350293261837781,-1.8911999999999998,0.5843989769820972,237,-0.3297253313638906,-0.5381999999999999,0.5949367088607594
40,50,1,0.008,1.0,0.008,558.2577632446286,558.2577632446286,647,-0.3016638234854876,-1.5621999999999996,0.5115919629057187,194,-0.3551792206800916,-0.5523999999999999,0.4845360824742268
40,50,1,0.008,1.3333333333333333,0.010666666666666666,558.2577632446286,744.3436843261713,534,-0.2649657691433028,-1.3110666666666666,0.4363295880149813,154,-0.25351360945955964,-0.36306666666666665,0.44155844155844154
40,50,1,0.008,2.0,0.016,558.2577632446286,1116.5155264892571,405,-0.17424960397387101,-0.8129999999999997,0.35802469135802467,111,-0.22877218299371901,-0.28859999999999986,0.3333333333333333
40,50,1,0.008,3.0,0.024,558.2577632446286,1674.7732897338858,305,-0.11703976891871995,-0.5129999999999998,0.2786885245901639,82,-0.00419107778950634,-0.005199999999999903,0.32926829268292684
40,50,1,0.015,0.75,0.01125,1046.7333060836786,785.0499795627588,338,-0.194881729678782,-0.8562999999999998,0.5739644970414202,84,-0.24536261201794118,-0.2708999999999999,0.5476190476190477
40,50,1,0.015,1.0,0.015,1046.7333060836786,1046.7333060836786,272,-0.15835271173805554,-0.6471999999999998,0.5073529411764706,67,-0.24679096285519167,-0.2491999999999999,0.4626865671641791
40,50,1,0.015,1.3333333333333333,0.019999999999999997,1046.7333060836786,1395.6444081115712,221,-0.10096559809371582,-0.3896,0.45248868778280543,54,-0.3562689837935701,-0.32039999999999996,0.3333333333333333
40,50,1,0.015,2.0,0.03,1046.7333060836786,2093.466612167357,161,-0.11762426653952143,-0.40359999999999985,0.33540372670807456,36,-0.24949179113981643,-0.18359999999999993,0.2777777777777778
40,50,1,0.015,3.0,0.045,1046.7333060836786,3140.1999182510353,98,-0.03968915065283526,-0.10479999999999987,0.2755102040816326,30,-0.22941148539170741,-0.16799999999999995,0.2
40,50,1,0.025,0.75,0.018750000000000003,1744.5555101394643,1308.4166326045984,156,-0.10881733548375412,-0.36809999999999954,0.5769230769230769,32,-0.011907923389734183,-0.008199999999999888,0.625
40,50,1,0.025,1.0,0.025,1744.5555101394643,1744.5555101394643,120,-0.12017952980859234,-0.36199999999999977,0.49166666666666664,24,-0.10181028107874625,-0.062399999999999956,0.5
40,50,1,0.025,1.3333333333333333,0.03333333333333333,1744.5555101394643,2326.0740135192855,90,-0.10252188863840622,-0.26733333333333326,0.4222222222222222,17,0.35306278167466026,0.17246666666666666,0.6470588235294118
40,50,1,0.025,2.0,0.05,1744.5555101394643,3489.1110202789287,58,-0.12354451010470469,-0.2507999999999999,0.3103448275862069,9,-0.330592925725404,-0.09839999999999999,0.2222222222222222
40,50,1,0.025,3.0,0.07500000000000001,1744.5555101394643,5233.666530418393,47,0.04731535618409778,0.10280000000000007,0.2978723404255319,5,0.0,-0.138,0.0
40,50,1,0.04,0.75,0.03,2791.288816223143,2093.466612167357,56,-0.1447772066329488,-0.2855999999999999,0.5357142857142857,8,-0.20311854385344247,-0.060799999999999986,0.5
40,50,1,0.04,1.0,0.04,2791.288816223143,2791.288816223143,51,-0.006126225367622515,-0.012599999999999945,0.5294117647058824,8,0.1787269798696698,0.059200000000000016,0.625
40,50,1,0.04,1.3333333333333333,0.05333333333333333,2791.288816223143,3721.718421630857,33,0.05599770877691692,0.08753333333333335,0.48484848484848486,5,0.7682490694124278,0.16033333333333333,0.8
40,50,1,0.04,2.0,0.08,2791.288816223143,5582.577632446286,26,0.20956003318657287,0.33240000000000003,0.46153846153846156,2,0.0,-0.0852,0.0
40,50,1,0.04,3.0,0.12,2791.288816223143,8373.866448669429,13,0.23375290516499878,0.24619999999999995,0.38461538461538464,2,0.0,-0.0852,0.0
40,100,0,0.002,0.75,0.0015,139.56444081115714,104.67333060836786,1423,-1.4553075321045963,-3.5498000000000003,0.0,551,-1.425762400853959,-1.3340999999999998,0.0
40,100,0,0.002,1.0,0.002,139.56444081115714,139.56444081115714,1380,-1.223741483420618,-3.368,0.0,523,-1.173999579144607,-1.2178,0.0
40,100,0,0.002,1.3333333333333333,0.0026666666666666666,139.56444081115714,186.08592108154284,1318,-1.0665020898225297,-3.2674666666666665,0.4544764795144158,481,-0.9808554393842909,-1.1019333333333334,0.49480249480249483
40,100,0,0.002,2.0,0.004,139.56444081115714,279.1288816223143,1217,-0.8386301796203111,-2.9462,0.36318816762530814,427,-0.713979589667195,-0.9021999999999999,0.41451990632318503
40,100,0,0.002,3.0,0.006,139.56444081115714,418.69332243347145,1124,-0.661240491913573,-2.6663999999999994,0.27846975088967973,380,-0.6362737866512196,-0.8759999999999999,0.2868421052631579
40,100,0,0.004,0.75,0.003,279.1288816223143,209.34666121673573,1018,-0.7129572739934562,-2.4978,0.5923379174852652,364,-0.6580146102191206,-0.8133999999999999,0.6236263736263736
40,100,0,0.004,1.0,0.004,279.1288816223143,279.1288816223143,925,-0.6164994701150299,-2.2810000000000006,0.5167567567567568,332,-0.5212882647440958,-0.6872,0.5662650602409639
40,100,0,0.004,1.3333333333333333,0.005333333333333333,279.1288816223143,372.17184216308567,845,-0.5681325416737636,-2.2170000000000005,0.4260355029585799,288,-0.44146570478250213,-0.5941333333333333,0.4861111111111111
40,100,0,0.004,2.0,0.008,279.1288816223143,558.2577632446286,740,-0.4062859347088807,-1.7279999999999998,0.3554054054054054,233,-0.3261068952427848,-0.4458,0.3905579399141631
40,100,0,0.004,3.0,0.012,279.1288816223143,837.3866448669429,644,-0.3366928513945975,-1.5304000000000002,0.2639751552795031,184,-0.359174307888712,-0.46240000000000014,0.2554347826086957
40,100,0,0.008,0.75,0.006,558.2577632446286,418.69332243347145,590,-0.3075669712458762,-1.2419999999999998,0.6067796610169491,193,-0.29822771474390075,-0.39379999999999993,0.6113989637305699
40,100,0,0.008,1.0,0.008,558.2577632446286,558.2577632446286,515,-0.295711848888095,-1.2189999999999999,0.5145631067961165,163,-0.26936735964933217,-0.3517999999999999,0.5276073619631901
40,100,0,0.008,1.3333333333333333,0.010666666666666666,558.2577632446286,744.3436843261713,437,-0.2873262350394198,-1.1602000000000001,0.425629290617849,132,-0.22670205163932888,-0.2792,0.45454545454545453
40,100,0,0.008,2.0,0.016,558.2577632446286,1116.5155264892571,357,-0.30940174240813284,-1.2161999999999997,0.29971988795518206,95,-0.2946322652136901,-0.31099999999999983,0.30526315789473685
40,100,0,0.008,3.0,0.024,558.2577632446286,1674.7732897338858,279,-0.24183327145016364,-0.9093999999999998,0.22939068100358423,80,-0.25284558840735366,-0.27199999999999996,0.225
40,100,0,0.015,0.75,0.01125,1046.7333060836786,785.0499795627588,288,-0.1764508372300445,-0.6587999999999998,0.5833333333333334,76,-0.23544152017989944,-0.23510000000000003,0.5526315789473685
40,100,0,0.015,1.0,0.015,1046.7333060836786,1046.7333060836786,244,-0.16480340625052262,-0.6043999999999998,0.5040983606557377,62,-0.07629732951742944,-0.07119999999999993,0.5483870967741935
40,100,0,0.015,1.3333333333333333,0.019999999999999997,1046.7333060836786,1395.6444081115712,196,-0.16025832333573395,-0.5445999999999999,0.42346938775510207,49,-0.14857142857142858,-0.12739999999999999,0.42857142857142855
40,100,0,0.015,2.0,0.03,1046.7333060836786,2093.466612167357,143,-0.056914579613686844,-0.1767999999999998,0.36363636363636365,40,-0.032860347976486785,-0.028999999999999956,0.375
40,100,0,0.015,3.0,0.045,1046.7333060836786,3140.1999182510353,103,-0.09370769518279669,-0.2527999999999999,0.2524271844660194,19,0.04702197493572135,0.025600000000000032,0.3157894736842105
40,100,0,0.025,0.75,0.018750000000000003,1744.5555101394643,1308.4166326045984,133,-0.1344936153093656,-0.38954999999999956,0.5639097744360902,35,-0.1741082542860225,-0.13474999999999993,0.5428571428571428
40,100,0,0.025,1.0,0.025,1744.5555101394643,1744.5555101394643,114,0.018867162599644032,0.05360000000000023,0.5614035087719298,26,-0.10198039027185561,-0.06759999999999995,0.5
40,100,0,0.025,1.3333333333333333,0.03333333333333333,1744.5555101394643,2326.0740135192855,86,-0.01599853483727163,-0.04026666666666662,0.46511627906976744,19,0.0010552920192876173,0.0006000000000000172,0.47368421052631576
40,100,0,0.025,2.0,0.05,1744.5555101394643,3489.1110202789287,60,-0.18631825343767983,-0.381,0.2833333333333333,9,0.14504313534638974,0.05160000000000002,0.4444444444444444
40,100,0,0.025,3.0,0.07500000000000001,1744.5555101394643,5233.666530418393,43,0.006763833037512064,0.013199999999999976,0.27906976744186046,5,0.0,-0.138,0.0
40,100,0,0.04,0.75,0.03,2791.288816223143,2093.466612167357,60,-0.08385691398792743,-0.17599999999999996,0.5666666666666667,11,0.05508589057624277,0.02140000000000001,0.6363636363636364
40,100,0,0.04,1.0,0.04,2791.288816223143,2791.288816223143,48,-0.06431935297145534,-0.12479999999999992,0.5,8,-0.0608019325350765,-0.020799999999999985,0.5
40,100,0,0.04,1.3333333333333333,0.05333333333333333,2791.288816223143,3721.718421630857,32,-0.23350230840938538,-0.33653333333333335,0.34375,5,-0.10302400486406697,-0.02633333333333334,0.4
40,100,0,0.04,2.0,0.08,2791.288816223143,5582.577632446286,24,0.20302146590376993,0.2976,0.4583333333333333,2,0.0,-0.0852,0.0
40,100,0,0.04,3.0,0.12,2791.288816223143,8373.866448669429,19,-0.5105802079990073,-0.48939999999999995,0.10526315789473684,2,0.0,-0.0852,0.0
40,100,1,0.002,0.75,0.0015,139.56444081115714,104.67333060836786,991,-1.4538383768182448,-2.4690999999999996,0.0,375,-1.4302464854396246,-0.9129999999999999,0.0
40,100,1,0.002,1.0,0.002,139.56444081115714,139.56444081115714,963,-1.2270901758260475,-2.3578,0.0,357,-1.1865370743168684,-0.8422,0.0
40,100,1,0.002,1.3333333333333333,0.0026666666666666666,139.56444081115714,186.08592108154284,912,-1.0412499330406049,-2.2118666666666664,0.46600877192982454,332,-1.0129706244996028,-0.7852,0.4789156626506024
40,100,1,0.002,2.0,0.004,139.56444081115714,279.1288816223143,839,-0.7956126446006254,-1.9453999999999998,0.3802145411203814,300,-0.7316591459912813,-0.648,0.4066666666666667
40,100,1,0.002,3.0,0.006,139.56444081115714,418.69332243347145,768,-0.6529196705688847,-1.8047999999999997,0.28125,274,-0.6422008692496979,-0.6363999999999999,0.2846715328467153
40,100,1,0.004,0.75,0.003,279.1288816223143,209.34666121673573,757,-0.6745989708449484,-1.7411999999999999,0.6142668428005285,264,-0.7346018249327065,-0.6714,0.5795454545454546
40,100,1,0.004,1.0,0.004,279.1288816223143,279.1288816223143,680,-0.6003095176888866,-1.6320000000000001,0.525,244,-0.600313650453514,-0.5864,0.5245901639344263
40,100,1,0.004,1.3333333333333333,0.005333333333333333,279.1288816223143,372.17184216308567,625,-0.5760094090191997,-1.661,0.4224,220,-0.49664020249719154,-0.5093333333333333,0.4590909090909091
40,100,1,0.004,2.0,0.008,279.1288816223143,558.2577632446286,558,-0.4373651938835499,-1.3908,0.34229390681003585,182,-0.45386087719489127,-0.46920000000000006,0.33516483516483514
40,100,1,0.004,3.0,0.012,279.1288816223143,837.3866448669429,495,-0.33482004293835893,-1.171,0.26464646464646463,152,-0.49378676231674584,-0.4912,0.21052631578947367
40,100,1,0.008,0.75,0.006,558.2577632446286,418.69332243347145,468,-0.37662509023147245,-1.2227999999999999,0.5705128205128205,154,-0.32466143483157733,-0.34439999999999993,0.5974025974025974
40,100,1,0.008,1.0,0.008,558.2577632446286,558.2577632446286,418,-0.37282764011486114,-1.2467999999999997,0.47607655502392343,134,-0.36876362666132645,-0.3964,0.47761194029850745
40,100,1,0.008,1.3333333333333333,0.010666666666666666,558.2577632446286,744.3436843261713,374,-0.28831535284490273,-0.9964,0.42513368983957217,111,-0.3687852798055212,-0.37393333333333334,0.38738738738738737
40,100,1,0.008,2.0,0.016,558.2577632446286,1116.5155264892571,305,-0.2650371025030197,-0.9049999999999998,0.3180327868852459,87,-0.3997245911843256,-0.3701999999999999,0.26436781609195403
40,100,1,0.008,3.0,0.024,558.2577632446286,1674.7732897338858,246,-0.281095075654381,-0.9115999999999997,0.21544715447154472,72,-0.2604225445765214,-0.2512,0.2222222222222222
40,100,1,0.015,0.75,0.01125,1046.7333060836786,785.0499795627588,260,-0.17389930431757805,-0.5859999999999999,0.5846153846153846,68,-0.4583982555417164,-0.4093,0.4411764705882353
40,100,1,0.015,1.0,0.015,1046.7333060836786,1046.7333060836786,215,-0.1405219267087765,-0.4539999999999998,0.5162790697674419,59,-0.40015635107634034,-0.3483999999999998,0.3898305084745763
40,100,1,0.015,1.3333333333333333,0.019999999999999997,1046.7333060836786,1395.6444081115712,183,-0.10983331112297401,-0.35079999999999995,0.44808743169398907,51,-0.35607122136712244,-0.3025999999999999,0.3333333333333333
40,100,1,0.015,2.0,0.03,1046.7333060836786,2093.466612167357,136,-0.048484746403739426,-0.14359999999999978,0.36764705882352944,42,-0.3549588991782289,-0.28919999999999996,0.23809523809523808
40,100,1,0.015,3.0,0.045,1046.7333060836786,3140.1999182510353,97,-0.03325707745132825,-0.08719999999999994,0.27835051546391754,21,-0.6585774903357557,-0.2496,0.09523809523809523
40,100,1,0.025,0.75,0.018750000000000003,1744.5555101394643,1308.4166326045984,128,-0.121825945933115,-0.33904999999999974,0.5703125,32,-0.38363284787612956,-0.2706999999999999,0.4375
40,100,1,0.025,1.0,0.025,1744.5555101394643,1744.5555101394643,110,0.005098142614934004,0.014000000000000123,0.5545454545454546,26,-0.10198039027185561,-0.06759999999999995,0.5
40,100,1,0.025,1.3333333333333333,0.03333333333333333,1744.5555101394643,2326.0740135192855,83,-0.030546858912820305,-0.07413333333333333,0.4578313253012048,21,-0.28943321174702175,-0.17126666666666668,0.3333333333333333
40,100,1,0.025,2.0,0.05,1744.5555101394643,3489.1110202789287,58,-0.16311611103904675,-0.3257999999999999,0.29310344827586204,12,-0.0704083328401783,-0.0312,0.3333333333333333
40,100,1,0.025,3.0,0.07500000000000001,1744.5555101394643,5233.666530418393,40,0.15319455417400268,0.2960000000000001,0.35,4,-0.05199999999999996,-0.010399999999999993,0.25
40,100,1,0.04,0.75,0.03,2791.288816223143,2093.466612167357,57,-0.12877965659986532,-0.25819999999999993,0.543859649122807,12,-0.049012800533454186,-0.021199999999999997,0.5833333333333334
40,100,1,0.04,1.0,0.04,2791.288816223143,2791.288816223143,45,0.001651718681608557,0.003000000000000058,0.5333333333333333,7,-0.1944325534912887,-0.05819999999999999,0.42857142857142855
40,100,1,0.04,1.3333333333333333,0.05333333333333333,2791.288816223143,3721.718421630857,33,-0.0037241516212255326,-0.0058000000000000065,0.45454545454545453,6,-0.7097688135636019,-0.16226666666666667,0.16666666666666666
40,100,1,0.04,2.0,0.08,2791.288816223143,5582.577632446286,23,0.15740256847292203,0.22019999999999998,0.43478260869565216,4,-0.21000000000000002,-0.0504,0.25
40,100,1,0.04,3.0,0.12,2791.288816223143,8373.866448669429,11,0.013867012442877106,0.01139999999999998,0.2727272727272727,2,0.0,-0.0852,0.0
40,200,0,0.002,0.75,0.0015,139.56444081115714,104.67333060836786,859,-1.4819261799552086,-2.1978999999999997,0.0,378,-1.4553428557270016,-0.9442999999999999,0.0
40,200,0,0.002,1.0,0.002,139.56444081115714,139.56444081115714,844,-1.2874786829237057,-2.1744,0.0,366,-1.2609465799622508,-0.9235999999999999,0.0
40,200,0,0.002,1.3333333333333333,0.0026666666666666666,139.56444081115714,186.08592108154284,827,-1.1122663514356932,-2.1288666666666667,0.43409915356711004,355,-1.0991081174354702,-0.905,0.4394366197183099
40,200,0,0.002,2.0,0.004,139.56444081115714,279.1288816223143,802,-0.9059145744050052,-2.0632,0.33790523690773067,334,-0.8875693776285333,-0.8464,0.344311377245509
40,200,0,0.002,3.0,0.006,139.56444081115714,418.69332243347145,764,-0.6836786677314662,-1.8583999999999996,0.2709424083769634,303,-0.7146535966734145,-0.7617999999999998,0.2607260726072607
40,200,0,0.004,0.75,0.003,279.1288816223143,209.34666121673573,691,-0.7470369907279462,-1.7886,0.573082489146165,273,-0.7230409128747947,-0.6818,0.5860805860805861
40,200,0,0.004,1.0,0.004,279.1288816223143,279.1288816223143,652,-0.65256954403172,-1.7032000000000003,0.49846625766871167,254,-0.6253181977559387,-0.6364000000000001,0.5118110236220472
40,200,0,0.004,1.3333333333333333,0.005333333333333333,279.1288816223143,372.17184216308567,615,-0.560938200298097,-1.595,0.4292682926829268,238,-0.5078312857024498,-0.5628000000000002,0.453781512605042
40,200,0,0.004,2.0,0.008,279.1288816223143,558.2577632446286,560,-0.4621462654519682,-1.464,0.33214285714285713,207,-0.3895129161065009,-0.4661999999999999,0.36231884057971014
40,200,0,0.004,3.0,0.012,279.1288816223143,837.3866448669429,495,-0.3906523683222936,-1.331,0.24444444444444444,164,-0.27761956815675976,-0.3304,0.2865853658536585
40,200,0,0.008,0.75,0.006,558.2577632446286,418.69332243347145,442,-0.2823970707832943,-0.8492,0.6199095022624435,154,-0.44883661602774194,-0.48439999999999994,0.5324675324675324
40,200,0,0.008,1.0,0.008,558.2577632446286,558.2577632446286,388,-0.3091739074365186,-0.9607999999999999,0.5077319587628866,129,-0.3626195120799046,-0.37539999999999996,0.4806201550387597
40,200,0,0.008,1.3333333333333333,0.010666666666666666,558.2577632446286,744.3436843261713,345,-0.2741072670922219,-0.8756666666666667,0.4318840579710145,113,-0.30687745488129914,-0.3204666666666667,0.415929203539823
40,200,0,0.008,2.0,0.016,558.2577632446286,1116.5155264892571,282,-0.2707662642323966,-0.8532,0.31560283687943264,88,-0.21135087394943963,-0.2128,0.3409090909090909
40,200,0,0.008,3.0,0.024,558.2577632446286,1674.7732897338858,223,-0.09761075093938183,-0.31579999999999975,0.28699551569506726,65,-0.12046935699849946,-0.11299999999999993,0.27692307692307694
40,200,0,0.015,0.75,0.01125,1046.7333060836786,785.0499795627588,230,-0.29710768572180096,-0.8979999999999998,0.5217391304347826,67,-0.14864691303348276,-0.12919999999999998,0.5970149253731343
40,200,0,0.015,1.0,0.015,1046.7333060836786,1046.7333060836786,194,-0.2771896956322583,-0.8043999999999998,0.4484536082474227,57,0.055723170856789316,0.04680000000000004,0.6140350877192983
40,200,0,0.015,1.3333333333333333,0.019999999999999997,1046.7333060836786,1395.6444081115712,168,-0.11317221763690091,-0.3317999999999999,0.44642857142857145,49,0.01454619664155187,0.012600000000000028,0.5102040816326531
40,200,0,0.015,2.0,0.03,1046.7333060836786,2093.466612167357,116,-0.060168073752815916,-0.15159999999999987,0.3620689655172414,31,-0.07457726342413433,-0.050599999999999944,0.3548387096774194
40,200,0,0.015,3.0,0.045,1046.7333060836786,3140.1999182510353,88,-0.04600450131687266,-0.10879999999999992,0.2727272727272727,21,0.08280786712108255,0.050400000000000035,0.3333333333333333
40,200,0,0.025,0.75,0.018750000000000003,1744.5555101394643,1308.4166326045984,126,-0.11961136361934133,-0.3275999999999999,0.5714285714285714,33,0.011272151577398772,0.00795000000000011,0.6363636363636364
40,200,0,0.025,1.0,0.025,1744.5555101394643,1744.5555101394643,104,-0.00784468932839092,-0.02039999999999982,0.5480769230769231,25,0.17962924780409978,0.11000000000000006,0.64
40,200,0,0.025,1.3333333333333333,0.03333333333333333,1744.5555101394643,2326.0740135192855,79,0.04079865057716486,0.09460000000000007,0.4936708860759494,16,0.30371428571428577,0.14173333333333335,0.625
40,200,0,0.025,2.0,0.05,1744.5555101394643,3489.1110202789287,52,-0.045476395680644696,-0.08519999999999991,0.34615384615384615,10,0.4492660681600603,0.174,0.6
40,200,0,0.025,3.0,0.07500000000000001,1744.5555101394643,5233.666530418393,39,0.17073949224609467,0.32360000000000005,0.358974358974359,8,-0.056166419386201406,-0.020799999999999985,0.25
40,200,0,0.04,0.75,0.03,2791.288816223143,2093.466612167357,56,-0.1447772066329488,-0.2855999999999999,0.5357142857142857,10,0.4540127212098887,0.134,0.8
40,200,0,0.04,1.0,0.04,2791.288816223143,2791.288816223143,49,-0.0037438093054383177,-0.007399999999999879,0.5306122448979592,7,0.8589242649134688,0.18180000000000002,0.8571428571428571
40,200,0,0.04,1.3333333333333333,0.05333333333333333,2791.288816223143,3721.718421630857,32,0.08577044291334295,0.13013333333333332,0.5,6,0.40712432079775585,0.11773333333333333,0.6666666666666666
40,200,0,0.04,2.0,0.08,2791.288816223143,5582.577632446286,24,0.12244921201792,0.17759999999999998,0.4166666666666667,3,-0.03752776749732568,-0.007800000000000001,0.3333333333333333
40,200,0,0.04,3.0,0.12,2791.288816223143,8373.866448669429,11,0.19302585138252354,0.1714,0.36363636363636365,1,0.0,-0.0426,0.0
40,200,1,0.002,0.75,0.0015,139.56444081115714,104.67333060836786,513,-1.4970121430669052,-1.3307999999999998,0.0,242,-1.422187044130001,-0.5846999999999999,0.0
40,200,1,0.002,1.0,0.002,139.56444081115714,139.56444081115714,501,-1.3047073829356253,-1.3086,0.0,237,-1.2365762164881022,-0.5861999999999999,0.0
40,200,1,0.002,1.3333333333333333,0.0026666666666666666,139.56444081115714,186.08592108154284,493,-1.1212969208711325,-1.2784666666666666,0.4300202839756592,229,-1.1045587189584667,-0.5867333333333333,0.4366812227074236
40,200,1,0.002,2.0,0.004,139.56444081115714,279.1288816223143,477,-0.8667963533952756,-1.1862,0.3522012578616352,217,-0.8467023793340525,-0.5302,0.35944700460829493
40,200,1,0.002,3.0,0.006,139.56444081115714,418.69332243347145,457,-0.649632141229209,-1.0702,0.28227571115973743,208,-0.6731346349343968,-0.5007999999999999,0.27403846153846156
40,200,1,0.004,0.75,0.003,279.1288816223143,209.34666121673573,424,-0.7424101357984875,-1.0903999999999998,0.5754716981132075,188,-0.7336065316663983,-0.4777999999999999,0.5797872340425532
40,200,1,0.004,1.0,0.004,279.1288816223143,279.1288816223143,402,-0.6099228651484889,-0.9812000000000002,0.5199004975124378,178,-0.6149079736036078,-0.4388000000000001,0.5168539325842697
40,200,1,0.004,1.3333333333333333,0.005333333333333333,279.1288816223143,372.17184216308567,386,-0.5036751684129462,-0.9049333333333334,0.45595854922279794,165,-0.5574415850649673,-0.42633333333333334,0.4303030303030303
40,200,1,0.004,2.0,0.008,279.1288816223143,558.2577632446286,352,-0.40666650855340275,-0.8231999999999999,0.35511363636363635,149,-0.4202880203175676,-0.35940000000000005,0.348993288590604
40,200,1,0.004,3.0,0.012,279.1288816223143,837.3866448669429,321,-0.3681654795782236,-0.8226000000000001,0.2523364485981308,129,-0.25769039216828343,-0.2434,0.29457364341085274
40,200,1,0.008,0.75,0.006,558.2577632446286,418.69332243347145,307,-0.3090731637511058,-0.6501999999999999,0.6058631921824105,125,-0.3803029899905554,-0.3309999999999999,0.568
40,200,1,0.008,1.0,0.008,558.2577632446286,558.2577632446286,278,-0.2886953087848654,-0.6427999999999999,0.5179856115107914,108,-0.2323270035276762,-0.20079999999999995,0.5462962962962963
40,200,1,0.008,1.3333333333333333,0.010666666666666666,558.2577632446286,744.3436843261713,250,-0.2323234170613147,-0.5406666666666667,0.452,98,-0.1553562192090769,-0.14279999999999998,0.4897959183673469
40,200,1,0.008,2.0,0.016,558.2577632446286,1116.5155264892571,218,-0.18464128323283874,-0.4627999999999998,0.3532110091743119,75,-0.057152729649193997,-0.05099999999999998,0.41333333333333333
40,200,1,0.008,3.0,0.024,558.2577632446286,1674.7732897338858,183,-0.007182856335048542,-0.019799999999999797,0.32786885245901637,57,-0.03296758689796598,-0.028199999999999927,0.3157894736842105
40,200,1,0.015,0.75,0.01125,1046.7333060836786,785.0499795627588,187,-0.1876446638441967,-0.4562,0.5775401069518716,65,-0.08164239779944478,-0.06774999999999996,0.6307692307692307
40,200,1,0.015,1.0,0.015,1046.7333060836786,1046.7333060836786,163,-0.15447861995741846,-0.3787999999999998,0.50920245398773,54,0.049676200214236126,0.039600000000000045,0.6111111111111112
40,200,1,0.015,1.3333333333333333,0.019999999999999997,1046.7333060836786,1395.6444081115712,144,-0.03338845283854954,-0.08439999999999993,0.4861111111111111,43,0.01734104704658998,0.013200000000000031,0.5116279069767442
40,200,1,0.015,2.0,0.03,1046.7333060836786,2093.466612167357,107,0.05937760266352849,0.14180000000000015,0.4205607476635514,32,-0.03275485702054292,-0.023199999999999957,0.375
40,200,1,0.015,3.0,0.045,1046.7333060836786,3140.1999182510353,79,-0.03292353022161065,-0.07039999999999993,0.27848101265822783,19,-0.06669873915233533,-0.034399999999999965,0.2631578947368421
40,200,1,0.025,0.75,0.018750000000000003,1744.5555101394643,1308.4166326045984,104,0.007767052302512214,0.01710000000000024,0.6346153846153846,33,0.29117720829343935,0.18295000000000008,0.7575757575757576
40,200,1,0.025,1.0,0.025,1744.5555101394643,1744.5555101394643,91,0.1065624532542136,0.2384000000000002,0.6043956043956044,25,0.09600000000000007,0.06000000000000005,0.6
40,200,1,0.025,1.3333333333333333,0.03333333333333333,1744.5555101394643,2326.0740135192855,69,0.0677180936833701,0.1372666666666667,0.5072463768115942,18,0.5404329064335217,0.26153333333333334,0.7222222222222222
40,200,1,0.025,2.0,0.05,1744.5555101394643,3489.1110202789287,48,-0.16618059091096707,-0.27479999999999993,0.2916666666666667,9,0.1450431353463897,0.051600000000000014,0.4444444444444444
40,200,1,0.025,3.0,0.07500000000000001,1744.5555101394643,5233.666530418393,37,-0.012726364773978437,-0.021199999999999927,0.2702702702702703,5,-0.16994116628998399,-0.03799999999999999,0.2
40,200,1,0.04,0.75,0.03,2791.288816223143,2093.466612167357,54,-0.06911556161665745,-0.13039999999999988,0.5740740740740741,12,0.3127103373763664,0.11880000000000002,0.75
40,200,1,0.04,1.0,0.04,2791.288816223143,2791.288816223143,44,-0.15476807856899755,-0.2744,0.45454545454545453,6,-0.05933661039639295,-0.015599999999999989,0.5
40,200,1,0.04,1.3333333333333333,0.05333333333333333,2791.288816223143,3721.718421630857,32,-0.16554917883289216,-0.24320000000000003,0.375,6,0.4071243207977558,0.11773333333333333,0.6666666666666666
40,200,1,0.04,2.0,0.08,2791.288816223143,5582.577632446286,24,-0.2373815494093844,-0.3024,0.25,3,0.0,-0.1278,0.0
40,200,1,0.04,3.0,0.12,2791.288816223143,8373.866448669429,17,-0.22847388280950287,-0.24420000000000003,0.17647058823529413,3,0.0,-0.1278,0.0
40,400,0,0.002,0.75,0.0015,139.56444081115714,104.67333060836786,587,-1.4773010460986538,-1.4962,0.0,246,-1.4765530235992472,-0.6275999999999999,0.0
40,400,0,0.002,1.0,0.002,139.56444081115714,139.56444081115714,576,-1.271608067118983,-1.4655999999999998,0.0,239,-1.2218130621786238,-0.5833999999999999,0.0
40,400,0,0.002,1.3333333333333333,0.0026666666666666666,139.56444081115714,186.08592108154284,566,-1.0825833693597458,-1.4229333333333334,0.4469964664310954,232,-1.0132848993563106,-0.5492,0.47844827586206895
40,400,0,0.002,2.0,0.004,139.56444081115714,279.1288816223143,553,-0.8706102464559453,-1.3798,0.3508137432188065,227,-0.8769459974412934,-0.5702,0.34801762114537443
40,400,0,0.002,3.0,0.006,139.56444081115714,418.69332243347145,534,-0.6989100717144475,-1.3203999999999998,0.26591760299625467,212,-0.8309505753489348,-0.5912,0.22641509433962265
40,400,0,0.004,0.75,0.003,279.1288816223143,209.34666121673573,480,-0.8004524989041745,-1.341,0.54375,185,-0.6885508248096271,-0.43699999999999994,0.6054054054054054
40,400,0,0.004,1.0,0.004,279.1288816223143,279.1288816223143,454,-0.7214850867961267,-1.3084000000000002,0.4647577092511013,177,-0.6313507270152068,-0.44820000000000004,0.5084745762711864
40,400,0,0.004,1.3333333333333333,0.005333333333333333,279.1288816223143,372.17184216308567,437,-0.6199369840537746,-1.2415333333333334,0.40274599542334094,165,-0.5574415850649673,-0.42633333333333334,0.4303030303030303
40,400,0,0.004,2.0,0.008,279.1288816223143,558.2577632446286,413,-0.5640394361994957,-1.2738,0.2929782082324455,151,-0.4968278667482839,-0.4206,0.31788079470198677
40,400,0,0.004,3.0,0.012,279.1288816223143,837.3866448669429,382,-0.5160875240566253,-1.2732,0.20418848167539266,137,-0.3998842872005799,-0.3762000000000001,0.24087591240875914
40,400,0,0.008,0.75,0.006,558.2577632446286,418.69332243347145,320,-0.37383897789521586,-0.83,0.571875,114,-0.42633481122083283,-0.3403999999999999,0.543859649122807
40,400,0,0.008,1.0,0.008,558.2577632446286,558.2577632446286,291,-0.3975183924573928,-0.9246,0.4639175257731959,103,-0.39195514704605655,-0.3237999999999999,0.46601941747572817
40,400,0,0.008,1.3333333333333333,0.010666666666666666,558.2577632446286,744.3436843261713,263,-0.36876268839507753,-0.8838,0.38783269961977185,95,-0.36388608690544944,-0.3163333333333333,0.3894736842105263
40,400,0,0.008,2.0,0.016,558.2577632446286,1116.5155264892571,233,-0.2659344884717248,-0.6938,0.31759656652360513,78,-0.1994744902217388,-0.1788,0.34615384615384615
40,400,0,0.008,3.0,0.024,558.2577632446286,1674.7732897338858,202,-0.1808786045985295,-0.5091999999999999,0.2524752475247525,66,-0.060937843103996685,-0.05959999999999993,0.30303030303030304
40,400,0,0.015,0.75,0.01125,1046.7333060836786,785.0499795627588,187,-0.22949239991951037,-0.5611999999999999,0.5561497326203209,63,-0.3540267230519761,-0.29505,0.49206349206349204
40,400,0,0.015,1.0,0.015,1046.7333060836786,1046.7333060836786,165,-0.27699902658395875,-0.6839999999999997,0.4484848484848485,54,-0.09860679554530666,-0.08039999999999997,0.5370370370370371
40,400,0,0.015,1.3333333333333333,0.019999999999999997,1046.7333060836786,1395.6444081115712,146,-0.14356443703728036,-0.3645999999999999,0.4315068493150685,42,-0.10019877813638228,-0.07419999999999996,0.4523809523809524
40,400,0,0.015,2.0,0.03,1046.7333060836786,2093.466612167357,121,-0.16534461647969667,-0.41959999999999986,0.3140495867768595,33,-0.056242601161863054,-0.04079999999999994,0.36363636363636365
40,400,0,0.015,3.0,0.045,1046.7333060836786,3140.1999182510353,83,-0.15239973146695923,-0.3207999999999999,0.2289156626506024,18,-0.16622799412778225,-0.07679999999999998,0.2222222222222222
40,400,0,0.025,0.75,0.018750000000000003,1744.5555101394643,1308.4166326045984,109,-0.1065688681767256,-0.2521499999999997,0.5779816513761468,28,0.02459268183830318,0.014700000000000088,0.6428571428571429
40,400,0,0.025,1.0,0.025,1744.5555101394643,1744.5555101394643,87,-0.13776651118367603,-0.30119999999999997,0.4827586206896552,25,0.17962924780409983,0.11000000000000006,0.64
40,400,0,0.025,1.3333333333333333,0.03333333333333333,1744.5555101394643,2326.0740135192855,69,-0.10629667198980824,-0.21273333333333333,0.42028985507246375,17,-0.12098993269729945,-0.06086666666666664,0.4117647058823529
40,400,0,0.025,2.0,0.05,1744.5555101394643,3489.1110202789287,52,-0.1294041571876108,-0.23519999999999996,0.3076923076923077,11,-0.46025377277490664,-0.15360000000000001,0.18181818181818182
40,400,0,0.025,3.0,0.07500000000000001,1744.5555101394643,5233.666530418393,43,-0.16203500660429238,-0.2868,0.20930232558139536,10,-0.5565608681896347,-0.176,0.1
40,400,0,0.04,0.75,0.03,2791.288816223143,2093.466612167357,52,-0.025063015156744837,-0.045199999999999914,0.5961538461538461,15,0.27256199898379696,0.13100000000000003,0.7333333333333333
40,400,0,0.04,1.0,0.04,2791.288816223143,2791.288816223143,43,-0.08724714295315557,-0.15179999999999993,0.4883720930232558,10,-0.06166441437328335,-0.02599999999999998,0.5
40,400,0,0.04,1.3333333333333333,0.05333333333333333,2791.288816223143,3721.718421630857,30,-0.11324832996721328,-0.158,0.4,6,-0.7097688135636018,-0.16226666666666667,0.16666666666666666
40,400,0,0.04,2.0,0.08,2791.288816223143,5582.577632446286,24,-0.04499421259080624,-0.06240000000000001,0.3333333333333333,5,0.0,-0.213,0.0
40,400,0,0.04,3.0,0.12,2791.288816223143,8373.866448669429,20,-0.5401348532748301,-0.532,0.1,5,0.0,-0.213,0.0
40,400,1,0.002,0.75,0.0015,139.56444081115714,104.67333060836786,319,-1.5309445720237609,-0.8513999999999999,0.0,132,-1.4770152901474207,-0.3377,0.0
40,400,1,0.002,1.0,0.002,139.56444081115714,139.56444081115714,312,-1.3108226767574853,-0.8191999999999999,0.0,130,-1.236031664200162,-0.32199999999999995,0.0
40,400,1,0.002,1.3333333333333333,0.0026666666666666666,139.56444081115714,186.08592108154284,308,-1.1014415715417483,-0.7867999999999999,0.4383116883116883,125,-1.0081816013433709,-0.295,0.48
40,400,1,0.002,2.0,0.004,139.56444081115714,279.1288816223143,299,-0.8340793632354369,-0.7214,0.36454849498327757,123,-0.8287446172706276,-0.2958,0.36585365853658536
40,400,1,0.002,3.0,0.006,139.56444081115714,418.69332243347145,292,-0.6435029908882313,-0.6791999999999999,0.2842465753424658,113,-0.7256579377224472,-0.2878,0.25663716814159293
40,400,1,0.004,0.75,0.003,279.1288816223143,209.34666121673573,267,-0.7802594797120408,-0.7262,0.5543071161048689,115,-0.7428342284169287,-0.297,0.5739130434782609
40,400,1,0.004,1.0,0.004,279.1288816223143,279.1288816223143,256,-0.6802503662993796,-0.6976000000000002,0.484375,110,-0.6836888539228672,-0.30200000000000005,0.4818181818181818
40,400,1,0.004,1.3333333333333333,0.005333333333333333,279.1288816223143,372.17184216308567,247,-0.5171112714701525,-0.5942000000000001,0.4493927125506073,104,-0.5722060873357538,-0.2757333333333334,0.4230769230769231
40,400,1,0.004,2.0,0.008,279.1288816223143,558.2577632446286,233,-0.4981384566414724,-0.6497999999999999,0.31759656652360513,98,-0.4489577441047513,-0.25079999999999997,0.336734693877551
40,400,1,0.004,3.0,0.012,279.1288816223143,837.3866448669429,218,-0.43461719234283575,-0.6388,0.22935779816513763,92,-0.3732325498022432,-0.23919999999999997,0.25
40,400,1,0.008,0.75,0.006,558.2577632446286,418.69332243347145,208,-0.3547513417172251,-0.5107999999999999,0.5817307692307693,83,-0.4755627856136302,-0.2778,0.5180722891566265
40,400,1,0.008,1.0,0.008,558.2577632446286,558.2577632446286,188,-0.41050358053717945,-0.6167999999999999,0.4574468085106383,76,-0.4025374256605212,-0.2456,0.4605263157894737
40,400,1,0.008,1.3333333333333333,0.010666666666666666,558.2577632446286,744.3436843261713,174,-0.44042876756984667,-0.6870666666666667,0.3563218390804598,72,-0.4274319827343865,-0.27786666666666665,0.3611111111111111
40,400,1,0.008,2.0,0.016,558.2577632446286,1116.5155264892571,156,-0.3703649368352934,-0.6215999999999999,0.27564102564102566,67,-0.34809793885473256,-0.2542,0.2835820895522388
40,400,1,0.008,3.0,0.024,558.2577632446286,1674.7732897338858,143,-0.31834961740222883,-0.5877999999999999,0.20279720279720279,60,-0.275805217752786,-0.21999999999999995,0.21666666666666667
40,400,1,0.015,0.75,0.01125,1046.7333060836786,785.0499795627588,141,-0.29063052363593156,-0.5390999999999999,0.524822695035461,52,-0.45496661187242105,-0.31145,0.4423076923076923
40,400,1,0.015,1.0,0.015,1046.7333060836786,1046.7333060836786,127,-0.29234012407194065,-0.5551999999999999,0.4409448818897638,50,-0.33428981545239733,-0.24999999999999992,0.42
40,400,1,0.015,1.3333333333333333,0.019999999999999997,1046.7333060836786,1395.6444081115712,113,-0.17558472059611505,-0.3437999999999999,0.415929203539823,41,-0.2809449518769082,-0.19659999999999997,0.36585365853658536
40,400,1,0.015,2.0,0.03,1046.7333060836786,2093.466612167357,92,-0.16246176821702202,-0.3142,0.31521739130434784,31,-0.07457726342413434,-0.05059999999999995,0.3548387096774194
40,400,1,0.015,3.0,0.045,1046.7333060836786,3140.1999182510353,72,-0.099376658047094,-0.18719999999999998,0.25,21,-0.25562577689882143,-0.1296,0.19047619047619047
40,400,1,0.025,0.75,0.018750000000000003,1744.5555101394643,1308.4166326045984,93,-0.07983834925953982,-0.1605499999999998,0.5913978494623656,24,-0.17523465697592663,-0.09364999999999993,0.5416666666666666
40,400,1,0.025,1.0,0.025,1744.5555101394643,1744.5555101394643,75,0.016008655667390063,0.03000000000000022,0.56,23,-0.059247454540808826,-0.034799999999999956,0.5217391304347826
40,400,1,0.025,1.3333333333333333,0.03333333333333333,1744.5555101394643,2326.0740135192855,60,-0.046129606878855714,-0.08099999999999996,0.45,14,-0.0867903878812131,-0.03639999999999999,0.42857142857142855
40,400,1,0.025,2.0,0.05,1744.5555101394643,3489.1110202789287,45,0.06458987422074655,0.10800000000000011,0.4,11,-0.9190065782730235,-0.22860000000000003,0.09090909090909091
40,400,1,0.025,3.0,0.07500000000000001,1744.5555101394643,5233.666530418393,32,0.07750636337512147,0.11680000000000007,0.3125,10,0.0,-0.276,0.0
40,400,1,0.04,0.75,0.03,2791.288816223143,2093.466612167357,49,-0.07428571428571425,-0.12739999999999993,0.5714285714285714,13,0.013454965876968752,0.006200000000000018,0.6153846153846154
40,400,1,0.04,1.0,0.04,2791.288816223143,2791.288816223143,39,-0.14050805576999395,-0.22139999999999996,0.46153846153846156,7,-0.5057602128055773,-0.1382,0.2857142857142857
40,400,1,0.04,1.3333333333333333,0.05333333333333333,2791.288816223143,3721.718421630857,28,0.015470638620970346,0.020533333333333334,0.4642857142857143,6,-0.7097688135636018,-0.16226666666666667,0.16666666666666666
40,400,1,0.04,2.0,0.08,2791.288816223143,5582.577632446286,19,-0.20300459271074175,-0.2094,0.2631578947368421,5,0.0,-0.213,0.0
40,400,1,0.04,3.0,0.12,2791.288816223143,8373.866448669429,12,-0.035930101895516854,-0.03120000000000002,0.25,5,0.0,-0.213,0.0
80,100,0,0.002,0.75,0.0015,139.56444081115714,104.67333060836786,1314,-1.4849781318243729,-3.3704,0.0,491,-1.461238620379106,-1.2330999999999999,0.0
80,100,0,0.002,1.0,0.002,139.56444081115714,139.56444081115714,1239,-1.2578674753121049,-3.1153999999999997,0.0,452,-1.2309317238827873,-1.1112,0.0
80,100,0,0.002,1.3333333333333333,0.0026666666666666666,139.56444081115714,186.08592108154284,1165,-1.0768419201896857,-2.913666666666667,0.4497854077253219,419,-1.0522020320182417,-1.0267333333333335,0.4606205250596659
80,100,0,0.002,2.0,0.004,139.56444081115714,279.1288816223143,1055,-0.8737898075777828,-2.6390000000000002,0.34976303317535545,365,-0.8139104219638426,-0.863,0.3726027397260274
80,100,0,0.002,3.0,0.006,139.56444081115714,418.69332243347145,971,-0.680913170462237,-2.3546,0.27188465499485065,326,-0.6495416000674108,-0.7636,0.2822085889570552
80,100,0,0.004,0.75,0.003,279.1288816223143,209.34666121673573,945,-0.7406583867622561,-2.4219999999999997,0.5767195767195767,322,-0.6836338261648149,-0.7531999999999999,0.6086956521739131
80,100,0,0.004,1.0,0.004,279.1288816223143,279.1288816223143,847,-0.6531600976411759,-2.214200000000001,0.4982290436835891,278,-0.5579184687478939,-0.6188,0.5467625899280576
80,100,0,0.004,1.3333333333333333,0.005333333333333333,279.1288816223143,372.17184216308567,764,-0.5781559305237347,-2.037066666666667,0.4214659685863874,242,-0.42169063703796017,-0.4772,0.49586776859504134
80,100,0,0.004,2.0,0.008,279.1288816223143,558.2577632446286,670,-0.4458792949092655,-1.698,0.33880597014925373,204,-0.32250241481035025,-0.38639999999999997,0.39215686274509803
80,100,0,0.004,3.0,0.012,279.1288816223143,837.3866448669429,591,-0.369044778912533,-1.5166000000000002,0.2521150592216582,160,-0.29100649925507793,-0.3360000000000001,0.28125
80,100,0,0.008,0.75,0.006,558.2577632446286,418.69332243347145,544,-0.3990451103110814,-1.5104,0.5588235294117647,176,-0.34794497096083027,-0.4235999999999999,0.5852272727272727
80,100,0,0.008,1.0,0.008,558.2577632446286,558.2577632446286,474,-0.35431626522773146,-1.3443999999999996,0.48523206751054854,148,-0.29707312117144863,-0.35279999999999995,0.5135135135135135
80,100,0,0.008,1.3333333333333333,0.010666666666666666,558.2577632446286,744.3436843261713,420,-0.3267295468073749,-1.26,0.40714285714285714,126,-0.23108446696887083,-0.2716,0.4523809523809524
80,100,0,0.008,2.0,0.016,558.2577632446286,1116.5155264892571,337,-0.3468862277365244,-1.2681999999999998,0.28486646884273,93,-0.38777424442919256,-0.38579999999999987,0.26881720430107525
80,100,0,0.008,3.0,0.024,558.2577632446286,1674.7732897338858,277,-0.39123546381822805,-1.3361999999999998,0.18050541516245489,72,-0.34325837487007577,-0.3151999999999999,0.19444444444444445
80,100,0,0.015,0.75,0.01125,1046.7333060836786,785.0499795627588,274,-0.1464822128784026,-0.5173999999999999,0.5985401459854015,76,-0.20981561661839102,-0.20884999999999998,0.5657894736842105
80,100,0,0.015,1.0,0.015,1046.7333060836786,1046.7333060836786,220,-0.18201669116875188,-0.6019999999999999,0.4954545454545455,64,-0.20307791675537928,-0.1963999999999999,0.484375
80,100,0,0.015,1.3333333333333333,0.019999999999999997,1046.7333060836786,1395.6444081115712,185,-0.1979508577355914,-0.6309999999999999,0.40540540540540543,48,-0.3076432511953853,-0.24979999999999997,0.3541666666666667
80,100,0,0.015,2.0,0.03,1046.7333060836786,2093.466612167357,139,-0.005359905522498978,-0.01639999999999981,0.38848920863309355,37,-0.419068726950906,-0.2911999999999999,0.21621621621621623
80,100,0,0.015,3.0,0.045,1046.7333060836786,3140.1999182510353,100,0.056879645899452096,0.15999999999999998,0.32,22,-0.6879446771273682,-0.2672,0.09090909090909091
80,100,0,0.025,0.75,0.018750000000000003,1744.5555101394643,1308.4166326045984,142,-0.10770856675717039,-0.33169999999999966,0.5774647887323944,30,-0.1273603039727919,-0.08424999999999994,0.5666666666666667
80,100,0,0.025,1.0,0.025,1744.5555101394643,1744.5555101394643,109,-0.057922153742905935,-0.15839999999999982,0.5229357798165137,25,0.015790840679034534,0.01000000000000005,0.56
80,100,0,0.025,1.3333333333333333,0.03333333333333333,1744.5555101394643,2326.0740135192855,84,0.029734653801790193,0.07326666666666674,0.4880952380952381,17,-0.2440186523518718,-0.11919999999999997,0.35294117647058826
80,100,0,0.025,2.0,0.05,1744.5555101394643,3489.1110202789287,62,0.07122801482494341,0.16380000000000006,0.4032258064516129,10,-0.3984469851812158,-0.126,0.2
80,100,0,0.025,3.0,0.07500000000000001,1744.5555101394643,5233.666530418393,43,0.1045718041794749,0.21320000000000006,0.32558139534883723,6,0.0,-0.16560000000000002,0.0
80,100,0,0.04,0.75,0.03,2791.288816223143,2093.466612167357,63,0.02140087750531645,0.046200000000000074,0.6190476190476191,11,-0.12085962970638449,-0.04859999999999999,0.5454545454545454
80,100,0,0.04,1.0,0.04,2791.288816223143,2791.288816223143,48,0.10202911582578023,0.19520000000000004,0.5833333333333334,6,-0.38568459155982193,-0.0956,0.3333333333333333
80,100,0,0.04,1.3333333333333333,0.05333333333333333,2791.288816223143,3721.718421630857,35,0.0014132163497241966,0.0023333333333333123,0.45714285714285713,5,-0.5733917170874462,-0.11966666666666667,0.2
80,100,0,0.04,2.0,0.08,2791.288816223143,5582.577632446286,24,0.20302146590376993,0.2976,0.4583333333333333,2,0.0,-0.0852,0.0
80,100,0,0.04,3.0,0.12,2791.288816223143,8373.866448669429,13,0.0862690428624907,0.08619999999999998,0.3076923076923077,2,0.0,-0.0852,0.0
80,100,1,0.002,0.75,0.0015,139.56444081115714,104.67333060836786,1210,-1.473121484129709,-3.0705,0.0,436,-1.4453445639144906,-1.0780999999999998,0.0
80,100,1,0.002,1.0,0.002,139.56444081115714,139.56444081115714,1137,-1.2297421283114827,-2.7901999999999996,0.0,400,-1.2045368781855912,-0.96,0.0
80,100,1,0.002,1.3333333333333333,0.0026666666666666666,139.56444081115714,186.08592108154284,1068,-1.0630730683818186,-2.640133333333334,0.4559925093632959,374,-1.0306585279739173,-0.8990666666666667,0.47058823529411764
80,100,1,0.002,2.0,0.004,139.56444081115714,279.1288816223143,957,-0.8591249892879878,-2.3622,0.3552769070010449,325,-0.8379693427960335,-0.7869999999999999,0.3630769230769231
80,100,1,0.002,3.0,0.006,139.56444081115714,418.69332243347145,876,-0.6442396860245947,-2.0376,0.2842465753424658,285,-0.6538036626135537,-0.6709999999999999,0.2807017543859649
80,100,1,0.004,0.75,0.003,279.1288816223143,209.34666121673573,880,-0.739639542923529,-2.252,0.5772727272727273,294,-0.6773883632226277,-0.6803999999999999,0.6122448979591837
80,100,1,0.004,1.0,0.004,279.1288816223143,279.1288816223143,779,-0.6663528046774069,-2.0774000000000004,0.49165596919127086,250,-0.5706879905944192,-0.5700000000000001,0.54
80,100,1,0.004,1.3333333333333333,0.005333333333333333,279.1288816223143,372.17184216308567,694,-0.5989807217768139,-1.911066666666667,0.41210374639769454,219,-0.39970896027644476,-0.40940000000000004,0.5068493150684932
80,100,1,0.004,2.0,0.008,279.1288816223143,558.2577632446286,615,-0.43157627370743273,-1.5150000000000001,0.34471544715447155,189,-0.3354426275144978,-0.37140000000000006,0.3862433862433862
80,100,1,0.004,3.0,0.012,279.1288816223143,837.3866448669429,537,-0.35048227692342276,-1.3202000000000003,0.25884543761638734,153,-0.29148188223307303,-0.3218000000000001,0.28104575163398693
80,100,1,0.008,0.75,0.006,558.2577632446286,418.69332243347145,514,-0.38500228569445133,-1.3743999999999998,0.566147859922179,159,-0.33649470264595605,-0.3693999999999999,0.5911949685534591
80,100,1,0.008,1.0,0.008,558.2577632446286,558.2577632446286,454,-0.3511671557541808,-1.2763999999999998,0.486784140969163,138,-0.2807653775005179,-0.31079999999999997,0.5217391304347826
80,100,1,0.008,1.3333333333333333,0.010666666666666666,558.2577632446286,744.3436843261713,404,-0.318644497275969,-1.1837333333333335,0.41089108910891087,120,-0.20198529031652704,-0.22666666666666668,0.4666666666666667
80,100,1,0.008,2.0,0.016,558.2577632446286,1116.5155264892571,328,-0.3503078641350649,-1.2448,0.28353658536585363,88,-0.26360885498618664,-0.2607999999999999,0.3181818181818182
80,100,1,0.008,3.0,0.024,558.2577632446286,1674.7732897338858,271,-0.2961507229708522,-1.0485999999999998,0.21033210332103322,68,-0.22454417734892732,-0.20879999999999993,0.23529411764705882
80,100,1,0.015,0.75,0.01125,1046.7333060836786,785.0499795627588,267,-0.13765919927209266,-0.47294999999999987,0.602996254681648,76,-0.15841828579548192,-0.15635000000000002,0.5921052631578947
80,100,1,0.015,1.0,0.015,1046.7333060836786,1046.7333060836786,215,-0.17757201701538347,-0.5739999999999996,0.49767441860465117,63,-0.12485420068452412,-0.11879999999999996,0.5238095238095238
80,100,1,0.015,1.3333333333333333,0.019999999999999997,1046.7333060836786,1395.6444081115712,181,-0.17914242542232348,-0.5605999999999999,0.4143646408839779,48,-0.21655796110777137,-0.17979999999999996,0.3958333333333333
80,100,1,0.015,2.0,0.03,1046.7333060836786,2093.466612167357,133,-0.00027289428272865427,-0.0007999999999998564,0.39097744360902253,38,-0.28672453160164907,-0.21879999999999997,0.2631578947368421
80,100,1,0.015,3.0,0.045,1046.7333060836786,3140.1999182510353,92,0.11378964687487972,0.3008,0.34782608695652173,21,-0.4196580450551871,-0.1896,0.14285714285714285
80,100,1,0.025,0.75,0.018750000000000003,1744.5555101394643,1308.4166326045984,125,-0.12638467945305457,-0.3437499999999997,0.568,30,-0.06192820069093166,-0.04049999999999991,0.6
80,100,1,0.025,1.0,0.025,1744.5555101394643,1744.5555101394643,105,-0.07509918744688295,-0.1979999999999998,0.5142857142857142,26,-0.10198039027185561,-0.06759999999999995,0.5
80,100,1,0.025,1.3333333333333333,0.03333333333333333,1744.5555101394643,2326.0740135192855,84,0.006065729436191003,0.014933333333333423,0.47619047619047616,18,-0.16795994176725706,-0.08846666666666665,0.3888888888888889
80,100,1,0.025,2.0,0.05,1744.5555101394643,3489.1110202789287,61,0.018517999545343625,0.04140000000000005,0.3770491803278688,10,0.06196773353931872,0.02400000000000002,0.4
80,100,1,0.025,3.0,0.07500000000000001,1744.5555101394643,5233.666530418393,45,0.028119099570999125,0.05800000000000009,0.28888888888888886,6,0.0,-0.16560000000000002,0.0
80,100,1,0.04,0.75,0.03,2791.288816223143,2093.466612167357,63,-0.04285907881535292,-0.09379999999999991,0.5873015873015873,11,-0.12085962970638447,-0.048599999999999983,0.5454545454545454
80,100,1,0.04,1.0,0.04,2791.288816223143,2791.288816223143,49,0.03685326668432698,0.07260000000000007,0.5510204081632653,6,-0.3856845915598218,-0.09559999999999999,0.3333333333333333
80,100,1,0.04,1.3333333333333333,0.05333333333333333,2791.288816223143,3721.718421630857,38,-0.07070161192757428,-0.12546666666666673,0.42105263157894735,5,0.0,-0.213,0.0
80,100,1,0.04,2.0,0.08,2791.288816223143,5582.577632446286,24,0.20302146590376993,0.2976,0.4583333333333333,3,0.0,-0.1278,0.0
80,100,1,0.04,3.0,0.12,2791.288816223143,8373.866448669429,13,0.0862690428624907,0.08619999999999998,0.3076923076923077,3,0.0,-0.1278,0.0
80,200,0,0.002,0.75,0.0015,139.56444081115714,104.67333060836786,568,-1.5041845462803998,-1.4823,0.0,243,-1.47803034665844,-0.6207999999999998,0.0
80,200,0,0.002,1.0,0.002,139.56444081115714,139.56444081115714,563,-1.3186174953527745,-1.4858,0.0,240,-1.2808348374762615,-0.616,0.0
80,200,0,0.002,1.3333333333333333,0.0026666666666666666,139.56444081115714,186.08592108154284,555,-1.1586703713443767,-1.4796666666666667,0.4144144144144144,231,-1.064443388214327,-0.5726,0.45454545454545453
80,200,0,0.002,2.0,0.004,139.56444081115714,279.1288816223143,538,-0.8792330156897489,-1.3528,0.3475836431226766,221,-0.8880271612775118,-0.5606,0.3438914027149321
80,200,0,0.002,3.0,0.006,139.56444081115714,418.69332243347145,516,-0.6706394610167378,-1.2376,0.2751937984496124,211,-0.7143351724441356,-0.5306,0.26066350710900477
80,200,0,0.004,0.75,0.003,279.1288816223143,209.34666121673573,478,-0.7578599788922317,-1.2578,0.5669456066945606,189,-0.7485671203613385,-0.4913999999999999,0.5714285714285714
80,200,0,0.004,1.0,0.004,279.1288816223143,279.1288816223143,459,-0.6042224986629025,-1.1094000000000004,0.5228758169934641,181,-0.5675104188906699,-0.41059999999999997,0.5414364640883977
80,200,0,0.004,1.3333333333333333,0.005333333333333333,279.1288816223143,372.17184216308567,442,-0.5062895842652227,-1.0412000000000001,0.45475113122171945,169,-0.4789697654287782,-0.37806666666666666,0.46745562130177515
80,200,0,0.004,2.0,0.008,279.1288816223143,558.2577632446286,403,-0.4549826011573866,-1.0398,0.3349875930521092,154,-0.4634592510321624,-0.4044,0.33116883116883117
80,200,0,0.004,3.0,0.012,279.1288816223143,837.3866448669429,376,-0.4289041768722178,-1.0896000000000001,0.23138297872340424,128,-0.3738088721748947,-0.3328000000000001,0.25
80,200,0,0.008,0.75,0.006,558.2577632446286,418.69332243347145,348,-0.2918069779336656,-0.6928,0.6149425287356322,121,-0.34454983987433657,-0.2885999999999999,0.5867768595041323
80,200,0,0.008,1.0,0.008,558.2577632446286,558.2577632446286,304,-0.30482004278937386,-0.7424,0.5098684210526315,105,-0.3712615966675965,-0.3129999999999999,0.47619047619047616
80,200,0,0.008,1.3333333333333333,0.010666666666666666,558.2577632446286,744.3436843261713,276,-0.26041675524600794,-0.6669333333333334,0.4384057971014493,91,-0.3264983016435782,-0.27393333333333336,0.4065934065934066
80,200,0,0.008,2.0,0.016,558.2577632446286,1116.5155264892571,246,-0.18370255676878186,-0.5195999999999998,0.35365853658536583,74,-0.24896679012990375,-0.20839999999999995,0.32432432432432434
80,200,0,0.008,3.0,0.024,558.2577632446286,1674.7732897338858,195,-0.18389065456156917,-0.4989999999999998,0.2512820512820513,61,-0.15546747354763352,-0.13459999999999994,0.26229508196721313
80,200,0,0.015,0.75,0.01125,1046.7333060836786,785.0499795627588,197,-0.185435711390033,-0.47469999999999996,0.5786802030456852,65,-0.38452671851928977,-0.33025,0.47692307692307695
80,200,0,0.015,1.0,0.015,1046.7333060836786,1046.7333060836786,174,-0.21891073313991116,-0.5723999999999998,0.47701149425287354,56,-0.24318785689325392,-0.20559999999999998,0.4642857142857143
80,200,0,0.015,1.3333333333333333,0.019999999999999997,1046.7333060836786,1395.6444081115712,142,-0.17665344323689577,-0.4341999999999999,0.4154929577464789,45,-0.16143298733206687,-0.12699999999999997,0.4222222222222222
80,200,0,0.015,2.0,0.03,1046.7333060836786,2093.466612167357,116,-0.0064980054099122875,-0.016599999999999823,0.3879310344827586,35,-0.1001963667690003,-0.07599999999999993,0.34285714285714286
80,200,0,0.015,3.0,0.045,1046.7333060836786,3140.1999182510353,88,-0.09950381952975523,-0.22879999999999998,0.25,22,-0.15401182907089034,-0.0872,0.22727272727272727
80,200,0,0.025,0.75,0.018750000000000003,1744.5555101394643,1308.4166326045984,112,-0.11955154297863074,-0.2911999999999997,0.5714285714285714,29,-0.2234122378215766,-0.14414999999999994,0.5172413793103449
80,200,0,0.025,1.0,0.025,1744.5555101394643,1744.5555101394643,93,-0.09274998928554398,-0.21679999999999983,0.5053763440860215,26,-0.02663001143742723,-0.01759999999999995,0.5384615384615384
80,200,0,0.025,1.3333333333333333,0.03333333333333333,1744.5555101394643,2326.0740135192855,77,-0.11603257740289583,-0.2585333333333333,0.4155844155844156,18,0.05220090267766272,0.028200000000000017,0.5
80,200,0,0.025,2.0,0.05,1744.5555101394643,3489.1110202789287,55,-0.2580739557062548,-0.46800000000000014,0.2545454545454545,8,0.24694938752708015,0.07920000000000002,0.5
80,200,0,0.025,3.0,0.07500000000000001,1744.5555101394643,5233.666530418393,41,0.08718252894352448,0.1684000000000001,0.3170731707317073,5,0.2263919904354687,0.06200000000000001,0.4
80,200,0,0.04,0.75,0.03,2791.288816223143,2093.466612167357,54,0.005161163658621958,0.009600000000000053,0.6111111111111112,14,0.06895132858970686,0.033600000000000046,0.6428571428571429
80,200,0,0.04,1.0,0.04,2791.288816223143,2791.288816223143,47,-0.1705176012559625,-0.32219999999999993,0.44680851063829785,8,0.46985370063456994,0.13920000000000002,0.75
80,200,0,0.04,1.3333333333333333,0.05333333333333333,2791.288816223143,3721.718421630857,32,-0.03755548750911505,-0.05653333333333335,0.4375,6,0.07955018097098839,0.02439999999999999,0.5
80,200,0,0.04,2.0,0.08,2791.288816223143,5582.577632446286,24,-0.1364044077916326,-0.1824,0.2916666666666667,2,0.20506096654409875,0.0348,0.5
80,200,0,0.04,3.0,0.12,2791.288816223143,8373.866448669429,16,-0.03633610463437161,-0.041600000000000026,0.25,1,0.0,-0.0426,0.0
80,200,1,0.002,0.75,0.0015,139.56444081115714,104.67333060836786,436,-1.5035509792562183,-1.1376,0.0,178,-1.429049710925015,-0.43379999999999996,0.0
80,200,1,0.002,1.0,0.002,139.56444081115714,139.56444081115714,428,-1.3126117113243199,-1.1248,0.0,175,-1.2255935435295156,-0.42899999999999994,0.0
80,200,1,0.002,1.3333333333333333,0.0026666666666666666,139.56444081115714,186.08592108154284,422,-1.129276546798343,-1.1012000000000002,0.4265402843601896,169,-1.0107150267958913,-0.3994,0.47928994082840237
80,200,1,0.002,2.0,0.004,139.56444081115714,279.1288816223143,408,-0.8977044025144904,-1.0428000000000002,0.34068627450980393,163,-0.8395480729044594,-0.3958,0.3619631901840491
80,200,1,0.002,3.0,0.006,139.56444081115714,418.69332243347145,395,-0.6606636226432736,-0.9369999999999999,0.27848101265822783,158,-0.5708282474822342,-0.3348,0.310126582278481
80,200,1,0.004,0.75,0.003,279.1288816223143,209.34666121673573,377,-0.7611946924436891,-0.9971999999999999,0.5649867374005305,147,-0.7479980840796638,-0.38219999999999993,0.5714285714285714
80,200,1,0.004,1.0,0.004,279.1288816223143,279.1288816223143,358,-0.6379737990747621,-0.9148000000000001,0.505586592178771,141,-0.6127412898996426,-0.3466,0.5177304964539007
80,200,1,0.004,1.3333333333333333,0.005333333333333333,279.1288816223143,372.17184216308567,344,-0.5396357475007013,-0.8610666666666666,0.438953488372093,137,-0.4943654655186453,-0.31620000000000004,0.45985401459854014
80,200,1,0.004,2.0,0.008,279.1288816223143,558.2577632446286,318,-0.4283835227335299,-0.7787999999999999,0.34591194968553457,127,-0.5040088072811794,-0.35819999999999996,0.31496062992125984
80,200,1,0.004,3.0,0.012,279.1288816223143,837.3866448669429,292,-0.4345843852262818,-0.8552000000000001,0.22945205479452055,113,-0.43147353014137874,-0.32980000000000004,0.23008849557522124
80,200,1,0.008,0.75,0.006,558.2577632446286,418.69332243347145,288,-0.305655113915231,-0.6028,0.6076388888888888,106,-0.2581201734344383,-0.18559999999999993,0.6320754716981132
80,200,1,0.008,1.0,0.008,558.2577632446286,558.2577632446286,259,-0.2670170196631781,-0.5533999999999999,0.528957528957529,90,-0.2792685168976455,-0.20199999999999996,0.5222222222222223
80,200,1,0.008,1.3333333333333333,0.010666666666666666,558.2577632446286,744.3436843261713,235,-0.18233389562214197,-0.4003333333333333,0.4765957446808511,80,-0.20998459451207452,-0.15733333333333333,0.4625
80,200,1,0.008,2.0,0.016,558.2577632446286,1116.5155264892571,210,-0.1759804148420934,-0.4259999999999998,0.35714285714285715,64,-0.20454124574794497,-0.15039999999999998,0.34375
80,200,1,0.008,3.0,0.024,558.2577632446286,1674.7732897338858,174,-0.17979813252751822,-0.4363999999999999,0.25287356321839083,53,-0.06335519735333682,-0.049799999999999955,0.3018867924528302
80,200,1,0.015,0.75,0.01125,1046.7333060836786,785.0499795627588,177,-0.15682433437801852,-0.3589499999999999,0.5932203389830508,62,-0.2433431681398594,-0.1987,0.5483870967741935
80,200,1,0.015,1.0,0.015,1046.7333060836786,1046.7333060836786,160,-0.1727908176572663,-0.41599999999999987,0.5,51,-0.1910769667956318,-0.14759999999999995,0.49019607843137253
80,200,1,0.015,1.3333333333333333,0.019999999999999997,1046.7333060836786,1395.6444081115712,135,-0.1322041406897532,-0.31099999999999994,0.43703703703703706,41,-0.1768779300131261,-0.12659999999999996,0.4146341463414634
80,200,1,0.015,2.0,0.03,1046.7333060836786,2093.466612167357,113,0.014477885349038194,0.03620000000000014,0.39823008849557523,30,-0.04987313339562542,-0.032999999999999946,0.36666666666666664
80,200,1,0.015,3.0,0.045,1046.7333060836786,3140.1999182510353,87,-0.06530346643659643,-0.1511999999999999,0.26436781609195403,21,-0.016459023995956393,-0.009599999999999956,0.2857142857142857
80,200,1,0.025,0.75,0.018750000000000003,1744.5555101394643,1308.4166326045984,108,-0.07751469716096965,-0.1807999999999998,0.5925925925925926,29,-0.2234122378215766,-0.14414999999999994,0.5172413793103449
80,200,1,0.025,1.0,0.025,1744.5555101394643,1744.5555101394643,90,-0.1255500327194469,-0.2839999999999999,0.4888888888888889,25,0.015790840679034534,0.01000000000000005,0.56
80,200,1,0.025,1.3333333333333333,0.03333333333333333,1744.5555101394643,2326.0740135192855,72,-0.1137563226349348,-0.2371999999999999,0.4166666666666667,17,0.22687268869416954,0.11413333333333335,0.5882352941176471
80,200,1,0.025,2.0,0.05,1744.5555101394643,3489.1110202789287,53,-0.10025876496914612,-0.18779999999999997,0.32075471698113206,9,0.5973333333333333,0.2016,0.6666666666666666
80,200,1,0.025,3.0,0.07500000000000001,1744.5555101394643,5233.666530418393,40,0.10330107023216713,0.19600000000000012,0.325,5,-0.16994116628998399,-0.03799999999999999,0.2
80,200,1,0.04,0.75,0.03,2791.288816223143,2093.466612167357,53,-0.009716303293015642,-0.017799999999999927,0.6037735849056604,14,0.4160086579185625,0.17360000000000003,0.7857142857142857
80,200,1,0.04,1.0,0.04,2791.288816223143,2791.288816223143,43,0.05102542071116645,0.08820000000000006,0.5581395348837209,7,0.3725498528481026,0.10180000000000002,0.7142857142857143
80,200,1,0.04,1.3333333333333333,0.05333333333333333,2791.288816223143,3721.718421630857,33,-0.06412983665814449,-0.09913333333333338,0.42424242424242425,7,1.0601903467908824,0.2618,0.8571428571428571
80,200,1,0.04,2.0,0.08,2791.288816223143,5582.577632446286,24,-0.1364044077916326,-0.1824,0.2916666666666667,2,0.20506096654409875,0.0348,0.5
80,200,1,0.04,3.0,0.12,2791.288816223143,8373.866448669429,17,-0.07079881156811192,-0.08420000000000004,0.23529411764705882,1,0.0,-0.0426,0.0
80,400,0,0.002,0.75,0.0015,139.56444081115714,104.67333060836786,337,-1.5257479156336333,-0.8956999999999999,0.0,140,-1.518819279966877,-0.371,0.0
80,400,0,0.002,1.0,0.002,139.56444081115714,139.56444081115714,333,-1.3317567693479162,-0.8877999999999999,0.0,137,-1.429932234925809,-0.3902,0.0
80,400,0,0.002,1.3333333333333333,0.0026666666666666666,139.56444081115714,186.08592108154284,331,-1.144607222583942,-0.8739333333333333,0.4199395770392749,136,-1.19865364550536,-0.3736,0.39705882352941174
80,400,0,0.002,2.0,0.004,139.56444081115714,279.1288816223143,329,-0.9496858963574997,-0.8774000000000001,0.3221884498480243,134,-1.0931313459056244,-0.3944,0.27611940298507465
80,400,0,0.002,3.0,0.006,139.56444081115714,418.69332243347145,325,-0.702532138004806,-0.8069999999999999,0.26461538461538464,132,-1.015543524963,-0.41519999999999996,0.18181818181818182
80,400,0,0.004,0.75,0.003,279.1288816223143,209.34666121673573,300,-0.7760929260593438,-0.8109999999999998,0.5566666666666666,122,-0.8031488238582113,-0.3432,0.5409836065573771
80,400,0,0.004,1.0,0.004,279.1288816223143,279.1288816223143,292,-0.7189501912906561,-0.8392000000000001,0.4657534246575342,111,-0.8090722189140989,-0.35660000000000003,0.42342342342342343
80,400,0,0.004,1.3333333333333333,0.005333333333333333,279.1288816223143,372.17184216308567,289,-0.5836870122866923,-0.7780666666666667,0.4186851211072664,106,-0.7476697741570849,-0.35426666666666673,0.3490566037735849
80,400,0,0.004,2.0,0.008,279.1288816223143,558.2577632446286,277,-0.5262500854355239,-0.8082,0.30685920577617326,101,-0.5508589574818377,-0.3066,0.297029702970297
80,400,0,0.004,3.0,0.012,279.1288816223143,837.3866448669429,263,-0.41563784968722667,-0.7438,0.23574144486692014,91,-0.46283273763992155,-0.2806,0.21978021978021978
80,400,0,0.008,0.75,0.006,558.2577632446286,418.69332243347145,227,-0.4141850213634526,-0.6562,0.5506607929515418,76,-0.6188977433908031,-0.3296,0.4473684210526316
80,400,0,0.008,1.0,0.008,558.2577632446286,558.2577632446286,214,-0.44877541887291406,-0.7643999999999999,0.4392523364485981,73,-0.5077404596080883,-0.2938,0.410958904109589
80,400,0,0.008,1.3333333333333333,0.010666666666666666,558.2577632446286,744.3436843261713,201,-0.4130179137609616,-0.7492666666666667,0.3681592039800995,66,-0.5319714990723737,-0.3076,0.3181818181818182
80,400,0,0.008,2.0,0.016,558.2577632446286,1116.5155264892571,189,-0.2914825569612809,-0.6113999999999998,0.30687830687830686,61,-0.4508697586236053,-0.28659999999999997,0.2459016393442623
80,400,0,0.008,3.0,0.024,558.2577632446286,1674.7732897338858,172,-0.2488539890859225,-0.5751999999999997,0.22674418604651161,52,-0.4140605363445071,-0.2632,0.17307692307692307
80,400,0,0.015,0.75,0.01125,1046.7333060836786,785.0499795627588,148,-0.3263605806442645,-0.63605,0.5067567567567568,50,-0.4180615406615187,-0.27625,0.46
80,400,0,0.015,1.0,0.015,1046.7333060836786,1046.7333060836786,137,-0.2684544753173524,-0.5511999999999997,0.45255474452554745,45,-0.1934182721960975,-0.13199999999999998,0.4888888888888889
80,400,0,0.015,1.3333333333333333,0.019999999999999997,1046.7333060836786,1395.6444081115712,119,-0.21979477774337866,-0.4494,0.3949579831932773,36,-0.1723809523809523,-0.10859999999999997,0.4166666666666667
80,400,0,0.015,2.0,0.03,1046.7333060836786,2093.466612167357,101,-0.2048682672052479,-0.4275999999999999,0.297029702970297,29,-0.023897673793353773,-0.015399999999999955,0.3793103448275862
80,400,0,0.015,3.0,0.045,1046.7333060836786,3140.1999182510353,75,-0.1581673269453883,-0.29999999999999993,0.22666666666666666,20,-0.6281267466654666,-0.23199999999999998,0.1
80,400,0,0.025,0.75,0.018750000000000003,1744.5555101394643,1308.4166326045984,100,-0.16171428571428556,-0.3537499999999998,0.55,30,-0.192196854057049,-0.12799999999999995,0.5333333333333333
80,400,0,0.025,1.0,0.025,1744.5555101394643,1744.5555101394643,78,-0.23263158426358058,-0.4528,0.4358974358974359,21,-0.0550846652555894,-0.02959999999999996,0.5238095238095238
80,400,0,0.025,1.3333333333333333,0.03333333333333333,1744.5555101394643,2326.0740135192855,67,-0.17329034081447955,-0.3325333333333333,0.3880597014925373,16,-0.33557198420945517,-0.1499333333333333,0.3125
80,400,0,0.025,2.0,0.05,1744.5555101394643,3489.1110202789287,49,-0.18027896749884323,-0.3024,0.2857142857142857,13,-0.31293430128874794,-0.13379999999999997,0.23076923076923078
80,400,0,0.025,3.0,0.07500000000000001,1744.5555101394643,5233.666530418393,39,0.01327382658446589,0.02360000000000008,0.28205128205128205,10,-0.5565608681896347,-0.176,0.1
80,400,0,0.04,0.75,0.03,2791.288816223143,2093.466612167357,50,-0.1755029402924123,-0.30999999999999994,0.52,15,-0.14569794492875512,-0.07899999999999996,0.5333333333333333
80,400,0,0.04,1.0,0.04,2791.288816223143,2791.288816223143,46,-0.0642895961560892,-0.11959999999999996,0.5,9,-1.2641666666666664,-0.3034,0.1111111111111111
80,400,0,0.04,1.3333333333333333,0.05333333333333333,2791.288816223143,3721.718421630857,27,0.04920293858416304,0.06313333333333332,0.48148148148148145,7,0.0,-0.2982,0.0
80,400,0,0.04,2.0,0.08,2791.288816223143,5582.577632446286,18,0.2818293415841896,0.31320000000000003,0.5,7,0.0,-0.2982,0.0
80,400,0,0.04,3.0,0.12,2791.288816223143,8373.866448669429,11,0.013867012442877124,0.011399999999999993,0.2727272727272727,7,0.0,-0.2982,0.0
80,400,1,0.002,0.75,0.0015,139.56444081115714,104.67333060836786,238,-1.5114164340261274,-0.6257999999999999,0.0,92,-1.469118916051495,-0.23419999999999996,0.0
80,400,1,0.002,1.0,0.002,139.56444081115714,139.56444081115714,234,-1.3321128815965853,-0.6244,0.0,92,-1.2508570020029526,-0.23119999999999996,0.0
80,400,1,0.002,1.3333333333333333,0.0026666666666666666,139.56444081115714,186.08592108154284,234,-1.1162975501532009,-0.6050666666666666,0.43162393162393164,88,-1.0360977258798028,-0.2134666666666667,0.4659090909090909
80,400,1,0.002,2.0,0.004,139.56444081115714,279.1288816223143,232,-0.9712688686568146,-0.6292,0.3146551724137931,87,-1.016090561126075,-0.24419999999999994,0.2988505747126437
80,400,1,0.002,3.0,0.006,139.56444081115714,418.69332243347145,229,-0.6700759514206458,-0.5494,0.27510917030567683,87,-0.7368298337625275,-0.22419999999999995,0.25287356321839083
80,400,1,0.004,0.75,0.003,279.1288816223143,209.34666121673573,207,-0.7864257530573898,-0.5681999999999999,0.5507246376811594,80,-0.8315146898604594,-0.23399999999999999,0.525
80,400,1,0.004,1.0,0.004,279.1288816223143,279.1288816223143,203,-0.7345144783675603,-0.5958000000000001,0.458128078817734,75,-0.8617246917922482,-0.25500000000000006,0.4
80,400,1,0.004,1.3333333333333333,0.005333333333333333,279.1288816223143,372.17184216308567,200,-0.5803245132385219,-0.536,0.42,75,-0.685515486120646,-0.23366666666666663,0.37333333333333335
80,400,1,0.004,2.0,0.008,279.1288816223143,558.2577632446286,191,-0.5483573662304684,-0.5766,0.29842931937172773,73,-0.5755224606081494,-0.2298,0.2876712328767123
80,400,1,0.004,3.0,0.012,279.1288816223143,837.3866448669429,184,-0.45455047216713107,-0.5584,0.22282608695652173,67,-0.4968981471960718,-0.2182,0.208955223880597
80,400,1,0.008,0.75,0.006,558.2577632446286,418.69332243347145,167,-0.3790441166660099,-0.4402,0.5688622754491018,62,-0.4783734860148606,-0.2092,0.5161290322580645
80,400,1,0.008,1.0,0.008,558.2577632446286,558.2577632446286,157,-0.48892950066622304,-0.6081999999999999,0.42038216560509556,58,-0.4633516897576331,-0.2148,0.43103448275862066
80,400,1,0.008,1.3333333333333333,0.010666666666666666,558.2577632446286,744.3436843261713,150,-0.4794007683612415,-0.6379999999999999,0.34,54,-0.49287211943352044,-0.23640000000000003,0.3333333333333333
80,400,1,0.008,2.0,0.016,558.2577632446286,1116.5155264892571,143,-0.3595297611021121,-0.5558,0.27972027972027974,51,-0.3708765905983515,-0.20459999999999998,0.27450980392156865
80,400,1,0.008,3.0,0.024,558.2577632446286,1674.7732897338858,127,-0.3366782331244423,-0.5462000000000002,0.1968503937007874,45,-0.5757143231131278,-0.28500000000000003,0.13333333333333333
80,400,1,0.015,0.75,0.01125,1046.7333060836786,785.0499795627588,120,-0.2901003955773402,-0.45825,0.525,45,-0.4497974953777227,-0.26699999999999996,0.4444444444444444
80,400,1,0.015,1.0,0.015,1046.7333060836786,1046.7333060836786,109,-0.200008555913828,-0.32839999999999986,0.48623853211009177,43,-0.2881798515146148,-0.18679999999999997,0.4418604651162791
80,400,1,0.015,1.3333333333333333,0.019999999999999997,1046.7333060836786,1395.6444081115712,99,-0.13752443504301506,-0.23739999999999994,0.43434343434343436,36,-0.115909105056163,-0.07359999999999997,0.4444444444444444
80,400,1,0.015,2.0,0.03,1046.7333060836786,2093.466612167357,83,-0.11302088775950205,-0.20079999999999992,0.3373493975903614,29,-0.09568142640466484,-0.06039999999999996,0.3448275862068966
80,400,1,0.015,3.0,0.045,1046.7333060836786,3140.1999182510353,69,-0.1445432586570138,-0.2543999999999999,0.2318840579710145,18,-0.5634911021677469,-0.19679999999999997,0.1111111111111111
80,400,1,0.025,0.75,0.018750000000000003,1744.5555101394643,1308.4166326045984,83,-0.12954632000257849,-0.23454999999999976,0.5662650602409639,32,-0.19646094502767825,-0.1394499999999999,0.53125
80,400,1,0.025,1.0,0.025,1744.5555101394643,1744.5555101394643,71,-0.14534972314526826,-0.25959999999999994,0.4788732394366197,22,-0.19121962622739702,-0.10719999999999996,0.45454545454545453
80,400,1,0.025,1.3333333333333333,0.03333333333333333,1744.5555101394643,2326.0740135192855,57,0.03585725630861011,0.06013333333333337,0.49122807017543857,16,-0.19628571428571426,-0.09159999999999999,0.375
80,400,1,0.025,2.0,0.05,1744.5555101394643,3489.1110202789287,42,0.07399802253395413,0.11580000000000008,0.40476190476190477,12,-0.26090781684129144,-0.10619999999999997,0.25
80,400,1,0.025,3.0,0.07500000000000001,1744.5555101394643,5233.666530418393,33,0.11976542729752018,0.1892000000000001,0.3333333333333333,11,-0.23282368583730625,-0.10359999999999998,0.18181818181818182
80,400,1,0.04,0.75,0.03,2791.288816223143,2093.466612167357,51,-0.07985664498875493,-0.14259999999999992,0.5686274509803921,11,-0.2949372856620823,-0.11859999999999998,0.45454545454545453
80,400,1,0.04,1.0,0.04,2791.288816223143,2791.288816223143,40,-0.11369560998263432,-0.18399999999999994,0.475,9,-0.7036438605855113,-0.2234,0.2222222222222222
80,400,1,0.04,1.3333333333333333,0.05333333333333333,2791.288816223143,3721.718421630857,28,-0.0552773041775995,-0.0728,0.42857142857142855,5,0.0,-0.213,0.0
80,400,1,0.04,2.0,0.08,2791.288816223143,5582.577632446286,20,0.0895300228973499,0.10799999999999998,0.4,5,0.0,-0.213,0.0
80,400,1,0.04,3.0,0.12,2791.288816223143,8373.866448669429,13,-0.29931751477377605,-0.2338,0.15384615384615385,5,0.0,-0.213,0.0
